ISO-10303-21;
HEADER;
/* Generated by software containing ST-Developer
 * from STEP Tools, Inc. (www.steptools.com) 
 */

FILE_DESCRIPTION(
/* description */ (''),
/* implementation_level */ '2;1');

FILE_NAME(
/* name */ '',
/* time_stamp */ '2026-02-17T23:30:20+08:00',
/* author */ (''),
/* organization */ (''),
/* preprocessor_version */ 'ST-DEVELOPER v20.1',
/* originating_system */ 'Autodesk Translation Framework v14.24.0.0',
/* authorisation */ '');

FILE_SCHEMA (('AUTOMOTIVE_DESIGN { 1 0 10303 214 3 1 1 }'));
ENDSEC;

DATA;
#10=MECHANICAL_DESIGN_GEOMETRIC_PRESENTATION_REPRESENTATION('',(#17),#3126);
#11=ITEM_DEFINED_TRANSFORMATION($,$,#1870,#2049);
#12=(
REPRESENTATION_RELATIONSHIP($,$,#3137,#3136)
REPRESENTATION_RELATIONSHIP_WITH_TRANSFORMATION(#11)
SHAPE_REPRESENTATION_RELATIONSHIP()
);
#13=CONTEXT_DEPENDENT_SHAPE_REPRESENTATION(#12,#3135);
#14=NEXT_ASSEMBLY_USAGE_OCCURRENCE('\X2\96F690E84EF6\X0\1:1',
'\X2\96F690E84EF6\X0\1:1','\X2\96F690E84EF6\X0\1:1',#3139,#3140,
'\X2\96F690E84EF6\X0\1:1');
#15=SHAPE_REPRESENTATION_RELATIONSHIP('SRR','None',#3137,#16);
#16=ADVANCED_BREP_SHAPE_REPRESENTATION('',(#18),#3125);
#17=STYLED_ITEM('',(#3150),#18);
#18=MANIFOLD_SOLID_BREP('\X2\5B9E4F53\X0\1',#1856);
#19=FACE_BOUND('',#251,.T.);
#20=FACE_BOUND('',#254,.T.);
#21=FACE_BOUND('',#257,.T.);
#22=FACE_BOUND('',#260,.T.);
#23=FACE_BOUND('',#270,.T.);
#24=FACE_BOUND('',#273,.T.);
#25=FACE_BOUND('',#280,.T.);
#26=FACE_BOUND('',#281,.T.);
#27=FACE_BOUND('',#282,.T.);
#28=FACE_BOUND('',#283,.T.);
#29=FACE_BOUND('',#284,.T.);
#30=FACE_BOUND('',#285,.T.);
#31=FACE_BOUND('',#286,.T.);
#32=FACE_BOUND('',#287,.T.);
#33=FACE_BOUND('',#288,.T.);
#34=FACE_BOUND('',#289,.T.);
#35=FACE_BOUND('',#290,.T.);
#36=FACE_BOUND('',#291,.T.);
#37=FACE_BOUND('',#298,.T.);
#38=FACE_BOUND('',#312,.T.);
#39=FACE_BOUND('',#313,.T.);
#40=FACE_BOUND('',#314,.T.);
#41=FACE_BOUND('',#315,.T.);
#42=FACE_BOUND('',#316,.T.);
#43=FACE_BOUND('',#317,.T.);
#44=FACE_BOUND('',#318,.T.);
#45=FACE_BOUND('',#319,.T.);
#46=FACE_BOUND('',#320,.T.);
#47=FACE_BOUND('',#321,.T.);
#48=FACE_BOUND('',#322,.T.);
#49=FACE_BOUND('',#323,.T.);
#50=FACE_BOUND('',#324,.T.);
#51=FACE_BOUND('',#325,.T.);
#52=PLANE('',#1874);
#53=PLANE('',#1878);
#54=PLANE('',#1882);
#55=PLANE('',#1886);
#56=PLANE('',#1887);
#57=PLANE('',#1888);
#58=PLANE('',#1889);
#59=PLANE('',#1890);
#60=PLANE('',#1891);
#61=PLANE('',#1895);
#62=PLANE('',#1899);
#63=PLANE('',#1903);
#64=PLANE('',#1904);
#65=PLANE('',#1905);
#66=PLANE('',#1906);
#67=PLANE('',#1910);
#68=PLANE('',#1911);
#69=PLANE('',#1912);
#70=PLANE('',#1913);
#71=PLANE('',#1914);
#72=PLANE('',#1918);
#73=PLANE('',#1922);
#74=PLANE('',#1926);
#75=PLANE('',#1930);
#76=PLANE('',#1934);
#77=PLANE('',#1938);
#78=PLANE('',#1942);
#79=PLANE('',#1946);
#80=PLANE('',#1947);
#81=PLANE('',#1948);
#82=PLANE('',#1949);
#83=PLANE('',#1950);
#84=PLANE('',#1951);
#85=PLANE('',#1952);
#86=PLANE('',#1956);
#87=PLANE('',#1961);
#88=PLANE('',#1966);
#89=PLANE('',#1971);
#90=PLANE('',#1997);
#91=PLANE('',#2002);
#92=PLANE('',#2008);
#93=PLANE('',#2009);
#94=PLANE('',#2010);
#95=PLANE('',#2012);
#96=PLANE('',#2026);
#97=PLANE('',#2030);
#98=PLANE('',#2031);
#99=PLANE('',#2034);
#100=PLANE('',#2038);
#101=PLANE('',#2041);
#102=PLANE('',#2046);
#103=PLANE('',#2047);
#104=PLANE('',#2048);
#105=FACE_OUTER_BOUND('',#199,.T.);
#106=FACE_OUTER_BOUND('',#200,.T.);
#107=FACE_OUTER_BOUND('',#201,.T.);
#108=FACE_OUTER_BOUND('',#202,.T.);
#109=FACE_OUTER_BOUND('',#203,.T.);
#110=FACE_OUTER_BOUND('',#204,.T.);
#111=FACE_OUTER_BOUND('',#205,.T.);
#112=FACE_OUTER_BOUND('',#206,.T.);
#113=FACE_OUTER_BOUND('',#207,.T.);
#114=FACE_OUTER_BOUND('',#208,.T.);
#115=FACE_OUTER_BOUND('',#209,.T.);
#116=FACE_OUTER_BOUND('',#210,.T.);
#117=FACE_OUTER_BOUND('',#211,.T.);
#118=FACE_OUTER_BOUND('',#212,.T.);
#119=FACE_OUTER_BOUND('',#213,.T.);
#120=FACE_OUTER_BOUND('',#214,.T.);
#121=FACE_OUTER_BOUND('',#215,.T.);
#122=FACE_OUTER_BOUND('',#216,.T.);
#123=FACE_OUTER_BOUND('',#217,.T.);
#124=FACE_OUTER_BOUND('',#218,.T.);
#125=FACE_OUTER_BOUND('',#219,.T.);
#126=FACE_OUTER_BOUND('',#220,.T.);
#127=FACE_OUTER_BOUND('',#221,.T.);
#128=FACE_OUTER_BOUND('',#222,.T.);
#129=FACE_OUTER_BOUND('',#223,.T.);
#130=FACE_OUTER_BOUND('',#224,.T.);
#131=FACE_OUTER_BOUND('',#225,.T.);
#132=FACE_OUTER_BOUND('',#226,.T.);
#133=FACE_OUTER_BOUND('',#227,.T.);
#134=FACE_OUTER_BOUND('',#228,.T.);
#135=FACE_OUTER_BOUND('',#229,.T.);
#136=FACE_OUTER_BOUND('',#230,.T.);
#137=FACE_OUTER_BOUND('',#231,.T.);
#138=FACE_OUTER_BOUND('',#232,.T.);
#139=FACE_OUTER_BOUND('',#233,.T.);
#140=FACE_OUTER_BOUND('',#234,.T.);
#141=FACE_OUTER_BOUND('',#235,.T.);
#142=FACE_OUTER_BOUND('',#236,.T.);
#143=FACE_OUTER_BOUND('',#237,.T.);
#144=FACE_OUTER_BOUND('',#238,.T.);
#145=FACE_OUTER_BOUND('',#239,.T.);
#146=FACE_OUTER_BOUND('',#240,.T.);
#147=FACE_OUTER_BOUND('',#241,.T.);
#148=FACE_OUTER_BOUND('',#242,.T.);
#149=FACE_OUTER_BOUND('',#243,.T.);
#150=FACE_OUTER_BOUND('',#244,.T.);
#151=FACE_OUTER_BOUND('',#245,.T.);
#152=FACE_OUTER_BOUND('',#246,.T.);
#153=FACE_OUTER_BOUND('',#247,.T.);
#154=FACE_OUTER_BOUND('',#248,.T.);
#155=FACE_OUTER_BOUND('',#249,.T.);
#156=FACE_OUTER_BOUND('',#250,.T.);
#157=FACE_OUTER_BOUND('',#252,.T.);
#158=FACE_OUTER_BOUND('',#253,.T.);
#159=FACE_OUTER_BOUND('',#255,.T.);
#160=FACE_OUTER_BOUND('',#256,.T.);
#161=FACE_OUTER_BOUND('',#258,.T.);
#162=FACE_OUTER_BOUND('',#259,.T.);
#163=FACE_OUTER_BOUND('',#261,.T.);
#164=FACE_OUTER_BOUND('',#262,.T.);
#165=FACE_OUTER_BOUND('',#263,.T.);
#166=FACE_OUTER_BOUND('',#264,.T.);
#167=FACE_OUTER_BOUND('',#265,.T.);
#168=FACE_OUTER_BOUND('',#266,.T.);
#169=FACE_OUTER_BOUND('',#267,.T.);
#170=FACE_OUTER_BOUND('',#268,.T.);
#171=FACE_OUTER_BOUND('',#269,.T.);
#172=FACE_OUTER_BOUND('',#271,.T.);
#173=FACE_OUTER_BOUND('',#272,.T.);
#174=FACE_OUTER_BOUND('',#274,.T.);
#175=FACE_OUTER_BOUND('',#275,.T.);
#176=FACE_OUTER_BOUND('',#276,.T.);
#177=FACE_OUTER_BOUND('',#277,.T.);
#178=FACE_OUTER_BOUND('',#278,.T.);
#179=FACE_OUTER_BOUND('',#279,.T.);
#180=FACE_OUTER_BOUND('',#292,.T.);
#181=FACE_OUTER_BOUND('',#293,.T.);
#182=FACE_OUTER_BOUND('',#294,.T.);
#183=FACE_OUTER_BOUND('',#295,.T.);
#184=FACE_OUTER_BOUND('',#296,.T.);
#185=FACE_OUTER_BOUND('',#297,.T.);
#186=FACE_OUTER_BOUND('',#299,.T.);
#187=FACE_OUTER_BOUND('',#300,.T.);
#188=FACE_OUTER_BOUND('',#301,.T.);
#189=FACE_OUTER_BOUND('',#302,.T.);
#190=FACE_OUTER_BOUND('',#303,.T.);
#191=FACE_OUTER_BOUND('',#304,.T.);
#192=FACE_OUTER_BOUND('',#305,.T.);
#193=FACE_OUTER_BOUND('',#306,.T.);
#194=FACE_OUTER_BOUND('',#307,.T.);
#195=FACE_OUTER_BOUND('',#308,.T.);
#196=FACE_OUTER_BOUND('',#309,.T.);
#197=FACE_OUTER_BOUND('',#310,.T.);
#198=FACE_OUTER_BOUND('',#311,.T.);
#199=EDGE_LOOP('',(#1199,#1200,#1201,#1202));
#200=EDGE_LOOP('',(#1203,#1204,#1205,#1206));
#201=EDGE_LOOP('',(#1207,#1208,#1209,#1210));
#202=EDGE_LOOP('',(#1211,#1212,#1213,#1214));
#203=EDGE_LOOP('',(#1215,#1216,#1217,#1218));
#204=EDGE_LOOP('',(#1219,#1220,#1221,#1222));
#205=EDGE_LOOP('',(#1223,#1224,#1225,#1226));
#206=EDGE_LOOP('',(#1227,#1228,#1229,#1230));
#207=EDGE_LOOP('',(#1231,#1232,#1233,#1234));
#208=EDGE_LOOP('',(#1235,#1236,#1237,#1238));
#209=EDGE_LOOP('',(#1239,#1240,#1241,#1242));
#210=EDGE_LOOP('',(#1243,#1244,#1245,#1246,#1247,#1248,#1249,#1250,#1251,
#1252,#1253,#1254));
#211=EDGE_LOOP('',(#1255,#1256,#1257,#1258));
#212=EDGE_LOOP('',(#1259,#1260,#1261,#1262));
#213=EDGE_LOOP('',(#1263,#1264,#1265,#1266));
#214=EDGE_LOOP('',(#1267,#1268,#1269,#1270));
#215=EDGE_LOOP('',(#1271,#1272,#1273,#1274));
#216=EDGE_LOOP('',(#1275,#1276,#1277,#1278));
#217=EDGE_LOOP('',(#1279,#1280,#1281,#1282));
#218=EDGE_LOOP('',(#1283,#1284,#1285,#1286));
#219=EDGE_LOOP('',(#1287,#1288,#1289,#1290));
#220=EDGE_LOOP('',(#1291,#1292,#1293,#1294));
#221=EDGE_LOOP('',(#1295,#1296,#1297,#1298));
#222=EDGE_LOOP('',(#1299,#1300,#1301,#1302,#1303,#1304,#1305,#1306,#1307,
#1308,#1309,#1310));
#223=EDGE_LOOP('',(#1311,#1312,#1313,#1314));
#224=EDGE_LOOP('',(#1315,#1316,#1317,#1318));
#225=EDGE_LOOP('',(#1319,#1320,#1321,#1322));
#226=EDGE_LOOP('',(#1323,#1324,#1325,#1326));
#227=EDGE_LOOP('',(#1327,#1328,#1329,#1330));
#228=EDGE_LOOP('',(#1331,#1332,#1333,#1334));
#229=EDGE_LOOP('',(#1335,#1336,#1337,#1338));
#230=EDGE_LOOP('',(#1339,#1340,#1341,#1342));
#231=EDGE_LOOP('',(#1343,#1344,#1345,#1346));
#232=EDGE_LOOP('',(#1347,#1348,#1349,#1350));
#233=EDGE_LOOP('',(#1351,#1352,#1353,#1354));
#234=EDGE_LOOP('',(#1355,#1356,#1357,#1358,#1359,#1360,#1361,#1362,#1363,
#1364,#1365,#1366));
#235=EDGE_LOOP('',(#1367,#1368,#1369,#1370));
#236=EDGE_LOOP('',(#1371,#1372,#1373,#1374));
#237=EDGE_LOOP('',(#1375,#1376,#1377,#1378));
#238=EDGE_LOOP('',(#1379,#1380,#1381,#1382));
#239=EDGE_LOOP('',(#1383,#1384,#1385,#1386));
#240=EDGE_LOOP('',(#1387,#1388,#1389,#1390));
#241=EDGE_LOOP('',(#1391,#1392,#1393,#1394));
#242=EDGE_LOOP('',(#1395,#1396,#1397,#1398));
#243=EDGE_LOOP('',(#1399,#1400,#1401,#1402));
#244=EDGE_LOOP('',(#1403,#1404,#1405,#1406));
#245=EDGE_LOOP('',(#1407,#1408,#1409,#1410));
#246=EDGE_LOOP('',(#1411,#1412,#1413,#1414,#1415,#1416,#1417,#1418,#1419,
#1420,#1421,#1422));
#247=EDGE_LOOP('',(#1423,#1424,#1425,#1426,#1427,#1428,#1429,#1430,#1431,
#1432,#1433,#1434));
#248=EDGE_LOOP('',(#1435,#1436,#1437,#1438,#1439,#1440,#1441,#1442,#1443,
#1444,#1445,#1446));
#249=EDGE_LOOP('',(#1447,#1448,#1449,#1450));
#250=EDGE_LOOP('',(#1451));
#251=EDGE_LOOP('',(#1452));
#252=EDGE_LOOP('',(#1453,#1454,#1455,#1456));
#253=EDGE_LOOP('',(#1457));
#254=EDGE_LOOP('',(#1458));
#255=EDGE_LOOP('',(#1459,#1460,#1461,#1462));
#256=EDGE_LOOP('',(#1463));
#257=EDGE_LOOP('',(#1464));
#258=EDGE_LOOP('',(#1465,#1466,#1467,#1468));
#259=EDGE_LOOP('',(#1469));
#260=EDGE_LOOP('',(#1470));
#261=EDGE_LOOP('',(#1471,#1472,#1473,#1474));
#262=EDGE_LOOP('',(#1475,#1476,#1477,#1478));
#263=EDGE_LOOP('',(#1479,#1480,#1481,#1482));
#264=EDGE_LOOP('',(#1483,#1484,#1485,#1486));
#265=EDGE_LOOP('',(#1487,#1488,#1489,#1490));
#266=EDGE_LOOP('',(#1491,#1492,#1493,#1494));
#267=EDGE_LOOP('',(#1495,#1496,#1497,#1498));
#268=EDGE_LOOP('',(#1499,#1500,#1501,#1502));
#269=EDGE_LOOP('',(#1503));
#270=EDGE_LOOP('',(#1504));
#271=EDGE_LOOP('',(#1505,#1506,#1507,#1508));
#272=EDGE_LOOP('',(#1509));
#273=EDGE_LOOP('',(#1510));
#274=EDGE_LOOP('',(#1511,#1512,#1513,#1514));
#275=EDGE_LOOP('',(#1515,#1516,#1517,#1518));
#276=EDGE_LOOP('',(#1519,#1520,#1521,#1522));
#277=EDGE_LOOP('',(#1523,#1524,#1525,#1526));
#278=EDGE_LOOP('',(#1527,#1528,#1529,#1530));
#279=EDGE_LOOP('',(#1531,#1532,#1533,#1534));
#280=EDGE_LOOP('',(#1535));
#281=EDGE_LOOP('',(#1536));
#282=EDGE_LOOP('',(#1537));
#283=EDGE_LOOP('',(#1538));
#284=EDGE_LOOP('',(#1539));
#285=EDGE_LOOP('',(#1540));
#286=EDGE_LOOP('',(#1541));
#287=EDGE_LOOP('',(#1542));
#288=EDGE_LOOP('',(#1543));
#289=EDGE_LOOP('',(#1544));
#290=EDGE_LOOP('',(#1545));
#291=EDGE_LOOP('',(#1546,#1547,#1548,#1549,#1550,#1551,#1552,#1553,#1554,
#1555,#1556,#1557,#1558));
#292=EDGE_LOOP('',(#1559,#1560,#1561,#1562,#1563,#1564,#1565,#1566));
#293=EDGE_LOOP('',(#1567,#1568,#1569,#1570));
#294=EDGE_LOOP('',(#1571,#1572,#1573,#1574));
#295=EDGE_LOOP('',(#1575,#1576,#1577,#1578));
#296=EDGE_LOOP('',(#1579,#1580,#1581,#1582,#1583,#1584));
#297=EDGE_LOOP('',(#1585,#1586,#1587,#1588,#1589,#1590,#1591,#1592));
#298=EDGE_LOOP('',(#1593));
#299=EDGE_LOOP('',(#1594,#1595,#1596,#1597));
#300=EDGE_LOOP('',(#1598,#1599,#1600,#1601));
#301=EDGE_LOOP('',(#1602,#1603,#1604,#1605));
#302=EDGE_LOOP('',(#1606,#1607,#1608,#1609));
#303=EDGE_LOOP('',(#1610,#1611,#1612,#1613));
#304=EDGE_LOOP('',(#1614,#1615,#1616,#1617,#1618,#1619,#1620,#1621,#1622,
#1623));
#305=EDGE_LOOP('',(#1624,#1625,#1626,#1627));
#306=EDGE_LOOP('',(#1628,#1629,#1630,#1631));
#307=EDGE_LOOP('',(#1632,#1633,#1634,#1635));
#308=EDGE_LOOP('',(#1636,#1637,#1638,#1639));
#309=EDGE_LOOP('',(#1640,#1641,#1642,#1643));
#310=EDGE_LOOP('',(#1644,#1645,#1646,#1647));
#311=EDGE_LOOP('',(#1648,#1649,#1650,#1651,#1652,#1653,#1654,#1655,#1656,
#1657,#1658,#1659,#1660,#1661,#1662,#1663,#1664,#1665,#1666,#1667,#1668,
#1669,#1670,#1671,#1672,#1673,#1674,#1675,#1676,#1677,#1678,#1679,#1680,
#1681,#1682,#1683,#1684,#1685,#1686,#1687,#1688,#1689,#1690,#1691,#1692,
#1693,#1694,#1695,#1696,#1697,#1698,#1699));
#312=EDGE_LOOP('',(#1700));
#313=EDGE_LOOP('',(#1701));
#314=EDGE_LOOP('',(#1702));
#315=EDGE_LOOP('',(#1703));
#316=EDGE_LOOP('',(#1704));
#317=EDGE_LOOP('',(#1705));
#318=EDGE_LOOP('',(#1706));
#319=EDGE_LOOP('',(#1707));
#320=EDGE_LOOP('',(#1708));
#321=EDGE_LOOP('',(#1709));
#322=EDGE_LOOP('',(#1710));
#323=EDGE_LOOP('',(#1711));
#324=EDGE_LOOP('',(#1712));
#325=EDGE_LOOP('',(#1713,#1714,#1715,#1716,#1717,#1718,#1719,#1720));
#326=LINE('',#2596,#503);
#327=LINE('',#2599,#504);
#328=LINE('',#2602,#505);
#329=LINE('',#2604,#506);
#330=LINE('',#2605,#507);
#331=LINE('',#2610,#508);
#332=LINE('',#2614,#509);
#333=LINE('',#2616,#510);
#334=LINE('',#2617,#511);
#335=LINE('',#2622,#512);
#336=LINE('',#2626,#513);
#337=LINE('',#2628,#514);
#338=LINE('',#2629,#515);
#339=LINE('',#2634,#516);
#340=LINE('',#2638,#517);
#341=LINE('',#2640,#518);
#342=LINE('',#2641,#519);
#343=LINE('',#2644,#520);
#344=LINE('',#2646,#521);
#345=LINE('',#2647,#522);
#346=LINE('',#2651,#523);
#347=LINE('',#2653,#524);
#348=LINE('',#2655,#525);
#349=LINE('',#2656,#526);
#350=LINE('',#2658,#527);
#351=LINE('',#2659,#528);
#352=LINE('',#2661,#529);
#353=LINE('',#2665,#530);
#354=LINE('',#2667,#531);
#355=LINE('',#2669,#532);
#356=LINE('',#2670,#533);
#357=LINE('',#2675,#534);
#358=LINE('',#2679,#535);
#359=LINE('',#2681,#536);
#360=LINE('',#2682,#537);
#361=LINE('',#2687,#538);
#362=LINE('',#2691,#539);
#363=LINE('',#2693,#540);
#364=LINE('',#2694,#541);
#365=LINE('',#2699,#542);
#366=LINE('',#2703,#543);
#367=LINE('',#2705,#544);
#368=LINE('',#2706,#545);
#369=LINE('',#2709,#546);
#370=LINE('',#2711,#547);
#371=LINE('',#2712,#548);
#372=LINE('',#2716,#549);
#373=LINE('',#2718,#550);
#374=LINE('',#2720,#551);
#375=LINE('',#2721,#552);
#376=LINE('',#2724,#553);
#377=LINE('',#2726,#554);
#378=LINE('',#2727,#555);
#379=LINE('',#2732,#556);
#380=LINE('',#2736,#557);
#381=LINE('',#2738,#558);
#382=LINE('',#2740,#559);
#383=LINE('',#2741,#560);
#384=LINE('',#2744,#561);
#385=LINE('',#2746,#562);
#386=LINE('',#2747,#563);
#387=LINE('',#2751,#564);
#388=LINE('',#2753,#565);
#389=LINE('',#2755,#566);
#390=LINE('',#2756,#567);
#391=LINE('',#2759,#568);
#392=LINE('',#2761,#569);
#393=LINE('',#2762,#570);
#394=LINE('',#2767,#571);
#395=LINE('',#2771,#572);
#396=LINE('',#2773,#573);
#397=LINE('',#2774,#574);
#398=LINE('',#2779,#575);
#399=LINE('',#2783,#576);
#400=LINE('',#2785,#577);
#401=LINE('',#2786,#578);
#402=LINE('',#2791,#579);
#403=LINE('',#2795,#580);
#404=LINE('',#2797,#581);
#405=LINE('',#2798,#582);
#406=LINE('',#2803,#583);
#407=LINE('',#2809,#584);
#408=LINE('',#2812,#585);
#409=LINE('',#2815,#586);
#410=LINE('',#2817,#587);
#411=LINE('',#2818,#588);
#412=LINE('',#2823,#589);
#413=LINE('',#2827,#590);
#414=LINE('',#2829,#591);
#415=LINE('',#2830,#592);
#416=LINE('',#2835,#593);
#417=LINE('',#2839,#594);
#418=LINE('',#2841,#595);
#419=LINE('',#2842,#596);
#420=LINE('',#2847,#597);
#421=LINE('',#2851,#598);
#422=LINE('',#2853,#599);
#423=LINE('',#2854,#600);
#424=LINE('',#2857,#601);
#425=LINE('',#2859,#602);
#426=LINE('',#2860,#603);
#427=LINE('',#2864,#604);
#428=LINE('',#2866,#605);
#429=LINE('',#2868,#606);
#430=LINE('',#2869,#607);
#431=LINE('',#2871,#608);
#432=LINE('',#2872,#609);
#433=LINE('',#2874,#610);
#434=LINE('',#2877,#611);
#435=LINE('',#2879,#612);
#436=LINE('',#2881,#613);
#437=LINE('',#2883,#614);
#438=LINE('',#2884,#615);
#439=LINE('',#2885,#616);
#440=LINE('',#2887,#617);
#441=LINE('',#2889,#618);
#442=LINE('',#2891,#619);
#443=LINE('',#2893,#620);
#444=LINE('',#2895,#621);
#445=LINE('',#2896,#622);
#446=LINE('',#2901,#623);
#447=LINE('',#2910,#624);
#448=LINE('',#2919,#625);
#449=LINE('',#2928,#626);
#450=LINE('',#2937,#627);
#451=LINE('',#2943,#628);
#452=LINE('',#2949,#629);
#453=LINE('',#2955,#630);
#454=LINE('',#2961,#631);
#455=LINE('',#2967,#632);
#456=LINE('',#2973,#633);
#457=LINE('',#2979,#634);
#458=LINE('',#2988,#635);
#459=LINE('',#2995,#636);
#460=LINE('',#2999,#637);
#461=LINE('',#3004,#638);
#462=LINE('',#3006,#639);
#463=LINE('',#3008,#640);
#464=LINE('',#3009,#641);
#465=LINE('',#3013,#642);
#466=LINE('',#3015,#643);
#467=LINE('',#3017,#644);
#468=LINE('',#3018,#645);
#469=LINE('',#3020,#646);
#470=LINE('',#3023,#647);
#471=LINE('',#3024,#648);
#472=LINE('',#3035,#649);
#473=LINE('',#3039,#650);
#474=LINE('',#3043,#651);
#475=LINE('',#3047,#652);
#476=LINE('',#3050,#653);
#477=LINE('',#3052,#654);
#478=LINE('',#3058,#655);
#479=LINE('',#3061,#656);
#480=LINE('',#3064,#657);
#481=LINE('',#3066,#658);
#482=LINE('',#3067,#659);
#483=LINE('',#3073,#660);
#484=LINE('',#3076,#661);
#485=LINE('',#3077,#662);
#486=LINE('',#3079,#663);
#487=LINE('',#3080,#664);
#488=LINE('',#3083,#665);
#489=LINE('',#3087,#666);
#490=LINE('',#3090,#667);
#491=LINE('',#3091,#668);
#492=LINE('',#3095,#669);
#493=LINE('',#3099,#670);
#494=LINE('',#3100,#671);
#495=LINE('',#3103,#672);
#496=LINE('',#3106,#673);
#497=LINE('',#3107,#674);
#498=LINE('',#3110,#675);
#499=LINE('',#3112,#676);
#500=LINE('',#3114,#677);
#501=LINE('',#3116,#678);
#502=LINE('',#3118,#679);
#503=VECTOR('',#2058,10.);
#504=VECTOR('',#2061,10.);
#505=VECTOR('',#2064,10.);
#506=VECTOR('',#2065,10.);
#507=VECTOR('',#2066,10.);
#508=VECTOR('',#2071,10.);
#509=VECTOR('',#2076,10.);
#510=VECTOR('',#2077,10.);
#511=VECTOR('',#2078,10.);
#512=VECTOR('',#2083,10.);
#513=VECTOR('',#2088,10.);
#514=VECTOR('',#2089,10.);
#515=VECTOR('',#2090,10.);
#516=VECTOR('',#2095,10.);
#517=VECTOR('',#2100,10.);
#518=VECTOR('',#2101,10.);
#519=VECTOR('',#2102,10.);
#520=VECTOR('',#2105,10.);
#521=VECTOR('',#2106,10.);
#522=VECTOR('',#2107,10.);
#523=VECTOR('',#2110,10.);
#524=VECTOR('',#2111,10.);
#525=VECTOR('',#2112,10.);
#526=VECTOR('',#2113,10.);
#527=VECTOR('',#2116,10.);
#528=VECTOR('',#2117,10.);
#529=VECTOR('',#2120,10.);
#530=VECTOR('',#2123,10.);
#531=VECTOR('',#2124,10.);
#532=VECTOR('',#2125,10.);
#533=VECTOR('',#2126,10.);
#534=VECTOR('',#2131,10.);
#535=VECTOR('',#2136,10.);
#536=VECTOR('',#2137,10.);
#537=VECTOR('',#2138,10.);
#538=VECTOR('',#2143,10.);
#539=VECTOR('',#2148,10.);
#540=VECTOR('',#2149,10.);
#541=VECTOR('',#2150,10.);
#542=VECTOR('',#2155,10.);
#543=VECTOR('',#2160,10.);
#544=VECTOR('',#2161,10.);
#545=VECTOR('',#2162,10.);
#546=VECTOR('',#2165,10.);
#547=VECTOR('',#2166,10.);
#548=VECTOR('',#2167,10.);
#549=VECTOR('',#2170,10.);
#550=VECTOR('',#2171,10.);
#551=VECTOR('',#2172,10.);
#552=VECTOR('',#2173,10.);
#553=VECTOR('',#2176,10.);
#554=VECTOR('',#2177,10.);
#555=VECTOR('',#2178,10.);
#556=VECTOR('',#2187,10.);
#557=VECTOR('',#2190,10.);
#558=VECTOR('',#2191,10.);
#559=VECTOR('',#2192,10.);
#560=VECTOR('',#2193,10.);
#561=VECTOR('',#2196,10.);
#562=VECTOR('',#2197,10.);
#563=VECTOR('',#2198,10.);
#564=VECTOR('',#2201,10.);
#565=VECTOR('',#2202,10.);
#566=VECTOR('',#2203,10.);
#567=VECTOR('',#2204,10.);
#568=VECTOR('',#2207,10.);
#569=VECTOR('',#2208,10.);
#570=VECTOR('',#2209,10.);
#571=VECTOR('',#2214,10.);
#572=VECTOR('',#2219,10.);
#573=VECTOR('',#2220,10.);
#574=VECTOR('',#2221,10.);
#575=VECTOR('',#2226,10.);
#576=VECTOR('',#2231,10.);
#577=VECTOR('',#2232,10.);
#578=VECTOR('',#2233,10.);
#579=VECTOR('',#2238,10.);
#580=VECTOR('',#2243,10.);
#581=VECTOR('',#2244,10.);
#582=VECTOR('',#2245,10.);
#583=VECTOR('',#2254,10.);
#584=VECTOR('',#2259,10.);
#585=VECTOR('',#2262,10.);
#586=VECTOR('',#2265,10.);
#587=VECTOR('',#2266,10.);
#588=VECTOR('',#2267,10.);
#589=VECTOR('',#2272,10.);
#590=VECTOR('',#2277,10.);
#591=VECTOR('',#2278,10.);
#592=VECTOR('',#2279,10.);
#593=VECTOR('',#2284,10.);
#594=VECTOR('',#2289,10.);
#595=VECTOR('',#2290,10.);
#596=VECTOR('',#2291,10.);
#597=VECTOR('',#2296,10.);
#598=VECTOR('',#2301,10.);
#599=VECTOR('',#2302,10.);
#600=VECTOR('',#2303,10.);
#601=VECTOR('',#2306,10.);
#602=VECTOR('',#2307,10.);
#603=VECTOR('',#2308,10.);
#604=VECTOR('',#2311,10.);
#605=VECTOR('',#2312,10.);
#606=VECTOR('',#2313,10.);
#607=VECTOR('',#2314,10.);
#608=VECTOR('',#2317,10.);
#609=VECTOR('',#2318,10.);
#610=VECTOR('',#2321,10.);
#611=VECTOR('',#2324,10.);
#612=VECTOR('',#2325,10.);
#613=VECTOR('',#2326,10.);
#614=VECTOR('',#2327,10.);
#615=VECTOR('',#2328,10.);
#616=VECTOR('',#2329,10.);
#617=VECTOR('',#2332,10.);
#618=VECTOR('',#2333,10.);
#619=VECTOR('',#2334,10.);
#620=VECTOR('',#2335,10.);
#621=VECTOR('',#2336,10.);
#622=VECTOR('',#2337,10.);
#623=VECTOR('',#2342,9.05);
#624=VECTOR('',#2353,4.3);
#625=VECTOR('',#2364,4.3);
#626=VECTOR('',#2375,4.3);
#627=VECTOR('',#2386,1.25);
#628=VECTOR('',#2393,1.25);
#629=VECTOR('',#2400,1.25);
#630=VECTOR('',#2407,1.25);
#631=VECTOR('',#2414,0.800000000000001);
#632=VECTOR('',#2421,0.800000000000001);
#633=VECTOR('',#2428,0.800000000000001);
#634=VECTOR('',#2435,3.);
#635=VECTOR('',#2446,3.);
#636=VECTOR('',#2455,1.55);
#637=VECTOR('',#2460,1.55);
#638=VECTOR('',#2465,10.);
#639=VECTOR('',#2466,10.);
#640=VECTOR('',#2467,10.);
#641=VECTOR('',#2468,10.);
#642=VECTOR('',#2471,10.);
#643=VECTOR('',#2472,10.);
#644=VECTOR('',#2473,10.);
#645=VECTOR('',#2474,10.);
#646=VECTOR('',#2477,10.);
#647=VECTOR('',#2482,10.);
#648=VECTOR('',#2483,10.);
#649=VECTOR('',#2494,10.);
#650=VECTOR('',#2497,10.);
#651=VECTOR('',#2500,10.);
#652=VECTOR('',#2503,10.);
#653=VECTOR('',#2506,10.);
#654=VECTOR('',#2509,8.5);
#655=VECTOR('',#2514,10.);
#656=VECTOR('',#2517,10.);
#657=VECTOR('',#2520,10.);
#658=VECTOR('',#2521,10.);
#659=VECTOR('',#2522,10.);
#660=VECTOR('',#2529,10.);
#661=VECTOR('',#2532,10.);
#662=VECTOR('',#2533,10.);
#663=VECTOR('',#2534,10.);
#664=VECTOR('',#2535,10.);
#665=VECTOR('',#2538,10.);
#666=VECTOR('',#2541,10.);
#667=VECTOR('',#2546,10.);
#668=VECTOR('',#2547,10.);
#669=VECTOR('',#2552,10.);
#670=VECTOR('',#2557,10.);
#671=VECTOR('',#2558,10.);
#672=VECTOR('',#2561,10.);
#673=VECTOR('',#2566,10.);
#674=VECTOR('',#2567,10.);
#675=VECTOR('',#2572,4.75);
#676=VECTOR('',#2575,4.75);
#677=VECTOR('',#2578,4.75);
#678=VECTOR('',#2581,10.);
#679=VECTOR('',#2584,10.);
#680=CIRCLE('',#1872,0.999999999999992);
#681=CIRCLE('',#1873,0.999999999999992);
#682=CIRCLE('',#1876,0.999999999999996);
#683=CIRCLE('',#1877,0.999999999999996);
#684=CIRCLE('',#1880,0.999999999999996);
#685=CIRCLE('',#1881,0.999999999999996);
#686=CIRCLE('',#1884,0.999999999999996);
#687=CIRCLE('',#1885,0.999999999999996);
#688=CIRCLE('',#1893,0.999999999999996);
#689=CIRCLE('',#1894,0.999999999999996);
#690=CIRCLE('',#1897,0.999999999999996);
#691=CIRCLE('',#1898,0.999999999999996);
#692=CIRCLE('',#1901,0.999999999999996);
#693=CIRCLE('',#1902,0.999999999999996);
#694=CIRCLE('',#1908,0.999999999999996);
#695=CIRCLE('',#1909,0.999999999999996);
#696=CIRCLE('',#1916,0.999999999999994);
#697=CIRCLE('',#1917,0.999999999999994);
#698=CIRCLE('',#1920,0.999999999999988);
#699=CIRCLE('',#1921,0.999999999999988);
#700=CIRCLE('',#1924,0.999999999999992);
#701=CIRCLE('',#1925,0.999999999999992);
#702=CIRCLE('',#1928,0.999999999999996);
#703=CIRCLE('',#1929,0.999999999999996);
#704=CIRCLE('',#1932,0.999999999999996);
#705=CIRCLE('',#1933,0.999999999999996);
#706=CIRCLE('',#1936,0.999999999999996);
#707=CIRCLE('',#1937,0.999999999999996);
#708=CIRCLE('',#1940,0.999999999999996);
#709=CIRCLE('',#1941,0.999999999999996);
#710=CIRCLE('',#1944,0.999999999999996);
#711=CIRCLE('',#1945,0.999999999999996);
#712=CIRCLE('',#1954,9.05);
#713=CIRCLE('',#1955,9.05);
#714=CIRCLE('',#1957,8.5);
#715=CIRCLE('',#1959,4.3);
#716=CIRCLE('',#1960,4.3);
#717=CIRCLE('',#1962,4.75);
#718=CIRCLE('',#1964,4.3);
#719=CIRCLE('',#1965,4.3);
#720=CIRCLE('',#1967,4.75);
#721=CIRCLE('',#1969,4.3);
#722=CIRCLE('',#1970,4.3);
#723=CIRCLE('',#1972,4.75);
#724=CIRCLE('',#1974,1.25);
#725=CIRCLE('',#1975,1.25);
#726=CIRCLE('',#1977,1.25);
#727=CIRCLE('',#1978,1.25);
#728=CIRCLE('',#1980,1.25);
#729=CIRCLE('',#1981,1.25);
#730=CIRCLE('',#1983,1.25);
#731=CIRCLE('',#1984,1.25);
#732=CIRCLE('',#1986,0.800000000000001);
#733=CIRCLE('',#1987,0.800000000000001);
#734=CIRCLE('',#1989,0.800000000000001);
#735=CIRCLE('',#1990,0.800000000000001);
#736=CIRCLE('',#1992,0.800000000000001);
#737=CIRCLE('',#1993,0.800000000000001);
#738=CIRCLE('',#1995,3.);
#739=CIRCLE('',#1996,3.);
#740=CIRCLE('',#1998,1.55);
#741=CIRCLE('',#2000,3.);
#742=CIRCLE('',#2001,3.);
#743=CIRCLE('',#2003,1.55);
#744=CIRCLE('',#2005,1.55);
#745=CIRCLE('',#2007,1.55);
#746=CIRCLE('',#2011,8.5);
#747=CIRCLE('',#2013,4.75);
#748=CIRCLE('',#2014,4.75);
#749=CIRCLE('',#2015,4.75);
#750=CIRCLE('',#2016,8.5);
#751=CIRCLE('',#2017,8.5);
#752=CIRCLE('',#2018,1.00000000000001);
#753=CIRCLE('',#2019,0.999999999999996);
#754=CIRCLE('',#2020,0.999999999999996);
#755=CIRCLE('',#2021,0.999999999999988);
#756=CIRCLE('',#2024,1.00000000000001);
#757=CIRCLE('',#2025,1.00000000000001);
#758=CIRCLE('',#2028,0.999999999999996);
#759=CIRCLE('',#2029,0.999999999999996);
#760=CIRCLE('',#2032,0.999999999999988);
#761=CIRCLE('',#2033,0.999999999999996);
#762=CIRCLE('',#2037,0.999999999999996);
#763=CIRCLE('',#2040,1.00000000000001);
#764=VERTEX_POINT('',#2592);
#765=VERTEX_POINT('',#2593);
#766=VERTEX_POINT('',#2595);
#767=VERTEX_POINT('',#2597);
#768=VERTEX_POINT('',#2601);
#769=VERTEX_POINT('',#2603);
#770=VERTEX_POINT('',#2607);
#771=VERTEX_POINT('',#2609);
#772=VERTEX_POINT('',#2613);
#773=VERTEX_POINT('',#2615);
#774=VERTEX_POINT('',#2619);
#775=VERTEX_POINT('',#2621);
#776=VERTEX_POINT('',#2625);
#777=VERTEX_POINT('',#2627);
#778=VERTEX_POINT('',#2631);
#779=VERTEX_POINT('',#2633);
#780=VERTEX_POINT('',#2637);
#781=VERTEX_POINT('',#2639);
#782=VERTEX_POINT('',#2643);
#783=VERTEX_POINT('',#2645);
#784=VERTEX_POINT('',#2649);
#785=VERTEX_POINT('',#2650);
#786=VERTEX_POINT('',#2652);
#787=VERTEX_POINT('',#2654);
#788=VERTEX_POINT('',#2663);
#789=VERTEX_POINT('',#2664);
#790=VERTEX_POINT('',#2666);
#791=VERTEX_POINT('',#2668);
#792=VERTEX_POINT('',#2672);
#793=VERTEX_POINT('',#2674);
#794=VERTEX_POINT('',#2678);
#795=VERTEX_POINT('',#2680);
#796=VERTEX_POINT('',#2684);
#797=VERTEX_POINT('',#2686);
#798=VERTEX_POINT('',#2690);
#799=VERTEX_POINT('',#2692);
#800=VERTEX_POINT('',#2696);
#801=VERTEX_POINT('',#2698);
#802=VERTEX_POINT('',#2702);
#803=VERTEX_POINT('',#2704);
#804=VERTEX_POINT('',#2708);
#805=VERTEX_POINT('',#2710);
#806=VERTEX_POINT('',#2714);
#807=VERTEX_POINT('',#2715);
#808=VERTEX_POINT('',#2717);
#809=VERTEX_POINT('',#2719);
#810=VERTEX_POINT('',#2723);
#811=VERTEX_POINT('',#2725);
#812=VERTEX_POINT('',#2734);
#813=VERTEX_POINT('',#2735);
#814=VERTEX_POINT('',#2737);
#815=VERTEX_POINT('',#2739);
#816=VERTEX_POINT('',#2743);
#817=VERTEX_POINT('',#2745);
#818=VERTEX_POINT('',#2749);
#819=VERTEX_POINT('',#2750);
#820=VERTEX_POINT('',#2752);
#821=VERTEX_POINT('',#2754);
#822=VERTEX_POINT('',#2758);
#823=VERTEX_POINT('',#2760);
#824=VERTEX_POINT('',#2764);
#825=VERTEX_POINT('',#2766);
#826=VERTEX_POINT('',#2770);
#827=VERTEX_POINT('',#2772);
#828=VERTEX_POINT('',#2776);
#829=VERTEX_POINT('',#2778);
#830=VERTEX_POINT('',#2782);
#831=VERTEX_POINT('',#2784);
#832=VERTEX_POINT('',#2788);
#833=VERTEX_POINT('',#2790);
#834=VERTEX_POINT('',#2794);
#835=VERTEX_POINT('',#2796);
#836=VERTEX_POINT('',#2805);
#837=VERTEX_POINT('',#2806);
#838=VERTEX_POINT('',#2808);
#839=VERTEX_POINT('',#2810);
#840=VERTEX_POINT('',#2814);
#841=VERTEX_POINT('',#2816);
#842=VERTEX_POINT('',#2820);
#843=VERTEX_POINT('',#2822);
#844=VERTEX_POINT('',#2826);
#845=VERTEX_POINT('',#2828);
#846=VERTEX_POINT('',#2832);
#847=VERTEX_POINT('',#2834);
#848=VERTEX_POINT('',#2838);
#849=VERTEX_POINT('',#2840);
#850=VERTEX_POINT('',#2844);
#851=VERTEX_POINT('',#2846);
#852=VERTEX_POINT('',#2850);
#853=VERTEX_POINT('',#2852);
#854=VERTEX_POINT('',#2856);
#855=VERTEX_POINT('',#2858);
#856=VERTEX_POINT('',#2862);
#857=VERTEX_POINT('',#2863);
#858=VERTEX_POINT('',#2865);
#859=VERTEX_POINT('',#2867);
#860=VERTEX_POINT('',#2876);
#861=VERTEX_POINT('',#2878);
#862=VERTEX_POINT('',#2880);
#863=VERTEX_POINT('',#2882);
#864=VERTEX_POINT('',#2888);
#865=VERTEX_POINT('',#2890);
#866=VERTEX_POINT('',#2892);
#867=VERTEX_POINT('',#2894);
#868=VERTEX_POINT('',#2898);
#869=VERTEX_POINT('',#2900);
#870=VERTEX_POINT('',#2904);
#871=VERTEX_POINT('',#2907);
#872=VERTEX_POINT('',#2909);
#873=VERTEX_POINT('',#2913);
#874=VERTEX_POINT('',#2916);
#875=VERTEX_POINT('',#2918);
#876=VERTEX_POINT('',#2922);
#877=VERTEX_POINT('',#2925);
#878=VERTEX_POINT('',#2927);
#879=VERTEX_POINT('',#2931);
#880=VERTEX_POINT('',#2934);
#881=VERTEX_POINT('',#2936);
#882=VERTEX_POINT('',#2940);
#883=VERTEX_POINT('',#2942);
#884=VERTEX_POINT('',#2946);
#885=VERTEX_POINT('',#2948);
#886=VERTEX_POINT('',#2952);
#887=VERTEX_POINT('',#2954);
#888=VERTEX_POINT('',#2958);
#889=VERTEX_POINT('',#2960);
#890=VERTEX_POINT('',#2964);
#891=VERTEX_POINT('',#2966);
#892=VERTEX_POINT('',#2970);
#893=VERTEX_POINT('',#2972);
#894=VERTEX_POINT('',#2976);
#895=VERTEX_POINT('',#2978);
#896=VERTEX_POINT('',#2982);
#897=VERTEX_POINT('',#2985);
#898=VERTEX_POINT('',#2987);
#899=VERTEX_POINT('',#2991);
#900=VERTEX_POINT('',#2994);
#901=VERTEX_POINT('',#2998);
#902=VERTEX_POINT('',#3002);
#903=VERTEX_POINT('',#3003);
#904=VERTEX_POINT('',#3005);
#905=VERTEX_POINT('',#3007);
#906=VERTEX_POINT('',#3011);
#907=VERTEX_POINT('',#3012);
#908=VERTEX_POINT('',#3014);
#909=VERTEX_POINT('',#3016);
#910=VERTEX_POINT('',#3025);
#911=VERTEX_POINT('',#3027);
#912=VERTEX_POINT('',#3029);
#913=VERTEX_POINT('',#3031);
#914=VERTEX_POINT('',#3034);
#915=VERTEX_POINT('',#3036);
#916=VERTEX_POINT('',#3038);
#917=VERTEX_POINT('',#3040);
#918=VERTEX_POINT('',#3042);
#919=VERTEX_POINT('',#3044);
#920=VERTEX_POINT('',#3046);
#921=VERTEX_POINT('',#3048);
#922=VERTEX_POINT('',#3054);
#923=VERTEX_POINT('',#3055);
#924=VERTEX_POINT('',#3057);
#925=VERTEX_POINT('',#3059);
#926=VERTEX_POINT('',#3063);
#927=VERTEX_POINT('',#3065);
#928=VERTEX_POINT('',#3069);
#929=VERTEX_POINT('',#3071);
#930=VERTEX_POINT('',#3075);
#931=VERTEX_POINT('',#3078);
#932=VERTEX_POINT('',#3082);
#933=VERTEX_POINT('',#3084);
#934=VERTEX_POINT('',#3086);
#935=VERTEX_POINT('',#3094);
#936=VERTEX_POINT('',#3098);
#937=VERTEX_POINT('',#3102);
#938=EDGE_CURVE('',#764,#765,#680,.T.);
#939=EDGE_CURVE('',#764,#766,#326,.T.);
#940=EDGE_CURVE('',#766,#767,#681,.T.);
#941=EDGE_CURVE('',#765,#767,#327,.T.);
#942=EDGE_CURVE('',#768,#764,#328,.T.);
#943=EDGE_CURVE('',#768,#769,#329,.T.);
#944=EDGE_CURVE('',#769,#766,#330,.T.);
#945=EDGE_CURVE('',#770,#768,#682,.T.);
#946=EDGE_CURVE('',#770,#771,#331,.T.);
#947=EDGE_CURVE('',#771,#769,#683,.T.);
#948=EDGE_CURVE('',#772,#770,#332,.T.);
#949=EDGE_CURVE('',#772,#773,#333,.T.);
#950=EDGE_CURVE('',#773,#771,#334,.T.);
#951=EDGE_CURVE('',#774,#772,#684,.T.);
#952=EDGE_CURVE('',#774,#775,#335,.T.);
#953=EDGE_CURVE('',#775,#773,#685,.T.);
#954=EDGE_CURVE('',#776,#774,#336,.T.);
#955=EDGE_CURVE('',#776,#777,#337,.T.);
#956=EDGE_CURVE('',#777,#775,#338,.T.);
#957=EDGE_CURVE('',#778,#776,#686,.T.);
#958=EDGE_CURVE('',#778,#779,#339,.T.);
#959=EDGE_CURVE('',#779,#777,#687,.T.);
#960=EDGE_CURVE('',#780,#778,#340,.T.);
#961=EDGE_CURVE('',#780,#781,#341,.T.);
#962=EDGE_CURVE('',#781,#779,#342,.T.);
#963=EDGE_CURVE('',#782,#780,#343,.T.);
#964=EDGE_CURVE('',#783,#782,#344,.T.);
#965=EDGE_CURVE('',#783,#781,#345,.T.);
#966=EDGE_CURVE('',#784,#785,#346,.T.);
#967=EDGE_CURVE('',#784,#786,#347,.T.);
#968=EDGE_CURVE('',#786,#787,#348,.T.);
#969=EDGE_CURVE('',#785,#787,#349,.T.);
#970=EDGE_CURVE('',#765,#784,#350,.T.);
#971=EDGE_CURVE('',#767,#786,#351,.T.);
#972=EDGE_CURVE('',#787,#783,#352,.T.);
#973=EDGE_CURVE('',#788,#789,#353,.T.);
#974=EDGE_CURVE('',#788,#790,#354,.T.);
#975=EDGE_CURVE('',#790,#791,#355,.T.);
#976=EDGE_CURVE('',#789,#791,#356,.T.);
#977=EDGE_CURVE('',#792,#788,#688,.T.);
#978=EDGE_CURVE('',#792,#793,#357,.T.);
#979=EDGE_CURVE('',#793,#790,#689,.T.);
#980=EDGE_CURVE('',#794,#792,#358,.T.);
#981=EDGE_CURVE('',#794,#795,#359,.T.);
#982=EDGE_CURVE('',#795,#793,#360,.T.);
#983=EDGE_CURVE('',#796,#794,#690,.T.);
#984=EDGE_CURVE('',#796,#797,#361,.T.);
#985=EDGE_CURVE('',#797,#795,#691,.T.);
#986=EDGE_CURVE('',#798,#796,#362,.T.);
#987=EDGE_CURVE('',#798,#799,#363,.T.);
#988=EDGE_CURVE('',#799,#797,#364,.T.);
#989=EDGE_CURVE('',#800,#798,#692,.T.);
#990=EDGE_CURVE('',#800,#801,#365,.T.);
#991=EDGE_CURVE('',#801,#799,#693,.T.);
#992=EDGE_CURVE('',#802,#800,#366,.T.);
#993=EDGE_CURVE('',#802,#803,#367,.T.);
#994=EDGE_CURVE('',#803,#801,#368,.T.);
#995=EDGE_CURVE('',#804,#802,#369,.T.);
#996=EDGE_CURVE('',#805,#804,#370,.T.);
#997=EDGE_CURVE('',#805,#803,#371,.T.);
#998=EDGE_CURVE('',#806,#807,#372,.T.);
#999=EDGE_CURVE('',#806,#808,#373,.T.);
#1000=EDGE_CURVE('',#808,#809,#374,.T.);
#1001=EDGE_CURVE('',#807,#809,#375,.T.);
#1002=EDGE_CURVE('',#810,#806,#376,.T.);
#1003=EDGE_CURVE('',#810,#811,#377,.T.);
#1004=EDGE_CURVE('',#811,#808,#378,.T.);
#1005=EDGE_CURVE('',#789,#810,#694,.T.);
#1006=EDGE_CURVE('',#791,#811,#695,.T.);
#1007=EDGE_CURVE('',#809,#805,#379,.T.);
#1008=EDGE_CURVE('',#812,#813,#380,.T.);
#1009=EDGE_CURVE('',#812,#814,#381,.T.);
#1010=EDGE_CURVE('',#814,#815,#382,.T.);
#1011=EDGE_CURVE('',#813,#815,#383,.T.);
#1012=EDGE_CURVE('',#816,#812,#384,.T.);
#1013=EDGE_CURVE('',#817,#816,#385,.T.);
#1014=EDGE_CURVE('',#817,#814,#386,.T.);
#1015=EDGE_CURVE('',#818,#819,#387,.T.);
#1016=EDGE_CURVE('',#818,#820,#388,.T.);
#1017=EDGE_CURVE('',#820,#821,#389,.T.);
#1018=EDGE_CURVE('',#819,#821,#390,.T.);
#1019=EDGE_CURVE('',#822,#818,#391,.T.);
#1020=EDGE_CURVE('',#822,#823,#392,.T.);
#1021=EDGE_CURVE('',#823,#820,#393,.T.);
#1022=EDGE_CURVE('',#824,#822,#696,.T.);
#1023=EDGE_CURVE('',#824,#825,#394,.T.);
#1024=EDGE_CURVE('',#825,#823,#697,.T.);
#1025=EDGE_CURVE('',#826,#824,#395,.T.);
#1026=EDGE_CURVE('',#826,#827,#396,.T.);
#1027=EDGE_CURVE('',#827,#825,#397,.T.);
#1028=EDGE_CURVE('',#828,#826,#698,.T.);
#1029=EDGE_CURVE('',#828,#829,#398,.T.);
#1030=EDGE_CURVE('',#829,#827,#699,.T.);
#1031=EDGE_CURVE('',#830,#828,#399,.T.);
#1032=EDGE_CURVE('',#830,#831,#400,.T.);
#1033=EDGE_CURVE('',#831,#829,#401,.T.);
#1034=EDGE_CURVE('',#832,#830,#700,.T.);
#1035=EDGE_CURVE('',#832,#833,#402,.T.);
#1036=EDGE_CURVE('',#833,#831,#701,.T.);
#1037=EDGE_CURVE('',#834,#832,#403,.T.);
#1038=EDGE_CURVE('',#834,#835,#404,.T.);
#1039=EDGE_CURVE('',#835,#833,#405,.T.);
#1040=EDGE_CURVE('',#813,#834,#702,.T.);
#1041=EDGE_CURVE('',#815,#835,#703,.T.);
#1042=EDGE_CURVE('',#821,#817,#406,.T.);
#1043=EDGE_CURVE('',#836,#837,#704,.T.);
#1044=EDGE_CURVE('',#836,#838,#407,.T.);
#1045=EDGE_CURVE('',#838,#839,#705,.T.);
#1046=EDGE_CURVE('',#837,#839,#408,.T.);
#1047=EDGE_CURVE('',#840,#836,#409,.T.);
#1048=EDGE_CURVE('',#840,#841,#410,.T.);
#1049=EDGE_CURVE('',#841,#838,#411,.T.);
#1050=EDGE_CURVE('',#842,#840,#706,.T.);
#1051=EDGE_CURVE('',#842,#843,#412,.T.);
#1052=EDGE_CURVE('',#843,#841,#707,.T.);
#1053=EDGE_CURVE('',#844,#842,#413,.T.);
#1054=EDGE_CURVE('',#844,#845,#414,.T.);
#1055=EDGE_CURVE('',#845,#843,#415,.T.);
#1056=EDGE_CURVE('',#846,#844,#708,.T.);
#1057=EDGE_CURVE('',#846,#847,#416,.T.);
#1058=EDGE_CURVE('',#847,#845,#709,.T.);
#1059=EDGE_CURVE('',#848,#846,#417,.T.);
#1060=EDGE_CURVE('',#848,#849,#418,.T.);
#1061=EDGE_CURVE('',#849,#847,#419,.T.);
#1062=EDGE_CURVE('',#850,#848,#710,.T.);
#1063=EDGE_CURVE('',#850,#851,#420,.T.);
#1064=EDGE_CURVE('',#851,#849,#711,.T.);
#1065=EDGE_CURVE('',#852,#850,#421,.T.);
#1066=EDGE_CURVE('',#852,#853,#422,.T.);
#1067=EDGE_CURVE('',#853,#851,#423,.T.);
#1068=EDGE_CURVE('',#854,#852,#424,.T.);
#1069=EDGE_CURVE('',#855,#854,#425,.T.);
#1070=EDGE_CURVE('',#855,#853,#426,.T.);
#1071=EDGE_CURVE('',#856,#857,#427,.T.);
#1072=EDGE_CURVE('',#856,#858,#428,.T.);
#1073=EDGE_CURVE('',#858,#859,#429,.T.);
#1074=EDGE_CURVE('',#857,#859,#430,.T.);
#1075=EDGE_CURVE('',#837,#856,#431,.T.);
#1076=EDGE_CURVE('',#839,#858,#432,.T.);
#1077=EDGE_CURVE('',#859,#855,#433,.T.);
#1078=EDGE_CURVE('',#860,#782,#434,.T.);
#1079=EDGE_CURVE('',#860,#861,#435,.T.);
#1080=EDGE_CURVE('',#862,#861,#436,.T.);
#1081=EDGE_CURVE('',#863,#862,#437,.T.);
#1082=EDGE_CURVE('',#819,#863,#438,.T.);
#1083=EDGE_CURVE('',#785,#816,#439,.T.);
#1084=EDGE_CURVE('',#857,#804,#440,.T.);
#1085=EDGE_CURVE('',#864,#854,#441,.T.);
#1086=EDGE_CURVE('',#864,#865,#442,.T.);
#1087=EDGE_CURVE('',#866,#865,#443,.T.);
#1088=EDGE_CURVE('',#867,#866,#444,.T.);
#1089=EDGE_CURVE('',#807,#867,#445,.T.);
#1090=EDGE_CURVE('',#868,#868,#712,.T.);
#1091=EDGE_CURVE('',#868,#869,#446,.T.);
#1092=EDGE_CURVE('',#869,#869,#713,.T.);
#1093=EDGE_CURVE('',#870,#870,#714,.T.);
#1094=EDGE_CURVE('',#871,#871,#715,.T.);
#1095=EDGE_CURVE('',#871,#872,#447,.T.);
#1096=EDGE_CURVE('',#872,#872,#716,.T.);
#1097=EDGE_CURVE('',#873,#873,#717,.T.);
#1098=EDGE_CURVE('',#874,#874,#718,.T.);
#1099=EDGE_CURVE('',#874,#875,#448,.T.);
#1100=EDGE_CURVE('',#875,#875,#719,.T.);
#1101=EDGE_CURVE('',#876,#876,#720,.T.);
#1102=EDGE_CURVE('',#877,#877,#721,.T.);
#1103=EDGE_CURVE('',#877,#878,#449,.T.);
#1104=EDGE_CURVE('',#878,#878,#722,.T.);
#1105=EDGE_CURVE('',#879,#879,#723,.T.);
#1106=EDGE_CURVE('',#880,#880,#724,.T.);
#1107=EDGE_CURVE('',#880,#881,#450,.T.);
#1108=EDGE_CURVE('',#881,#881,#725,.T.);
#1109=EDGE_CURVE('',#882,#882,#726,.T.);
#1110=EDGE_CURVE('',#882,#883,#451,.T.);
#1111=EDGE_CURVE('',#883,#883,#727,.T.);
#1112=EDGE_CURVE('',#884,#884,#728,.T.);
#1113=EDGE_CURVE('',#884,#885,#452,.T.);
#1114=EDGE_CURVE('',#885,#885,#729,.T.);
#1115=EDGE_CURVE('',#886,#886,#730,.T.);
#1116=EDGE_CURVE('',#886,#887,#453,.T.);
#1117=EDGE_CURVE('',#887,#887,#731,.T.);
#1118=EDGE_CURVE('',#888,#888,#732,.T.);
#1119=EDGE_CURVE('',#888,#889,#454,.T.);
#1120=EDGE_CURVE('',#889,#889,#733,.T.);
#1121=EDGE_CURVE('',#890,#890,#734,.T.);
#1122=EDGE_CURVE('',#890,#891,#455,.T.);
#1123=EDGE_CURVE('',#891,#891,#735,.T.);
#1124=EDGE_CURVE('',#892,#892,#736,.T.);
#1125=EDGE_CURVE('',#892,#893,#456,.T.);
#1126=EDGE_CURVE('',#893,#893,#737,.T.);
#1127=EDGE_CURVE('',#894,#894,#738,.T.);
#1128=EDGE_CURVE('',#894,#895,#457,.T.);
#1129=EDGE_CURVE('',#895,#895,#739,.T.);
#1130=EDGE_CURVE('',#896,#896,#740,.T.);
#1131=EDGE_CURVE('',#897,#897,#741,.T.);
#1132=EDGE_CURVE('',#897,#898,#458,.T.);
#1133=EDGE_CURVE('',#898,#898,#742,.T.);
#1134=EDGE_CURVE('',#899,#899,#743,.T.);
#1135=EDGE_CURVE('',#896,#900,#459,.T.);
#1136=EDGE_CURVE('',#900,#900,#744,.T.);
#1137=EDGE_CURVE('',#899,#901,#460,.T.);
#1138=EDGE_CURVE('',#901,#901,#745,.T.);
#1139=EDGE_CURVE('',#902,#903,#461,.T.);
#1140=EDGE_CURVE('',#904,#902,#462,.T.);
#1141=EDGE_CURVE('',#904,#905,#463,.T.);
#1142=EDGE_CURVE('',#903,#905,#464,.T.);
#1143=EDGE_CURVE('',#906,#907,#465,.T.);
#1144=EDGE_CURVE('',#908,#906,#466,.T.);
#1145=EDGE_CURVE('',#908,#909,#467,.T.);
#1146=EDGE_CURVE('',#907,#909,#468,.T.);
#1147=EDGE_CURVE('',#905,#908,#469,.T.);
#1148=EDGE_CURVE('',#909,#904,#746,.T.);
#1149=EDGE_CURVE('',#865,#862,#470,.T.);
#1150=EDGE_CURVE('',#861,#866,#471,.T.);
#1151=EDGE_CURVE('',#910,#910,#747,.T.);
#1152=EDGE_CURVE('',#911,#911,#748,.T.);
#1153=EDGE_CURVE('',#912,#912,#749,.T.);
#1154=EDGE_CURVE('',#907,#913,#750,.T.);
#1155=EDGE_CURVE('',#913,#902,#751,.T.);
#1156=EDGE_CURVE('',#903,#914,#472,.T.);
#1157=EDGE_CURVE('',#914,#915,#752,.T.);
#1158=EDGE_CURVE('',#915,#916,#473,.T.);
#1159=EDGE_CURVE('',#916,#917,#753,.T.);
#1160=EDGE_CURVE('',#917,#918,#474,.T.);
#1161=EDGE_CURVE('',#918,#919,#754,.T.);
#1162=EDGE_CURVE('',#919,#920,#475,.T.);
#1163=EDGE_CURVE('',#920,#921,#755,.T.);
#1164=EDGE_CURVE('',#921,#906,#476,.T.);
#1165=EDGE_CURVE('',#913,#870,#477,.T.);
#1166=EDGE_CURVE('',#922,#923,#756,.T.);
#1167=EDGE_CURVE('',#924,#922,#478,.T.);
#1168=EDGE_CURVE('',#925,#924,#757,.T.);
#1169=EDGE_CURVE('',#925,#923,#479,.T.);
#1170=EDGE_CURVE('',#923,#926,#480,.T.);
#1171=EDGE_CURVE('',#927,#925,#481,.T.);
#1172=EDGE_CURVE('',#927,#926,#482,.T.);
#1173=EDGE_CURVE('',#926,#928,#758,.T.);
#1174=EDGE_CURVE('',#929,#927,#759,.T.);
#1175=EDGE_CURVE('',#929,#928,#483,.T.);
#1176=EDGE_CURVE('',#929,#930,#484,.T.);
#1177=EDGE_CURVE('',#918,#930,#485,.T.);
#1178=EDGE_CURVE('',#917,#931,#486,.T.);
#1179=EDGE_CURVE('',#928,#931,#487,.T.);
#1180=EDGE_CURVE('',#932,#924,#488,.T.);
#1181=EDGE_CURVE('',#933,#932,#760,.T.);
#1182=EDGE_CURVE('',#934,#933,#489,.T.);
#1183=EDGE_CURVE('',#930,#934,#761,.T.);
#1184=EDGE_CURVE('',#919,#934,#490,.T.);
#1185=EDGE_CURVE('',#920,#933,#491,.T.);
#1186=EDGE_CURVE('',#916,#935,#492,.T.);
#1187=EDGE_CURVE('',#931,#935,#762,.T.);
#1188=EDGE_CURVE('',#915,#936,#493,.T.);
#1189=EDGE_CURVE('',#935,#936,#494,.T.);
#1190=EDGE_CURVE('',#914,#937,#495,.T.);
#1191=EDGE_CURVE('',#936,#937,#763,.T.);
#1192=EDGE_CURVE('',#921,#932,#496,.T.);
#1193=EDGE_CURVE('',#937,#922,#497,.T.);
#1194=EDGE_CURVE('',#910,#879,#498,.T.);
#1195=EDGE_CURVE('',#911,#873,#499,.T.);
#1196=EDGE_CURVE('',#912,#876,#500,.T.);
#1197=EDGE_CURVE('',#867,#860,#501,.T.);
#1198=EDGE_CURVE('',#863,#864,#502,.T.);
#1199=ORIENTED_EDGE('',*,*,#938,.F.);
#1200=ORIENTED_EDGE('',*,*,#939,.T.);
#1201=ORIENTED_EDGE('',*,*,#940,.T.);
#1202=ORIENTED_EDGE('',*,*,#941,.F.);
#1203=ORIENTED_EDGE('',*,*,#942,.F.);
#1204=ORIENTED_EDGE('',*,*,#943,.T.);
#1205=ORIENTED_EDGE('',*,*,#944,.T.);
#1206=ORIENTED_EDGE('',*,*,#939,.F.);
#1207=ORIENTED_EDGE('',*,*,#945,.F.);
#1208=ORIENTED_EDGE('',*,*,#946,.T.);
#1209=ORIENTED_EDGE('',*,*,#947,.T.);
#1210=ORIENTED_EDGE('',*,*,#943,.F.);
#1211=ORIENTED_EDGE('',*,*,#948,.F.);
#1212=ORIENTED_EDGE('',*,*,#949,.T.);
#1213=ORIENTED_EDGE('',*,*,#950,.T.);
#1214=ORIENTED_EDGE('',*,*,#946,.F.);
#1215=ORIENTED_EDGE('',*,*,#951,.F.);
#1216=ORIENTED_EDGE('',*,*,#952,.T.);
#1217=ORIENTED_EDGE('',*,*,#953,.T.);
#1218=ORIENTED_EDGE('',*,*,#949,.F.);
#1219=ORIENTED_EDGE('',*,*,#954,.F.);
#1220=ORIENTED_EDGE('',*,*,#955,.T.);
#1221=ORIENTED_EDGE('',*,*,#956,.T.);
#1222=ORIENTED_EDGE('',*,*,#952,.F.);
#1223=ORIENTED_EDGE('',*,*,#957,.F.);
#1224=ORIENTED_EDGE('',*,*,#958,.T.);
#1225=ORIENTED_EDGE('',*,*,#959,.T.);
#1226=ORIENTED_EDGE('',*,*,#955,.F.);
#1227=ORIENTED_EDGE('',*,*,#960,.F.);
#1228=ORIENTED_EDGE('',*,*,#961,.T.);
#1229=ORIENTED_EDGE('',*,*,#962,.T.);
#1230=ORIENTED_EDGE('',*,*,#958,.F.);
#1231=ORIENTED_EDGE('',*,*,#963,.F.);
#1232=ORIENTED_EDGE('',*,*,#964,.F.);
#1233=ORIENTED_EDGE('',*,*,#965,.T.);
#1234=ORIENTED_EDGE('',*,*,#961,.F.);
#1235=ORIENTED_EDGE('',*,*,#966,.F.);
#1236=ORIENTED_EDGE('',*,*,#967,.T.);
#1237=ORIENTED_EDGE('',*,*,#968,.T.);
#1238=ORIENTED_EDGE('',*,*,#969,.F.);
#1239=ORIENTED_EDGE('',*,*,#970,.F.);
#1240=ORIENTED_EDGE('',*,*,#941,.T.);
#1241=ORIENTED_EDGE('',*,*,#971,.T.);
#1242=ORIENTED_EDGE('',*,*,#967,.F.);
#1243=ORIENTED_EDGE('',*,*,#971,.F.);
#1244=ORIENTED_EDGE('',*,*,#940,.F.);
#1245=ORIENTED_EDGE('',*,*,#944,.F.);
#1246=ORIENTED_EDGE('',*,*,#947,.F.);
#1247=ORIENTED_EDGE('',*,*,#950,.F.);
#1248=ORIENTED_EDGE('',*,*,#953,.F.);
#1249=ORIENTED_EDGE('',*,*,#956,.F.);
#1250=ORIENTED_EDGE('',*,*,#959,.F.);
#1251=ORIENTED_EDGE('',*,*,#962,.F.);
#1252=ORIENTED_EDGE('',*,*,#965,.F.);
#1253=ORIENTED_EDGE('',*,*,#972,.F.);
#1254=ORIENTED_EDGE('',*,*,#968,.F.);
#1255=ORIENTED_EDGE('',*,*,#973,.F.);
#1256=ORIENTED_EDGE('',*,*,#974,.T.);
#1257=ORIENTED_EDGE('',*,*,#975,.T.);
#1258=ORIENTED_EDGE('',*,*,#976,.F.);
#1259=ORIENTED_EDGE('',*,*,#977,.F.);
#1260=ORIENTED_EDGE('',*,*,#978,.T.);
#1261=ORIENTED_EDGE('',*,*,#979,.T.);
#1262=ORIENTED_EDGE('',*,*,#974,.F.);
#1263=ORIENTED_EDGE('',*,*,#980,.F.);
#1264=ORIENTED_EDGE('',*,*,#981,.T.);
#1265=ORIENTED_EDGE('',*,*,#982,.T.);
#1266=ORIENTED_EDGE('',*,*,#978,.F.);
#1267=ORIENTED_EDGE('',*,*,#983,.F.);
#1268=ORIENTED_EDGE('',*,*,#984,.T.);
#1269=ORIENTED_EDGE('',*,*,#985,.T.);
#1270=ORIENTED_EDGE('',*,*,#981,.F.);
#1271=ORIENTED_EDGE('',*,*,#986,.F.);
#1272=ORIENTED_EDGE('',*,*,#987,.T.);
#1273=ORIENTED_EDGE('',*,*,#988,.T.);
#1274=ORIENTED_EDGE('',*,*,#984,.F.);
#1275=ORIENTED_EDGE('',*,*,#989,.F.);
#1276=ORIENTED_EDGE('',*,*,#990,.T.);
#1277=ORIENTED_EDGE('',*,*,#991,.T.);
#1278=ORIENTED_EDGE('',*,*,#987,.F.);
#1279=ORIENTED_EDGE('',*,*,#992,.F.);
#1280=ORIENTED_EDGE('',*,*,#993,.T.);
#1281=ORIENTED_EDGE('',*,*,#994,.T.);
#1282=ORIENTED_EDGE('',*,*,#990,.F.);
#1283=ORIENTED_EDGE('',*,*,#995,.F.);
#1284=ORIENTED_EDGE('',*,*,#996,.F.);
#1285=ORIENTED_EDGE('',*,*,#997,.T.);
#1286=ORIENTED_EDGE('',*,*,#993,.F.);
#1287=ORIENTED_EDGE('',*,*,#998,.F.);
#1288=ORIENTED_EDGE('',*,*,#999,.T.);
#1289=ORIENTED_EDGE('',*,*,#1000,.T.);
#1290=ORIENTED_EDGE('',*,*,#1001,.F.);
#1291=ORIENTED_EDGE('',*,*,#1002,.F.);
#1292=ORIENTED_EDGE('',*,*,#1003,.T.);
#1293=ORIENTED_EDGE('',*,*,#1004,.T.);
#1294=ORIENTED_EDGE('',*,*,#999,.F.);
#1295=ORIENTED_EDGE('',*,*,#1005,.F.);
#1296=ORIENTED_EDGE('',*,*,#976,.T.);
#1297=ORIENTED_EDGE('',*,*,#1006,.T.);
#1298=ORIENTED_EDGE('',*,*,#1003,.F.);
#1299=ORIENTED_EDGE('',*,*,#1006,.F.);
#1300=ORIENTED_EDGE('',*,*,#975,.F.);
#1301=ORIENTED_EDGE('',*,*,#979,.F.);
#1302=ORIENTED_EDGE('',*,*,#982,.F.);
#1303=ORIENTED_EDGE('',*,*,#985,.F.);
#1304=ORIENTED_EDGE('',*,*,#988,.F.);
#1305=ORIENTED_EDGE('',*,*,#991,.F.);
#1306=ORIENTED_EDGE('',*,*,#994,.F.);
#1307=ORIENTED_EDGE('',*,*,#997,.F.);
#1308=ORIENTED_EDGE('',*,*,#1007,.F.);
#1309=ORIENTED_EDGE('',*,*,#1000,.F.);
#1310=ORIENTED_EDGE('',*,*,#1004,.F.);
#1311=ORIENTED_EDGE('',*,*,#1008,.F.);
#1312=ORIENTED_EDGE('',*,*,#1009,.T.);
#1313=ORIENTED_EDGE('',*,*,#1010,.T.);
#1314=ORIENTED_EDGE('',*,*,#1011,.F.);
#1315=ORIENTED_EDGE('',*,*,#1012,.F.);
#1316=ORIENTED_EDGE('',*,*,#1013,.F.);
#1317=ORIENTED_EDGE('',*,*,#1014,.T.);
#1318=ORIENTED_EDGE('',*,*,#1009,.F.);
#1319=ORIENTED_EDGE('',*,*,#1015,.F.);
#1320=ORIENTED_EDGE('',*,*,#1016,.T.);
#1321=ORIENTED_EDGE('',*,*,#1017,.T.);
#1322=ORIENTED_EDGE('',*,*,#1018,.F.);
#1323=ORIENTED_EDGE('',*,*,#1019,.F.);
#1324=ORIENTED_EDGE('',*,*,#1020,.T.);
#1325=ORIENTED_EDGE('',*,*,#1021,.T.);
#1326=ORIENTED_EDGE('',*,*,#1016,.F.);
#1327=ORIENTED_EDGE('',*,*,#1022,.F.);
#1328=ORIENTED_EDGE('',*,*,#1023,.T.);
#1329=ORIENTED_EDGE('',*,*,#1024,.T.);
#1330=ORIENTED_EDGE('',*,*,#1020,.F.);
#1331=ORIENTED_EDGE('',*,*,#1025,.F.);
#1332=ORIENTED_EDGE('',*,*,#1026,.T.);
#1333=ORIENTED_EDGE('',*,*,#1027,.T.);
#1334=ORIENTED_EDGE('',*,*,#1023,.F.);
#1335=ORIENTED_EDGE('',*,*,#1028,.F.);
#1336=ORIENTED_EDGE('',*,*,#1029,.T.);
#1337=ORIENTED_EDGE('',*,*,#1030,.T.);
#1338=ORIENTED_EDGE('',*,*,#1026,.F.);
#1339=ORIENTED_EDGE('',*,*,#1031,.F.);
#1340=ORIENTED_EDGE('',*,*,#1032,.T.);
#1341=ORIENTED_EDGE('',*,*,#1033,.T.);
#1342=ORIENTED_EDGE('',*,*,#1029,.F.);
#1343=ORIENTED_EDGE('',*,*,#1034,.F.);
#1344=ORIENTED_EDGE('',*,*,#1035,.T.);
#1345=ORIENTED_EDGE('',*,*,#1036,.T.);
#1346=ORIENTED_EDGE('',*,*,#1032,.F.);
#1347=ORIENTED_EDGE('',*,*,#1037,.F.);
#1348=ORIENTED_EDGE('',*,*,#1038,.T.);
#1349=ORIENTED_EDGE('',*,*,#1039,.T.);
#1350=ORIENTED_EDGE('',*,*,#1035,.F.);
#1351=ORIENTED_EDGE('',*,*,#1040,.F.);
#1352=ORIENTED_EDGE('',*,*,#1011,.T.);
#1353=ORIENTED_EDGE('',*,*,#1041,.T.);
#1354=ORIENTED_EDGE('',*,*,#1038,.F.);
#1355=ORIENTED_EDGE('',*,*,#1041,.F.);
#1356=ORIENTED_EDGE('',*,*,#1010,.F.);
#1357=ORIENTED_EDGE('',*,*,#1014,.F.);
#1358=ORIENTED_EDGE('',*,*,#1042,.F.);
#1359=ORIENTED_EDGE('',*,*,#1017,.F.);
#1360=ORIENTED_EDGE('',*,*,#1021,.F.);
#1361=ORIENTED_EDGE('',*,*,#1024,.F.);
#1362=ORIENTED_EDGE('',*,*,#1027,.F.);
#1363=ORIENTED_EDGE('',*,*,#1030,.F.);
#1364=ORIENTED_EDGE('',*,*,#1033,.F.);
#1365=ORIENTED_EDGE('',*,*,#1036,.F.);
#1366=ORIENTED_EDGE('',*,*,#1039,.F.);
#1367=ORIENTED_EDGE('',*,*,#1043,.F.);
#1368=ORIENTED_EDGE('',*,*,#1044,.T.);
#1369=ORIENTED_EDGE('',*,*,#1045,.T.);
#1370=ORIENTED_EDGE('',*,*,#1046,.F.);
#1371=ORIENTED_EDGE('',*,*,#1047,.F.);
#1372=ORIENTED_EDGE('',*,*,#1048,.T.);
#1373=ORIENTED_EDGE('',*,*,#1049,.T.);
#1374=ORIENTED_EDGE('',*,*,#1044,.F.);
#1375=ORIENTED_EDGE('',*,*,#1050,.F.);
#1376=ORIENTED_EDGE('',*,*,#1051,.T.);
#1377=ORIENTED_EDGE('',*,*,#1052,.T.);
#1378=ORIENTED_EDGE('',*,*,#1048,.F.);
#1379=ORIENTED_EDGE('',*,*,#1053,.F.);
#1380=ORIENTED_EDGE('',*,*,#1054,.T.);
#1381=ORIENTED_EDGE('',*,*,#1055,.T.);
#1382=ORIENTED_EDGE('',*,*,#1051,.F.);
#1383=ORIENTED_EDGE('',*,*,#1056,.F.);
#1384=ORIENTED_EDGE('',*,*,#1057,.T.);
#1385=ORIENTED_EDGE('',*,*,#1058,.T.);
#1386=ORIENTED_EDGE('',*,*,#1054,.F.);
#1387=ORIENTED_EDGE('',*,*,#1059,.F.);
#1388=ORIENTED_EDGE('',*,*,#1060,.T.);
#1389=ORIENTED_EDGE('',*,*,#1061,.T.);
#1390=ORIENTED_EDGE('',*,*,#1057,.F.);
#1391=ORIENTED_EDGE('',*,*,#1062,.F.);
#1392=ORIENTED_EDGE('',*,*,#1063,.T.);
#1393=ORIENTED_EDGE('',*,*,#1064,.T.);
#1394=ORIENTED_EDGE('',*,*,#1060,.F.);
#1395=ORIENTED_EDGE('',*,*,#1065,.F.);
#1396=ORIENTED_EDGE('',*,*,#1066,.T.);
#1397=ORIENTED_EDGE('',*,*,#1067,.T.);
#1398=ORIENTED_EDGE('',*,*,#1063,.F.);
#1399=ORIENTED_EDGE('',*,*,#1068,.F.);
#1400=ORIENTED_EDGE('',*,*,#1069,.F.);
#1401=ORIENTED_EDGE('',*,*,#1070,.T.);
#1402=ORIENTED_EDGE('',*,*,#1066,.F.);
#1403=ORIENTED_EDGE('',*,*,#1071,.F.);
#1404=ORIENTED_EDGE('',*,*,#1072,.T.);
#1405=ORIENTED_EDGE('',*,*,#1073,.T.);
#1406=ORIENTED_EDGE('',*,*,#1074,.F.);
#1407=ORIENTED_EDGE('',*,*,#1075,.F.);
#1408=ORIENTED_EDGE('',*,*,#1046,.T.);
#1409=ORIENTED_EDGE('',*,*,#1076,.T.);
#1410=ORIENTED_EDGE('',*,*,#1072,.F.);
#1411=ORIENTED_EDGE('',*,*,#1076,.F.);
#1412=ORIENTED_EDGE('',*,*,#1045,.F.);
#1413=ORIENTED_EDGE('',*,*,#1049,.F.);
#1414=ORIENTED_EDGE('',*,*,#1052,.F.);
#1415=ORIENTED_EDGE('',*,*,#1055,.F.);
#1416=ORIENTED_EDGE('',*,*,#1058,.F.);
#1417=ORIENTED_EDGE('',*,*,#1061,.F.);
#1418=ORIENTED_EDGE('',*,*,#1064,.F.);
#1419=ORIENTED_EDGE('',*,*,#1067,.F.);
#1420=ORIENTED_EDGE('',*,*,#1070,.F.);
#1421=ORIENTED_EDGE('',*,*,#1077,.F.);
#1422=ORIENTED_EDGE('',*,*,#1073,.F.);
#1423=ORIENTED_EDGE('',*,*,#969,.T.);
#1424=ORIENTED_EDGE('',*,*,#972,.T.);
#1425=ORIENTED_EDGE('',*,*,#964,.T.);
#1426=ORIENTED_EDGE('',*,*,#1078,.F.);
#1427=ORIENTED_EDGE('',*,*,#1079,.T.);
#1428=ORIENTED_EDGE('',*,*,#1080,.F.);
#1429=ORIENTED_EDGE('',*,*,#1081,.F.);
#1430=ORIENTED_EDGE('',*,*,#1082,.F.);
#1431=ORIENTED_EDGE('',*,*,#1018,.T.);
#1432=ORIENTED_EDGE('',*,*,#1042,.T.);
#1433=ORIENTED_EDGE('',*,*,#1013,.T.);
#1434=ORIENTED_EDGE('',*,*,#1083,.F.);
#1435=ORIENTED_EDGE('',*,*,#1001,.T.);
#1436=ORIENTED_EDGE('',*,*,#1007,.T.);
#1437=ORIENTED_EDGE('',*,*,#996,.T.);
#1438=ORIENTED_EDGE('',*,*,#1084,.F.);
#1439=ORIENTED_EDGE('',*,*,#1074,.T.);
#1440=ORIENTED_EDGE('',*,*,#1077,.T.);
#1441=ORIENTED_EDGE('',*,*,#1069,.T.);
#1442=ORIENTED_EDGE('',*,*,#1085,.F.);
#1443=ORIENTED_EDGE('',*,*,#1086,.T.);
#1444=ORIENTED_EDGE('',*,*,#1087,.F.);
#1445=ORIENTED_EDGE('',*,*,#1088,.F.);
#1446=ORIENTED_EDGE('',*,*,#1089,.F.);
#1447=ORIENTED_EDGE('',*,*,#1090,.F.);
#1448=ORIENTED_EDGE('',*,*,#1091,.T.);
#1449=ORIENTED_EDGE('',*,*,#1092,.T.);
#1450=ORIENTED_EDGE('',*,*,#1091,.F.);
#1451=ORIENTED_EDGE('',*,*,#1092,.F.);
#1452=ORIENTED_EDGE('',*,*,#1093,.F.);
#1453=ORIENTED_EDGE('',*,*,#1094,.F.);
#1454=ORIENTED_EDGE('',*,*,#1095,.T.);
#1455=ORIENTED_EDGE('',*,*,#1096,.T.);
#1456=ORIENTED_EDGE('',*,*,#1095,.F.);
#1457=ORIENTED_EDGE('',*,*,#1097,.F.);
#1458=ORIENTED_EDGE('',*,*,#1094,.T.);
#1459=ORIENTED_EDGE('',*,*,#1098,.F.);
#1460=ORIENTED_EDGE('',*,*,#1099,.T.);
#1461=ORIENTED_EDGE('',*,*,#1100,.T.);
#1462=ORIENTED_EDGE('',*,*,#1099,.F.);
#1463=ORIENTED_EDGE('',*,*,#1101,.F.);
#1464=ORIENTED_EDGE('',*,*,#1098,.T.);
#1465=ORIENTED_EDGE('',*,*,#1102,.F.);
#1466=ORIENTED_EDGE('',*,*,#1103,.T.);
#1467=ORIENTED_EDGE('',*,*,#1104,.T.);
#1468=ORIENTED_EDGE('',*,*,#1103,.F.);
#1469=ORIENTED_EDGE('',*,*,#1105,.F.);
#1470=ORIENTED_EDGE('',*,*,#1102,.T.);
#1471=ORIENTED_EDGE('',*,*,#1106,.F.);
#1472=ORIENTED_EDGE('',*,*,#1107,.T.);
#1473=ORIENTED_EDGE('',*,*,#1108,.F.);
#1474=ORIENTED_EDGE('',*,*,#1107,.F.);
#1475=ORIENTED_EDGE('',*,*,#1109,.F.);
#1476=ORIENTED_EDGE('',*,*,#1110,.T.);
#1477=ORIENTED_EDGE('',*,*,#1111,.F.);
#1478=ORIENTED_EDGE('',*,*,#1110,.F.);
#1479=ORIENTED_EDGE('',*,*,#1112,.F.);
#1480=ORIENTED_EDGE('',*,*,#1113,.T.);
#1481=ORIENTED_EDGE('',*,*,#1114,.F.);
#1482=ORIENTED_EDGE('',*,*,#1113,.F.);
#1483=ORIENTED_EDGE('',*,*,#1115,.F.);
#1484=ORIENTED_EDGE('',*,*,#1116,.T.);
#1485=ORIENTED_EDGE('',*,*,#1117,.F.);
#1486=ORIENTED_EDGE('',*,*,#1116,.F.);
#1487=ORIENTED_EDGE('',*,*,#1118,.F.);
#1488=ORIENTED_EDGE('',*,*,#1119,.T.);
#1489=ORIENTED_EDGE('',*,*,#1120,.F.);
#1490=ORIENTED_EDGE('',*,*,#1119,.F.);
#1491=ORIENTED_EDGE('',*,*,#1121,.F.);
#1492=ORIENTED_EDGE('',*,*,#1122,.T.);
#1493=ORIENTED_EDGE('',*,*,#1123,.F.);
#1494=ORIENTED_EDGE('',*,*,#1122,.F.);
#1495=ORIENTED_EDGE('',*,*,#1124,.F.);
#1496=ORIENTED_EDGE('',*,*,#1125,.T.);
#1497=ORIENTED_EDGE('',*,*,#1126,.F.);
#1498=ORIENTED_EDGE('',*,*,#1125,.F.);
#1499=ORIENTED_EDGE('',*,*,#1127,.F.);
#1500=ORIENTED_EDGE('',*,*,#1128,.T.);
#1501=ORIENTED_EDGE('',*,*,#1129,.T.);
#1502=ORIENTED_EDGE('',*,*,#1128,.F.);
#1503=ORIENTED_EDGE('',*,*,#1129,.F.);
#1504=ORIENTED_EDGE('',*,*,#1130,.F.);
#1505=ORIENTED_EDGE('',*,*,#1131,.F.);
#1506=ORIENTED_EDGE('',*,*,#1132,.T.);
#1507=ORIENTED_EDGE('',*,*,#1133,.T.);
#1508=ORIENTED_EDGE('',*,*,#1132,.F.);
#1509=ORIENTED_EDGE('',*,*,#1133,.F.);
#1510=ORIENTED_EDGE('',*,*,#1134,.F.);
#1511=ORIENTED_EDGE('',*,*,#1130,.T.);
#1512=ORIENTED_EDGE('',*,*,#1135,.T.);
#1513=ORIENTED_EDGE('',*,*,#1136,.F.);
#1514=ORIENTED_EDGE('',*,*,#1135,.F.);
#1515=ORIENTED_EDGE('',*,*,#1134,.T.);
#1516=ORIENTED_EDGE('',*,*,#1137,.T.);
#1517=ORIENTED_EDGE('',*,*,#1138,.F.);
#1518=ORIENTED_EDGE('',*,*,#1137,.F.);
#1519=ORIENTED_EDGE('',*,*,#1139,.F.);
#1520=ORIENTED_EDGE('',*,*,#1140,.F.);
#1521=ORIENTED_EDGE('',*,*,#1141,.T.);
#1522=ORIENTED_EDGE('',*,*,#1142,.F.);
#1523=ORIENTED_EDGE('',*,*,#1143,.F.);
#1524=ORIENTED_EDGE('',*,*,#1144,.F.);
#1525=ORIENTED_EDGE('',*,*,#1145,.T.);
#1526=ORIENTED_EDGE('',*,*,#1146,.F.);
#1527=ORIENTED_EDGE('',*,*,#1145,.F.);
#1528=ORIENTED_EDGE('',*,*,#1147,.F.);
#1529=ORIENTED_EDGE('',*,*,#1141,.F.);
#1530=ORIENTED_EDGE('',*,*,#1148,.F.);
#1531=ORIENTED_EDGE('',*,*,#1149,.T.);
#1532=ORIENTED_EDGE('',*,*,#1080,.T.);
#1533=ORIENTED_EDGE('',*,*,#1150,.T.);
#1534=ORIENTED_EDGE('',*,*,#1087,.T.);
#1535=ORIENTED_EDGE('',*,*,#1108,.T.);
#1536=ORIENTED_EDGE('',*,*,#1111,.T.);
#1537=ORIENTED_EDGE('',*,*,#1114,.T.);
#1538=ORIENTED_EDGE('',*,*,#1117,.T.);
#1539=ORIENTED_EDGE('',*,*,#1120,.T.);
#1540=ORIENTED_EDGE('',*,*,#1123,.T.);
#1541=ORIENTED_EDGE('',*,*,#1127,.T.);
#1542=ORIENTED_EDGE('',*,*,#1131,.T.);
#1543=ORIENTED_EDGE('',*,*,#1151,.T.);
#1544=ORIENTED_EDGE('',*,*,#1152,.T.);
#1545=ORIENTED_EDGE('',*,*,#1153,.T.);
#1546=ORIENTED_EDGE('',*,*,#1143,.T.);
#1547=ORIENTED_EDGE('',*,*,#1154,.T.);
#1548=ORIENTED_EDGE('',*,*,#1155,.T.);
#1549=ORIENTED_EDGE('',*,*,#1139,.T.);
#1550=ORIENTED_EDGE('',*,*,#1156,.T.);
#1551=ORIENTED_EDGE('',*,*,#1157,.T.);
#1552=ORIENTED_EDGE('',*,*,#1158,.T.);
#1553=ORIENTED_EDGE('',*,*,#1159,.T.);
#1554=ORIENTED_EDGE('',*,*,#1160,.T.);
#1555=ORIENTED_EDGE('',*,*,#1161,.T.);
#1556=ORIENTED_EDGE('',*,*,#1162,.T.);
#1557=ORIENTED_EDGE('',*,*,#1163,.T.);
#1558=ORIENTED_EDGE('',*,*,#1164,.T.);
#1559=ORIENTED_EDGE('',*,*,#1146,.T.);
#1560=ORIENTED_EDGE('',*,*,#1148,.T.);
#1561=ORIENTED_EDGE('',*,*,#1140,.T.);
#1562=ORIENTED_EDGE('',*,*,#1155,.F.);
#1563=ORIENTED_EDGE('',*,*,#1165,.T.);
#1564=ORIENTED_EDGE('',*,*,#1093,.T.);
#1565=ORIENTED_EDGE('',*,*,#1165,.F.);
#1566=ORIENTED_EDGE('',*,*,#1154,.F.);
#1567=ORIENTED_EDGE('',*,*,#1166,.F.);
#1568=ORIENTED_EDGE('',*,*,#1167,.F.);
#1569=ORIENTED_EDGE('',*,*,#1168,.F.);
#1570=ORIENTED_EDGE('',*,*,#1169,.T.);
#1571=ORIENTED_EDGE('',*,*,#1170,.F.);
#1572=ORIENTED_EDGE('',*,*,#1169,.F.);
#1573=ORIENTED_EDGE('',*,*,#1171,.F.);
#1574=ORIENTED_EDGE('',*,*,#1172,.T.);
#1575=ORIENTED_EDGE('',*,*,#1173,.F.);
#1576=ORIENTED_EDGE('',*,*,#1172,.F.);
#1577=ORIENTED_EDGE('',*,*,#1174,.F.);
#1578=ORIENTED_EDGE('',*,*,#1175,.T.);
#1579=ORIENTED_EDGE('',*,*,#1176,.T.);
#1580=ORIENTED_EDGE('',*,*,#1177,.F.);
#1581=ORIENTED_EDGE('',*,*,#1160,.F.);
#1582=ORIENTED_EDGE('',*,*,#1178,.T.);
#1583=ORIENTED_EDGE('',*,*,#1179,.F.);
#1584=ORIENTED_EDGE('',*,*,#1175,.F.);
#1585=ORIENTED_EDGE('',*,*,#1174,.T.);
#1586=ORIENTED_EDGE('',*,*,#1171,.T.);
#1587=ORIENTED_EDGE('',*,*,#1168,.T.);
#1588=ORIENTED_EDGE('',*,*,#1180,.F.);
#1589=ORIENTED_EDGE('',*,*,#1181,.F.);
#1590=ORIENTED_EDGE('',*,*,#1182,.F.);
#1591=ORIENTED_EDGE('',*,*,#1183,.F.);
#1592=ORIENTED_EDGE('',*,*,#1176,.F.);
#1593=ORIENTED_EDGE('',*,*,#1124,.T.);
#1594=ORIENTED_EDGE('',*,*,#1162,.F.);
#1595=ORIENTED_EDGE('',*,*,#1184,.T.);
#1596=ORIENTED_EDGE('',*,*,#1182,.T.);
#1597=ORIENTED_EDGE('',*,*,#1185,.F.);
#1598=ORIENTED_EDGE('',*,*,#1161,.F.);
#1599=ORIENTED_EDGE('',*,*,#1177,.T.);
#1600=ORIENTED_EDGE('',*,*,#1183,.T.);
#1601=ORIENTED_EDGE('',*,*,#1184,.F.);
#1602=ORIENTED_EDGE('',*,*,#1159,.F.);
#1603=ORIENTED_EDGE('',*,*,#1186,.T.);
#1604=ORIENTED_EDGE('',*,*,#1187,.F.);
#1605=ORIENTED_EDGE('',*,*,#1178,.F.);
#1606=ORIENTED_EDGE('',*,*,#1158,.F.);
#1607=ORIENTED_EDGE('',*,*,#1188,.T.);
#1608=ORIENTED_EDGE('',*,*,#1189,.F.);
#1609=ORIENTED_EDGE('',*,*,#1186,.F.);
#1610=ORIENTED_EDGE('',*,*,#1157,.F.);
#1611=ORIENTED_EDGE('',*,*,#1190,.T.);
#1612=ORIENTED_EDGE('',*,*,#1191,.F.);
#1613=ORIENTED_EDGE('',*,*,#1188,.F.);
#1614=ORIENTED_EDGE('',*,*,#1144,.T.);
#1615=ORIENTED_EDGE('',*,*,#1164,.F.);
#1616=ORIENTED_EDGE('',*,*,#1192,.T.);
#1617=ORIENTED_EDGE('',*,*,#1180,.T.);
#1618=ORIENTED_EDGE('',*,*,#1167,.T.);
#1619=ORIENTED_EDGE('',*,*,#1193,.F.);
#1620=ORIENTED_EDGE('',*,*,#1190,.F.);
#1621=ORIENTED_EDGE('',*,*,#1156,.F.);
#1622=ORIENTED_EDGE('',*,*,#1142,.T.);
#1623=ORIENTED_EDGE('',*,*,#1147,.T.);
#1624=ORIENTED_EDGE('',*,*,#1163,.F.);
#1625=ORIENTED_EDGE('',*,*,#1185,.T.);
#1626=ORIENTED_EDGE('',*,*,#1181,.T.);
#1627=ORIENTED_EDGE('',*,*,#1192,.F.);
#1628=ORIENTED_EDGE('',*,*,#1151,.F.);
#1629=ORIENTED_EDGE('',*,*,#1194,.T.);
#1630=ORIENTED_EDGE('',*,*,#1105,.T.);
#1631=ORIENTED_EDGE('',*,*,#1194,.F.);
#1632=ORIENTED_EDGE('',*,*,#1152,.F.);
#1633=ORIENTED_EDGE('',*,*,#1195,.T.);
#1634=ORIENTED_EDGE('',*,*,#1097,.T.);
#1635=ORIENTED_EDGE('',*,*,#1195,.F.);
#1636=ORIENTED_EDGE('',*,*,#1153,.F.);
#1637=ORIENTED_EDGE('',*,*,#1196,.T.);
#1638=ORIENTED_EDGE('',*,*,#1101,.T.);
#1639=ORIENTED_EDGE('',*,*,#1196,.F.);
#1640=ORIENTED_EDGE('',*,*,#1197,.F.);
#1641=ORIENTED_EDGE('',*,*,#1088,.T.);
#1642=ORIENTED_EDGE('',*,*,#1150,.F.);
#1643=ORIENTED_EDGE('',*,*,#1079,.F.);
#1644=ORIENTED_EDGE('',*,*,#1198,.F.);
#1645=ORIENTED_EDGE('',*,*,#1081,.T.);
#1646=ORIENTED_EDGE('',*,*,#1149,.F.);
#1647=ORIENTED_EDGE('',*,*,#1086,.F.);
#1648=ORIENTED_EDGE('',*,*,#966,.T.);
#1649=ORIENTED_EDGE('',*,*,#1083,.T.);
#1650=ORIENTED_EDGE('',*,*,#1012,.T.);
#1651=ORIENTED_EDGE('',*,*,#1008,.T.);
#1652=ORIENTED_EDGE('',*,*,#1040,.T.);
#1653=ORIENTED_EDGE('',*,*,#1037,.T.);
#1654=ORIENTED_EDGE('',*,*,#1034,.T.);
#1655=ORIENTED_EDGE('',*,*,#1031,.T.);
#1656=ORIENTED_EDGE('',*,*,#1028,.T.);
#1657=ORIENTED_EDGE('',*,*,#1025,.T.);
#1658=ORIENTED_EDGE('',*,*,#1022,.T.);
#1659=ORIENTED_EDGE('',*,*,#1019,.T.);
#1660=ORIENTED_EDGE('',*,*,#1015,.T.);
#1661=ORIENTED_EDGE('',*,*,#1082,.T.);
#1662=ORIENTED_EDGE('',*,*,#1198,.T.);
#1663=ORIENTED_EDGE('',*,*,#1085,.T.);
#1664=ORIENTED_EDGE('',*,*,#1068,.T.);
#1665=ORIENTED_EDGE('',*,*,#1065,.T.);
#1666=ORIENTED_EDGE('',*,*,#1062,.T.);
#1667=ORIENTED_EDGE('',*,*,#1059,.T.);
#1668=ORIENTED_EDGE('',*,*,#1056,.T.);
#1669=ORIENTED_EDGE('',*,*,#1053,.T.);
#1670=ORIENTED_EDGE('',*,*,#1050,.T.);
#1671=ORIENTED_EDGE('',*,*,#1047,.T.);
#1672=ORIENTED_EDGE('',*,*,#1043,.T.);
#1673=ORIENTED_EDGE('',*,*,#1075,.T.);
#1674=ORIENTED_EDGE('',*,*,#1071,.T.);
#1675=ORIENTED_EDGE('',*,*,#1084,.T.);
#1676=ORIENTED_EDGE('',*,*,#995,.T.);
#1677=ORIENTED_EDGE('',*,*,#992,.T.);
#1678=ORIENTED_EDGE('',*,*,#989,.T.);
#1679=ORIENTED_EDGE('',*,*,#986,.T.);
#1680=ORIENTED_EDGE('',*,*,#983,.T.);
#1681=ORIENTED_EDGE('',*,*,#980,.T.);
#1682=ORIENTED_EDGE('',*,*,#977,.T.);
#1683=ORIENTED_EDGE('',*,*,#973,.T.);
#1684=ORIENTED_EDGE('',*,*,#1005,.T.);
#1685=ORIENTED_EDGE('',*,*,#1002,.T.);
#1686=ORIENTED_EDGE('',*,*,#998,.T.);
#1687=ORIENTED_EDGE('',*,*,#1089,.T.);
#1688=ORIENTED_EDGE('',*,*,#1197,.T.);
#1689=ORIENTED_EDGE('',*,*,#1078,.T.);
#1690=ORIENTED_EDGE('',*,*,#963,.T.);
#1691=ORIENTED_EDGE('',*,*,#960,.T.);
#1692=ORIENTED_EDGE('',*,*,#957,.T.);
#1693=ORIENTED_EDGE('',*,*,#954,.T.);
#1694=ORIENTED_EDGE('',*,*,#951,.T.);
#1695=ORIENTED_EDGE('',*,*,#948,.T.);
#1696=ORIENTED_EDGE('',*,*,#945,.T.);
#1697=ORIENTED_EDGE('',*,*,#942,.T.);
#1698=ORIENTED_EDGE('',*,*,#938,.T.);
#1699=ORIENTED_EDGE('',*,*,#970,.T.);
#1700=ORIENTED_EDGE('',*,*,#1090,.T.);
#1701=ORIENTED_EDGE('',*,*,#1096,.F.);
#1702=ORIENTED_EDGE('',*,*,#1100,.F.);
#1703=ORIENTED_EDGE('',*,*,#1104,.F.);
#1704=ORIENTED_EDGE('',*,*,#1106,.T.);
#1705=ORIENTED_EDGE('',*,*,#1109,.T.);
#1706=ORIENTED_EDGE('',*,*,#1112,.T.);
#1707=ORIENTED_EDGE('',*,*,#1115,.T.);
#1708=ORIENTED_EDGE('',*,*,#1118,.T.);
#1709=ORIENTED_EDGE('',*,*,#1121,.T.);
#1710=ORIENTED_EDGE('',*,*,#1126,.T.);
#1711=ORIENTED_EDGE('',*,*,#1136,.T.);
#1712=ORIENTED_EDGE('',*,*,#1138,.T.);
#1713=ORIENTED_EDGE('',*,*,#1166,.T.);
#1714=ORIENTED_EDGE('',*,*,#1170,.T.);
#1715=ORIENTED_EDGE('',*,*,#1173,.T.);
#1716=ORIENTED_EDGE('',*,*,#1179,.T.);
#1717=ORIENTED_EDGE('',*,*,#1187,.T.);
#1718=ORIENTED_EDGE('',*,*,#1189,.T.);
#1719=ORIENTED_EDGE('',*,*,#1191,.T.);
#1720=ORIENTED_EDGE('',*,*,#1193,.T.);
#1721=CYLINDRICAL_SURFACE('',#1871,0.999999999999992);
#1722=CYLINDRICAL_SURFACE('',#1875,0.999999999999996);
#1723=CYLINDRICAL_SURFACE('',#1879,0.999999999999996);
#1724=CYLINDRICAL_SURFACE('',#1883,0.999999999999996);
#1725=CYLINDRICAL_SURFACE('',#1892,0.999999999999996);
#1726=CYLINDRICAL_SURFACE('',#1896,0.999999999999996);
#1727=CYLINDRICAL_SURFACE('',#1900,0.999999999999996);
#1728=CYLINDRICAL_SURFACE('',#1907,0.999999999999996);
#1729=CYLINDRICAL_SURFACE('',#1915,0.999999999999994);
#1730=CYLINDRICAL_SURFACE('',#1919,0.999999999999988);
#1731=CYLINDRICAL_SURFACE('',#1923,0.999999999999992);
#1732=CYLINDRICAL_SURFACE('',#1927,0.999999999999996);
#1733=CYLINDRICAL_SURFACE('',#1931,0.999999999999996);
#1734=CYLINDRICAL_SURFACE('',#1935,0.999999999999996);
#1735=CYLINDRICAL_SURFACE('',#1939,0.999999999999996);
#1736=CYLINDRICAL_SURFACE('',#1943,0.999999999999996);
#1737=CYLINDRICAL_SURFACE('',#1953,9.05);
#1738=CYLINDRICAL_SURFACE('',#1958,4.3);
#1739=CYLINDRICAL_SURFACE('',#1963,4.3);
#1740=CYLINDRICAL_SURFACE('',#1968,4.3);
#1741=CYLINDRICAL_SURFACE('',#1973,1.25);
#1742=CYLINDRICAL_SURFACE('',#1976,1.25);
#1743=CYLINDRICAL_SURFACE('',#1979,1.25);
#1744=CYLINDRICAL_SURFACE('',#1982,1.25);
#1745=CYLINDRICAL_SURFACE('',#1985,0.800000000000001);
#1746=CYLINDRICAL_SURFACE('',#1988,0.800000000000001);
#1747=CYLINDRICAL_SURFACE('',#1991,0.800000000000001);
#1748=CYLINDRICAL_SURFACE('',#1994,3.);
#1749=CYLINDRICAL_SURFACE('',#1999,3.);
#1750=CYLINDRICAL_SURFACE('',#2004,1.55);
#1751=CYLINDRICAL_SURFACE('',#2006,1.55);
#1752=CYLINDRICAL_SURFACE('',#2022,8.5);
#1753=CYLINDRICAL_SURFACE('',#2023,1.00000000000001);
#1754=CYLINDRICAL_SURFACE('',#2027,0.999999999999996);
#1755=CYLINDRICAL_SURFACE('',#2035,0.999999999999996);
#1756=CYLINDRICAL_SURFACE('',#2036,0.999999999999996);
#1757=CYLINDRICAL_SURFACE('',#2039,1.00000000000001);
#1758=CYLINDRICAL_SURFACE('',#2042,0.999999999999988);
#1759=CYLINDRICAL_SURFACE('',#2043,4.75);
#1760=CYLINDRICAL_SURFACE('',#2044,4.75);
#1761=CYLINDRICAL_SURFACE('',#2045,4.75);
#1762=ADVANCED_FACE('',(#105),#1721,.F.);
#1763=ADVANCED_FACE('',(#106),#52,.F.);
#1764=ADVANCED_FACE('',(#107),#1722,.F.);
#1765=ADVANCED_FACE('',(#108),#53,.F.);
#1766=ADVANCED_FACE('',(#109),#1723,.F.);
#1767=ADVANCED_FACE('',(#110),#54,.F.);
#1768=ADVANCED_FACE('',(#111),#1724,.F.);
#1769=ADVANCED_FACE('',(#112),#55,.F.);
#1770=ADVANCED_FACE('',(#113),#56,.F.);
#1771=ADVANCED_FACE('',(#114),#57,.F.);
#1772=ADVANCED_FACE('',(#115),#58,.F.);
#1773=ADVANCED_FACE('',(#116),#59,.T.);
#1774=ADVANCED_FACE('',(#117),#60,.F.);
#1775=ADVANCED_FACE('',(#118),#1725,.F.);
#1776=ADVANCED_FACE('',(#119),#61,.F.);
#1777=ADVANCED_FACE('',(#120),#1726,.F.);
#1778=ADVANCED_FACE('',(#121),#62,.F.);
#1779=ADVANCED_FACE('',(#122),#1727,.F.);
#1780=ADVANCED_FACE('',(#123),#63,.F.);
#1781=ADVANCED_FACE('',(#124),#64,.F.);
#1782=ADVANCED_FACE('',(#125),#65,.F.);
#1783=ADVANCED_FACE('',(#126),#66,.F.);
#1784=ADVANCED_FACE('',(#127),#1728,.F.);
#1785=ADVANCED_FACE('',(#128),#67,.T.);
#1786=ADVANCED_FACE('',(#129),#68,.F.);
#1787=ADVANCED_FACE('',(#130),#69,.F.);
#1788=ADVANCED_FACE('',(#131),#70,.F.);
#1789=ADVANCED_FACE('',(#132),#71,.F.);
#1790=ADVANCED_FACE('',(#133),#1729,.F.);
#1791=ADVANCED_FACE('',(#134),#72,.F.);
#1792=ADVANCED_FACE('',(#135),#1730,.F.);
#1793=ADVANCED_FACE('',(#136),#73,.F.);
#1794=ADVANCED_FACE('',(#137),#1731,.F.);
#1795=ADVANCED_FACE('',(#138),#74,.F.);
#1796=ADVANCED_FACE('',(#139),#1732,.F.);
#1797=ADVANCED_FACE('',(#140),#75,.T.);
#1798=ADVANCED_FACE('',(#141),#1733,.F.);
#1799=ADVANCED_FACE('',(#142),#76,.F.);
#1800=ADVANCED_FACE('',(#143),#1734,.F.);
#1801=ADVANCED_FACE('',(#144),#77,.F.);
#1802=ADVANCED_FACE('',(#145),#1735,.F.);
#1803=ADVANCED_FACE('',(#146),#78,.F.);
#1804=ADVANCED_FACE('',(#147),#1736,.F.);
#1805=ADVANCED_FACE('',(#148),#79,.F.);
#1806=ADVANCED_FACE('',(#149),#80,.F.);
#1807=ADVANCED_FACE('',(#150),#81,.F.);
#1808=ADVANCED_FACE('',(#151),#82,.F.);
#1809=ADVANCED_FACE('',(#152),#83,.T.);
#1810=ADVANCED_FACE('',(#153),#84,.T.);
#1811=ADVANCED_FACE('',(#154),#85,.T.);
#1812=ADVANCED_FACE('',(#155),#1737,.F.);
#1813=ADVANCED_FACE('',(#156,#19),#86,.F.);
#1814=ADVANCED_FACE('',(#157),#1738,.F.);
#1815=ADVANCED_FACE('',(#158,#20),#87,.T.);
#1816=ADVANCED_FACE('',(#159),#1739,.F.);
#1817=ADVANCED_FACE('',(#160,#21),#88,.T.);
#1818=ADVANCED_FACE('',(#161),#1740,.F.);
#1819=ADVANCED_FACE('',(#162,#22),#89,.T.);
#1820=ADVANCED_FACE('',(#163),#1741,.F.);
#1821=ADVANCED_FACE('',(#164),#1742,.F.);
#1822=ADVANCED_FACE('',(#165),#1743,.F.);
#1823=ADVANCED_FACE('',(#166),#1744,.F.);
#1824=ADVANCED_FACE('',(#167),#1745,.F.);
#1825=ADVANCED_FACE('',(#168),#1746,.F.);
#1826=ADVANCED_FACE('',(#169),#1747,.F.);
#1827=ADVANCED_FACE('',(#170),#1748,.F.);
#1828=ADVANCED_FACE('',(#171,#23),#90,.T.);
#1829=ADVANCED_FACE('',(#172),#1749,.F.);
#1830=ADVANCED_FACE('',(#173,#24),#91,.T.);
#1831=ADVANCED_FACE('',(#174),#1750,.F.);
#1832=ADVANCED_FACE('',(#175),#1751,.F.);
#1833=ADVANCED_FACE('',(#176),#92,.F.);
#1834=ADVANCED_FACE('',(#177),#93,.F.);
#1835=ADVANCED_FACE('',(#178),#94,.T.);
#1836=ADVANCED_FACE('',(#179,#25,#26,#27,#28,#29,#30,#31,#32,#33,#34,#35,
#36),#95,.T.);
#1837=ADVANCED_FACE('',(#180),#1752,.F.);
#1838=ADVANCED_FACE('',(#181),#1753,.F.);
#1839=ADVANCED_FACE('',(#182),#96,.F.);
#1840=ADVANCED_FACE('',(#183),#1754,.F.);
#1841=ADVANCED_FACE('',(#184),#97,.F.);
#1842=ADVANCED_FACE('',(#185,#37),#98,.T.);
#1843=ADVANCED_FACE('',(#186),#99,.F.);
#1844=ADVANCED_FACE('',(#187),#1755,.F.);
#1845=ADVANCED_FACE('',(#188),#1756,.F.);
#1846=ADVANCED_FACE('',(#189),#100,.F.);
#1847=ADVANCED_FACE('',(#190),#1757,.F.);
#1848=ADVANCED_FACE('',(#191),#101,.F.);
#1849=ADVANCED_FACE('',(#192),#1758,.F.);
#1850=ADVANCED_FACE('',(#193),#1759,.F.);
#1851=ADVANCED_FACE('',(#194),#1760,.F.);
#1852=ADVANCED_FACE('',(#195),#1761,.F.);
#1853=ADVANCED_FACE('',(#196),#102,.T.);
#1854=ADVANCED_FACE('',(#197),#103,.T.);
#1855=ADVANCED_FACE('',(#198,#38,#39,#40,#41,#42,#43,#44,#45,#46,#47,#48,
#49,#50,#51),#104,.F.);
#1856=CLOSED_SHELL('',(#1762,#1763,#1764,#1765,#1766,#1767,#1768,#1769,
#1770,#1771,#1772,#1773,#1774,#1775,#1776,#1777,#1778,#1779,#1780,#1781,
#1782,#1783,#1784,#1785,#1786,#1787,#1788,#1789,#1790,#1791,#1792,#1793,
#1794,#1795,#1796,#1797,#1798,#1799,#1800,#1801,#1802,#1803,#1804,#1805,
#1806,#1807,#1808,#1809,#1810,#1811,#1812,#1813,#1814,#1815,#1816,#1817,
#1818,#1819,#1820,#1821,#1822,#1823,#1824,#1825,#1826,#1827,#1828,#1829,
#1830,#1831,#1832,#1833,#1834,#1835,#1836,#1837,#1838,#1839,#1840,#1841,
#1842,#1843,#1844,#1845,#1846,#1847,#1848,#1849,#1850,#1851,#1852,#1853,
#1854,#1855));
#1857=DERIVED_UNIT_ELEMENT(#1859,1.);
#1858=DERIVED_UNIT_ELEMENT(#3128,-3.);
#1859=(
MASS_UNIT()
NAMED_UNIT(*)
SI_UNIT(.KILO.,.GRAM.)
);
#1860=DERIVED_UNIT((#1857,#1858));
#1861=MEASURE_REPRESENTATION_ITEM('density measure',
POSITIVE_RATIO_MEASURE(7850.),#1860);
#1862=PROPERTY_DEFINITION_REPRESENTATION(#1867,#1864);
#1863=PROPERTY_DEFINITION_REPRESENTATION(#1868,#1865);
#1864=REPRESENTATION('material name',(#1866),#3125);
#1865=REPRESENTATION('density',(#1861),#3125);
#1866=DESCRIPTIVE_REPRESENTATION_ITEM('\X2\94A2\X0\','\X2\94A2\X0\');
#1867=PROPERTY_DEFINITION('material property','material name',#3140);
#1868=PROPERTY_DEFINITION('material property','density of part',#3140);
#1869=AXIS2_PLACEMENT_3D('',#2589,#2050,#2051);
#1870=AXIS2_PLACEMENT_3D('',#2590,#2052,#2053);
#1871=AXIS2_PLACEMENT_3D('',#2591,#2054,#2055);
#1872=AXIS2_PLACEMENT_3D('',#2594,#2056,#2057);
#1873=AXIS2_PLACEMENT_3D('',#2598,#2059,#2060);
#1874=AXIS2_PLACEMENT_3D('',#2600,#2062,#2063);
#1875=AXIS2_PLACEMENT_3D('',#2606,#2067,#2068);
#1876=AXIS2_PLACEMENT_3D('',#2608,#2069,#2070);
#1877=AXIS2_PLACEMENT_3D('',#2611,#2072,#2073);
#1878=AXIS2_PLACEMENT_3D('',#2612,#2074,#2075);
#1879=AXIS2_PLACEMENT_3D('',#2618,#2079,#2080);
#1880=AXIS2_PLACEMENT_3D('',#2620,#2081,#2082);
#1881=AXIS2_PLACEMENT_3D('',#2623,#2084,#2085);
#1882=AXIS2_PLACEMENT_3D('',#2624,#2086,#2087);
#1883=AXIS2_PLACEMENT_3D('',#2630,#2091,#2092);
#1884=AXIS2_PLACEMENT_3D('',#2632,#2093,#2094);
#1885=AXIS2_PLACEMENT_3D('',#2635,#2096,#2097);
#1886=AXIS2_PLACEMENT_3D('',#2636,#2098,#2099);
#1887=AXIS2_PLACEMENT_3D('',#2642,#2103,#2104);
#1888=AXIS2_PLACEMENT_3D('',#2648,#2108,#2109);
#1889=AXIS2_PLACEMENT_3D('',#2657,#2114,#2115);
#1890=AXIS2_PLACEMENT_3D('',#2660,#2118,#2119);
#1891=AXIS2_PLACEMENT_3D('',#2662,#2121,#2122);
#1892=AXIS2_PLACEMENT_3D('',#2671,#2127,#2128);
#1893=AXIS2_PLACEMENT_3D('',#2673,#2129,#2130);
#1894=AXIS2_PLACEMENT_3D('',#2676,#2132,#2133);
#1895=AXIS2_PLACEMENT_3D('',#2677,#2134,#2135);
#1896=AXIS2_PLACEMENT_3D('',#2683,#2139,#2140);
#1897=AXIS2_PLACEMENT_3D('',#2685,#2141,#2142);
#1898=AXIS2_PLACEMENT_3D('',#2688,#2144,#2145);
#1899=AXIS2_PLACEMENT_3D('',#2689,#2146,#2147);
#1900=AXIS2_PLACEMENT_3D('',#2695,#2151,#2152);
#1901=AXIS2_PLACEMENT_3D('',#2697,#2153,#2154);
#1902=AXIS2_PLACEMENT_3D('',#2700,#2156,#2157);
#1903=AXIS2_PLACEMENT_3D('',#2701,#2158,#2159);
#1904=AXIS2_PLACEMENT_3D('',#2707,#2163,#2164);
#1905=AXIS2_PLACEMENT_3D('',#2713,#2168,#2169);
#1906=AXIS2_PLACEMENT_3D('',#2722,#2174,#2175);
#1907=AXIS2_PLACEMENT_3D('',#2728,#2179,#2180);
#1908=AXIS2_PLACEMENT_3D('',#2729,#2181,#2182);
#1909=AXIS2_PLACEMENT_3D('',#2730,#2183,#2184);
#1910=AXIS2_PLACEMENT_3D('',#2731,#2185,#2186);
#1911=AXIS2_PLACEMENT_3D('',#2733,#2188,#2189);
#1912=AXIS2_PLACEMENT_3D('',#2742,#2194,#2195);
#1913=AXIS2_PLACEMENT_3D('',#2748,#2199,#2200);
#1914=AXIS2_PLACEMENT_3D('',#2757,#2205,#2206);
#1915=AXIS2_PLACEMENT_3D('',#2763,#2210,#2211);
#1916=AXIS2_PLACEMENT_3D('',#2765,#2212,#2213);
#1917=AXIS2_PLACEMENT_3D('',#2768,#2215,#2216);
#1918=AXIS2_PLACEMENT_3D('',#2769,#2217,#2218);
#1919=AXIS2_PLACEMENT_3D('',#2775,#2222,#2223);
#1920=AXIS2_PLACEMENT_3D('',#2777,#2224,#2225);
#1921=AXIS2_PLACEMENT_3D('',#2780,#2227,#2228);
#1922=AXIS2_PLACEMENT_3D('',#2781,#2229,#2230);
#1923=AXIS2_PLACEMENT_3D('',#2787,#2234,#2235);
#1924=AXIS2_PLACEMENT_3D('',#2789,#2236,#2237);
#1925=AXIS2_PLACEMENT_3D('',#2792,#2239,#2240);
#1926=AXIS2_PLACEMENT_3D('',#2793,#2241,#2242);
#1927=AXIS2_PLACEMENT_3D('',#2799,#2246,#2247);
#1928=AXIS2_PLACEMENT_3D('',#2800,#2248,#2249);
#1929=AXIS2_PLACEMENT_3D('',#2801,#2250,#2251);
#1930=AXIS2_PLACEMENT_3D('',#2802,#2252,#2253);
#1931=AXIS2_PLACEMENT_3D('',#2804,#2255,#2256);
#1932=AXIS2_PLACEMENT_3D('',#2807,#2257,#2258);
#1933=AXIS2_PLACEMENT_3D('',#2811,#2260,#2261);
#1934=AXIS2_PLACEMENT_3D('',#2813,#2263,#2264);
#1935=AXIS2_PLACEMENT_3D('',#2819,#2268,#2269);
#1936=AXIS2_PLACEMENT_3D('',#2821,#2270,#2271);
#1937=AXIS2_PLACEMENT_3D('',#2824,#2273,#2274);
#1938=AXIS2_PLACEMENT_3D('',#2825,#2275,#2276);
#1939=AXIS2_PLACEMENT_3D('',#2831,#2280,#2281);
#1940=AXIS2_PLACEMENT_3D('',#2833,#2282,#2283);
#1941=AXIS2_PLACEMENT_3D('',#2836,#2285,#2286);
#1942=AXIS2_PLACEMENT_3D('',#2837,#2287,#2288);
#1943=AXIS2_PLACEMENT_3D('',#2843,#2292,#2293);
#1944=AXIS2_PLACEMENT_3D('',#2845,#2294,#2295);
#1945=AXIS2_PLACEMENT_3D('',#2848,#2297,#2298);
#1946=AXIS2_PLACEMENT_3D('',#2849,#2299,#2300);
#1947=AXIS2_PLACEMENT_3D('',#2855,#2304,#2305);
#1948=AXIS2_PLACEMENT_3D('',#2861,#2309,#2310);
#1949=AXIS2_PLACEMENT_3D('',#2870,#2315,#2316);
#1950=AXIS2_PLACEMENT_3D('',#2873,#2319,#2320);
#1951=AXIS2_PLACEMENT_3D('',#2875,#2322,#2323);
#1952=AXIS2_PLACEMENT_3D('',#2886,#2330,#2331);
#1953=AXIS2_PLACEMENT_3D('',#2897,#2338,#2339);
#1954=AXIS2_PLACEMENT_3D('',#2899,#2340,#2341);
#1955=AXIS2_PLACEMENT_3D('',#2902,#2343,#2344);
#1956=AXIS2_PLACEMENT_3D('',#2903,#2345,#2346);
#1957=AXIS2_PLACEMENT_3D('',#2905,#2347,#2348);
#1958=AXIS2_PLACEMENT_3D('',#2906,#2349,#2350);
#1959=AXIS2_PLACEMENT_3D('',#2908,#2351,#2352);
#1960=AXIS2_PLACEMENT_3D('',#2911,#2354,#2355);
#1961=AXIS2_PLACEMENT_3D('',#2912,#2356,#2357);
#1962=AXIS2_PLACEMENT_3D('',#2914,#2358,#2359);
#1963=AXIS2_PLACEMENT_3D('',#2915,#2360,#2361);
#1964=AXIS2_PLACEMENT_3D('',#2917,#2362,#2363);
#1965=AXIS2_PLACEMENT_3D('',#2920,#2365,#2366);
#1966=AXIS2_PLACEMENT_3D('',#2921,#2367,#2368);
#1967=AXIS2_PLACEMENT_3D('',#2923,#2369,#2370);
#1968=AXIS2_PLACEMENT_3D('',#2924,#2371,#2372);
#1969=AXIS2_PLACEMENT_3D('',#2926,#2373,#2374);
#1970=AXIS2_PLACEMENT_3D('',#2929,#2376,#2377);
#1971=AXIS2_PLACEMENT_3D('',#2930,#2378,#2379);
#1972=AXIS2_PLACEMENT_3D('',#2932,#2380,#2381);
#1973=AXIS2_PLACEMENT_3D('',#2933,#2382,#2383);
#1974=AXIS2_PLACEMENT_3D('',#2935,#2384,#2385);
#1975=AXIS2_PLACEMENT_3D('',#2938,#2387,#2388);
#1976=AXIS2_PLACEMENT_3D('',#2939,#2389,#2390);
#1977=AXIS2_PLACEMENT_3D('',#2941,#2391,#2392);
#1978=AXIS2_PLACEMENT_3D('',#2944,#2394,#2395);
#1979=AXIS2_PLACEMENT_3D('',#2945,#2396,#2397);
#1980=AXIS2_PLACEMENT_3D('',#2947,#2398,#2399);
#1981=AXIS2_PLACEMENT_3D('',#2950,#2401,#2402);
#1982=AXIS2_PLACEMENT_3D('',#2951,#2403,#2404);
#1983=AXIS2_PLACEMENT_3D('',#2953,#2405,#2406);
#1984=AXIS2_PLACEMENT_3D('',#2956,#2408,#2409);
#1985=AXIS2_PLACEMENT_3D('',#2957,#2410,#2411);
#1986=AXIS2_PLACEMENT_3D('',#2959,#2412,#2413);
#1987=AXIS2_PLACEMENT_3D('',#2962,#2415,#2416);
#1988=AXIS2_PLACEMENT_3D('',#2963,#2417,#2418);
#1989=AXIS2_PLACEMENT_3D('',#2965,#2419,#2420);
#1990=AXIS2_PLACEMENT_3D('',#2968,#2422,#2423);
#1991=AXIS2_PLACEMENT_3D('',#2969,#2424,#2425);
#1992=AXIS2_PLACEMENT_3D('',#2971,#2426,#2427);
#1993=AXIS2_PLACEMENT_3D('',#2974,#2429,#2430);
#1994=AXIS2_PLACEMENT_3D('',#2975,#2431,#2432);
#1995=AXIS2_PLACEMENT_3D('',#2977,#2433,#2434);
#1996=AXIS2_PLACEMENT_3D('',#2980,#2436,#2437);
#1997=AXIS2_PLACEMENT_3D('',#2981,#2438,#2439);
#1998=AXIS2_PLACEMENT_3D('',#2983,#2440,#2441);
#1999=AXIS2_PLACEMENT_3D('',#2984,#2442,#2443);
#2000=AXIS2_PLACEMENT_3D('',#2986,#2444,#2445);
#2001=AXIS2_PLACEMENT_3D('',#2989,#2447,#2448);
#2002=AXIS2_PLACEMENT_3D('',#2990,#2449,#2450);
#2003=AXIS2_PLACEMENT_3D('',#2992,#2451,#2452);
#2004=AXIS2_PLACEMENT_3D('',#2993,#2453,#2454);
#2005=AXIS2_PLACEMENT_3D('',#2996,#2456,#2457);
#2006=AXIS2_PLACEMENT_3D('',#2997,#2458,#2459);
#2007=AXIS2_PLACEMENT_3D('',#3000,#2461,#2462);
#2008=AXIS2_PLACEMENT_3D('',#3001,#2463,#2464);
#2009=AXIS2_PLACEMENT_3D('',#3010,#2469,#2470);
#2010=AXIS2_PLACEMENT_3D('',#3019,#2475,#2476);
#2011=AXIS2_PLACEMENT_3D('',#3021,#2478,#2479);
#2012=AXIS2_PLACEMENT_3D('',#3022,#2480,#2481);
#2013=AXIS2_PLACEMENT_3D('',#3026,#2484,#2485);
#2014=AXIS2_PLACEMENT_3D('',#3028,#2486,#2487);
#2015=AXIS2_PLACEMENT_3D('',#3030,#2488,#2489);
#2016=AXIS2_PLACEMENT_3D('',#3032,#2490,#2491);
#2017=AXIS2_PLACEMENT_3D('',#3033,#2492,#2493);
#2018=AXIS2_PLACEMENT_3D('',#3037,#2495,#2496);
#2019=AXIS2_PLACEMENT_3D('',#3041,#2498,#2499);
#2020=AXIS2_PLACEMENT_3D('',#3045,#2501,#2502);
#2021=AXIS2_PLACEMENT_3D('',#3049,#2504,#2505);
#2022=AXIS2_PLACEMENT_3D('',#3051,#2507,#2508);
#2023=AXIS2_PLACEMENT_3D('',#3053,#2510,#2511);
#2024=AXIS2_PLACEMENT_3D('',#3056,#2512,#2513);
#2025=AXIS2_PLACEMENT_3D('',#3060,#2515,#2516);
#2026=AXIS2_PLACEMENT_3D('',#3062,#2518,#2519);
#2027=AXIS2_PLACEMENT_3D('',#3068,#2523,#2524);
#2028=AXIS2_PLACEMENT_3D('',#3070,#2525,#2526);
#2029=AXIS2_PLACEMENT_3D('',#3072,#2527,#2528);
#2030=AXIS2_PLACEMENT_3D('',#3074,#2530,#2531);
#2031=AXIS2_PLACEMENT_3D('',#3081,#2536,#2537);
#2032=AXIS2_PLACEMENT_3D('',#3085,#2539,#2540);
#2033=AXIS2_PLACEMENT_3D('',#3088,#2542,#2543);
#2034=AXIS2_PLACEMENT_3D('',#3089,#2544,#2545);
#2035=AXIS2_PLACEMENT_3D('',#3092,#2548,#2549);
#2036=AXIS2_PLACEMENT_3D('',#3093,#2550,#2551);
#2037=AXIS2_PLACEMENT_3D('',#3096,#2553,#2554);
#2038=AXIS2_PLACEMENT_3D('',#3097,#2555,#2556);
#2039=AXIS2_PLACEMENT_3D('',#3101,#2559,#2560);
#2040=AXIS2_PLACEMENT_3D('',#3104,#2562,#2563);
#2041=AXIS2_PLACEMENT_3D('',#3105,#2564,#2565);
#2042=AXIS2_PLACEMENT_3D('',#3108,#2568,#2569);
#2043=AXIS2_PLACEMENT_3D('',#3109,#2570,#2571);
#2044=AXIS2_PLACEMENT_3D('',#3111,#2573,#2574);
#2045=AXIS2_PLACEMENT_3D('',#3113,#2576,#2577);
#2046=AXIS2_PLACEMENT_3D('',#3115,#2579,#2580);
#2047=AXIS2_PLACEMENT_3D('',#3117,#2582,#2583);
#2048=AXIS2_PLACEMENT_3D('',#3119,#2585,#2586);
#2049=AXIS2_PLACEMENT_3D('',#3120,#2587,#2588);
#2050=DIRECTION('axis',(0.,0.,1.));
#2051=DIRECTION('refdir',(1.,0.,0.));
#2052=DIRECTION('axis',(0.,0.,1.));
#2053=DIRECTION('refdir',(1.,0.,0.));
#2054=DIRECTION('center_axis',(0.,1.,0.));
#2055=DIRECTION('ref_axis',(-1.,0.,0.));
#2056=DIRECTION('center_axis',(0.,1.,0.));
#2057=DIRECTION('ref_axis',(-1.,0.,0.));
#2058=DIRECTION('',(0.,1.,0.));
#2059=DIRECTION('center_axis',(0.,1.,0.));
#2060=DIRECTION('ref_axis',(-1.,0.,0.));
#2061=DIRECTION('',(0.,1.,0.));
#2062=DIRECTION('center_axis',(0.,0.,-1.));
#2063=DIRECTION('ref_axis',(-1.,0.,0.));
#2064=DIRECTION('',(-1.,0.,0.));
#2065=DIRECTION('',(0.,1.,0.));
#2066=DIRECTION('',(-1.,0.,0.));
#2067=DIRECTION('center_axis',(0.,1.,0.));
#2068=DIRECTION('ref_axis',(0.,0.,-1.));
#2069=DIRECTION('center_axis',(0.,1.,0.));
#2070=DIRECTION('ref_axis',(0.,0.,-1.));
#2071=DIRECTION('',(0.,1.,0.));
#2072=DIRECTION('center_axis',(0.,1.,0.));
#2073=DIRECTION('ref_axis',(0.,0.,-1.));
#2074=DIRECTION('center_axis',(1.,0.,-1.23358113847239E-15));
#2075=DIRECTION('ref_axis',(-1.23358113847239E-15,0.,-1.));
#2076=DIRECTION('',(-1.23358113847239E-15,0.,-1.));
#2077=DIRECTION('',(0.,1.,0.));
#2078=DIRECTION('',(-1.23358113847239E-15,0.,-1.));
#2079=DIRECTION('center_axis',(0.,1.,0.));
#2080=DIRECTION('ref_axis',(1.,0.,0.));
#2081=DIRECTION('center_axis',(0.,1.,0.));
#2082=DIRECTION('ref_axis',(1.,0.,0.));
#2083=DIRECTION('',(0.,1.,0.));
#2084=DIRECTION('center_axis',(0.,1.,0.));
#2085=DIRECTION('ref_axis',(1.,0.,0.));
#2086=DIRECTION('center_axis',(3.70074341541718E-15,0.,1.));
#2087=DIRECTION('ref_axis',(1.,0.,-3.70074341541718E-15));
#2088=DIRECTION('',(1.,0.,-3.70074341541718E-15));
#2089=DIRECTION('',(0.,1.,0.));
#2090=DIRECTION('',(1.,0.,-3.70074341541718E-15));
#2091=DIRECTION('center_axis',(0.,1.,0.));
#2092=DIRECTION('ref_axis',(0.,0.,1.));
#2093=DIRECTION('center_axis',(0.,1.,0.));
#2094=DIRECTION('ref_axis',(0.,0.,1.));
#2095=DIRECTION('',(0.,1.,0.));
#2096=DIRECTION('center_axis',(0.,1.,0.));
#2097=DIRECTION('ref_axis',(0.,0.,1.));
#2098=DIRECTION('center_axis',(-1.,0.,-8.88178419700113E-15));
#2099=DIRECTION('ref_axis',(-8.88178419700113E-15,0.,1.));
#2100=DIRECTION('',(-8.88178419700113E-15,0.,1.));
#2101=DIRECTION('',(0.,1.,0.));
#2102=DIRECTION('',(-8.88178419700113E-15,0.,1.));
#2103=DIRECTION('center_axis',(0.,0.,1.));
#2104=DIRECTION('ref_axis',(1.,0.,0.));
#2105=DIRECTION('',(1.,0.,0.));
#2106=DIRECTION('',(0.,-1.,0.));
#2107=DIRECTION('',(1.,0.,0.));
#2108=DIRECTION('center_axis',(0.,0.,-1.));
#2109=DIRECTION('ref_axis',(-1.,0.,0.));
#2110=DIRECTION('',(-1.,0.,0.));
#2111=DIRECTION('',(0.,1.,0.));
#2112=DIRECTION('',(-1.,0.,0.));
#2113=DIRECTION('',(0.,1.,0.));
#2114=DIRECTION('center_axis',(-1.,0.,8.88178419700113E-15));
#2115=DIRECTION('ref_axis',(8.88178419700113E-15,0.,1.));
#2116=DIRECTION('',(8.88178419700113E-15,0.,1.));
#2117=DIRECTION('',(8.88178419700113E-15,0.,1.));
#2118=DIRECTION('center_axis',(0.,-1.,0.));
#2119=DIRECTION('ref_axis',(1.,0.,0.));
#2120=DIRECTION('',(0.,0.,1.));
#2121=DIRECTION('center_axis',(0.,0.,1.));
#2122=DIRECTION('ref_axis',(1.,0.,0.));
#2123=DIRECTION('',(1.,0.,0.));
#2124=DIRECTION('',(0.,1.,0.));
#2125=DIRECTION('',(1.,0.,0.));
#2126=DIRECTION('',(0.,1.,0.));
#2127=DIRECTION('center_axis',(0.,1.,0.));
#2128=DIRECTION('ref_axis',(0.,0.,1.));
#2129=DIRECTION('center_axis',(0.,1.,0.));
#2130=DIRECTION('ref_axis',(0.,0.,1.));
#2131=DIRECTION('',(0.,1.,0.));
#2132=DIRECTION('center_axis',(0.,1.,0.));
#2133=DIRECTION('ref_axis',(0.,0.,1.));
#2134=DIRECTION('center_axis',(-1.,0.,0.));
#2135=DIRECTION('ref_axis',(0.,0.,1.));
#2136=DIRECTION('',(0.,0.,1.));
#2137=DIRECTION('',(0.,1.,0.));
#2138=DIRECTION('',(0.,0.,1.));
#2139=DIRECTION('center_axis',(0.,1.,0.));
#2140=DIRECTION('ref_axis',(-1.,0.,0.));
#2141=DIRECTION('center_axis',(0.,1.,0.));
#2142=DIRECTION('ref_axis',(-1.,0.,0.));
#2143=DIRECTION('',(0.,1.,0.));
#2144=DIRECTION('center_axis',(0.,1.,0.));
#2145=DIRECTION('ref_axis',(-1.,0.,0.));
#2146=DIRECTION('center_axis',(3.70074341541719E-15,0.,-1.));
#2147=DIRECTION('ref_axis',(-1.,0.,-3.70074341541719E-15));
#2148=DIRECTION('',(-1.,0.,-3.70074341541719E-15));
#2149=DIRECTION('',(0.,1.,0.));
#2150=DIRECTION('',(-1.,0.,-3.70074341541719E-15));
#2151=DIRECTION('center_axis',(0.,1.,0.));
#2152=DIRECTION('ref_axis',(0.,0.,-1.));
#2153=DIRECTION('center_axis',(0.,1.,0.));
#2154=DIRECTION('ref_axis',(0.,0.,-1.));
#2155=DIRECTION('',(0.,1.,0.));
#2156=DIRECTION('center_axis',(0.,1.,0.));
#2157=DIRECTION('ref_axis',(0.,0.,-1.));
#2158=DIRECTION('center_axis',(1.,0.,0.));
#2159=DIRECTION('ref_axis',(0.,0.,-1.));
#2160=DIRECTION('',(0.,0.,-1.));
#2161=DIRECTION('',(0.,1.,0.));
#2162=DIRECTION('',(0.,0.,-1.));
#2163=DIRECTION('center_axis',(0.,0.,-1.));
#2164=DIRECTION('ref_axis',(-1.,0.,0.));
#2165=DIRECTION('',(-1.,0.,0.));
#2166=DIRECTION('',(0.,-1.,0.));
#2167=DIRECTION('',(-1.,0.,0.));
#2168=DIRECTION('center_axis',(0.,0.,1.));
#2169=DIRECTION('ref_axis',(1.,0.,0.));
#2170=DIRECTION('',(1.,0.,0.));
#2171=DIRECTION('',(0.,1.,0.));
#2172=DIRECTION('',(1.,0.,0.));
#2173=DIRECTION('',(0.,1.,0.));
#2174=DIRECTION('center_axis',(1.,0.,0.));
#2175=DIRECTION('ref_axis',(0.,0.,-1.));
#2176=DIRECTION('',(0.,0.,-1.));
#2177=DIRECTION('',(0.,1.,0.));
#2178=DIRECTION('',(0.,0.,-1.));
#2179=DIRECTION('center_axis',(0.,1.,0.));
#2180=DIRECTION('ref_axis',(1.,0.,0.));
#2181=DIRECTION('center_axis',(0.,1.,0.));
#2182=DIRECTION('ref_axis',(1.,0.,0.));
#2183=DIRECTION('center_axis',(0.,1.,0.));
#2184=DIRECTION('ref_axis',(1.,0.,0.));
#2185=DIRECTION('center_axis',(0.,-1.,0.));
#2186=DIRECTION('ref_axis',(1.,0.,0.));
#2187=DIRECTION('',(0.,0.,-1.));
#2188=DIRECTION('center_axis',(-1.,0.,1.77635683940029E-14));
#2189=DIRECTION('ref_axis',(1.77635683940029E-14,0.,1.));
#2190=DIRECTION('',(1.77635683940029E-14,0.,1.));
#2191=DIRECTION('',(0.,1.,0.));
#2192=DIRECTION('',(1.77635683940029E-14,0.,1.));
#2193=DIRECTION('',(0.,1.,0.));
#2194=DIRECTION('center_axis',(0.,0.,1.));
#2195=DIRECTION('ref_axis',(1.,0.,0.));
#2196=DIRECTION('',(1.,0.,0.));
#2197=DIRECTION('',(0.,-1.,0.));
#2198=DIRECTION('',(1.,0.,0.));
#2199=DIRECTION('center_axis',(0.,0.,-1.));
#2200=DIRECTION('ref_axis',(-1.,0.,0.));
#2201=DIRECTION('',(-1.,0.,0.));
#2202=DIRECTION('',(0.,1.,0.));
#2203=DIRECTION('',(-1.,0.,0.));
#2204=DIRECTION('',(0.,1.,0.));
#2205=DIRECTION('center_axis',(-1.,0.,0.));
#2206=DIRECTION('ref_axis',(0.,0.,1.));
#2207=DIRECTION('',(0.,0.,1.));
#2208=DIRECTION('',(0.,1.,0.));
#2209=DIRECTION('',(0.,0.,1.));
#2210=DIRECTION('center_axis',(0.,1.,0.));
#2211=DIRECTION('ref_axis',(-1.,0.,0.));
#2212=DIRECTION('center_axis',(0.,1.,0.));
#2213=DIRECTION('ref_axis',(-1.,0.,0.));
#2214=DIRECTION('',(0.,1.,0.));
#2215=DIRECTION('center_axis',(0.,1.,0.));
#2216=DIRECTION('ref_axis',(-1.,0.,0.));
#2217=DIRECTION('center_axis',(3.70074341541718E-15,0.,-1.));
#2218=DIRECTION('ref_axis',(-1.,0.,-3.70074341541718E-15));
#2219=DIRECTION('',(-1.,0.,-3.70074341541718E-15));
#2220=DIRECTION('',(0.,1.,0.));
#2221=DIRECTION('',(-1.,0.,-3.70074341541718E-15));
#2222=DIRECTION('center_axis',(0.,1.,0.));
#2223=DIRECTION('ref_axis',(0.,0.,-1.));
#2224=DIRECTION('center_axis',(0.,1.,0.));
#2225=DIRECTION('ref_axis',(0.,0.,-1.));
#2226=DIRECTION('',(0.,1.,0.));
#2227=DIRECTION('center_axis',(0.,1.,0.));
#2228=DIRECTION('ref_axis',(0.,0.,-1.));
#2229=DIRECTION('center_axis',(1.,0.,2.46716227694479E-15));
#2230=DIRECTION('ref_axis',(2.46716227694479E-15,0.,-1.));
#2231=DIRECTION('',(2.46716227694479E-15,0.,-1.));
#2232=DIRECTION('',(0.,1.,0.));
#2233=DIRECTION('',(2.46716227694479E-15,0.,-1.));
#2234=DIRECTION('center_axis',(0.,1.,0.));
#2235=DIRECTION('ref_axis',(1.,0.,0.));
#2236=DIRECTION('center_axis',(0.,1.,0.));
#2237=DIRECTION('ref_axis',(1.,0.,0.));
#2238=DIRECTION('',(0.,1.,0.));
#2239=DIRECTION('center_axis',(0.,1.,0.));
#2240=DIRECTION('ref_axis',(1.,0.,0.));
#2241=DIRECTION('center_axis',(-1.85037170770859E-15,0.,1.));
#2242=DIRECTION('ref_axis',(1.,0.,1.85037170770859E-15));
#2243=DIRECTION('',(1.,0.,1.85037170770859E-15));
#2244=DIRECTION('',(0.,1.,0.));
#2245=DIRECTION('',(1.,0.,1.85037170770859E-15));
#2246=DIRECTION('center_axis',(0.,1.,0.));
#2247=DIRECTION('ref_axis',(0.,0.,1.));
#2248=DIRECTION('center_axis',(0.,1.,0.));
#2249=DIRECTION('ref_axis',(0.,0.,1.));
#2250=DIRECTION('center_axis',(0.,1.,0.));
#2251=DIRECTION('ref_axis',(0.,0.,1.));
#2252=DIRECTION('center_axis',(0.,-1.,0.));
#2253=DIRECTION('ref_axis',(1.,0.,0.));
#2254=DIRECTION('',(0.,0.,1.));
#2255=DIRECTION('center_axis',(0.,1.,0.));
#2256=DIRECTION('ref_axis',(1.,0.,0.));
#2257=DIRECTION('center_axis',(0.,1.,0.));
#2258=DIRECTION('ref_axis',(1.,0.,0.));
#2259=DIRECTION('',(0.,1.,0.));
#2260=DIRECTION('center_axis',(0.,1.,0.));
#2261=DIRECTION('ref_axis',(1.,0.,0.));
#2262=DIRECTION('',(0.,1.,0.));
#2263=DIRECTION('center_axis',(1.85037170770859E-15,0.,1.));
#2264=DIRECTION('ref_axis',(1.,0.,-1.85037170770859E-15));
#2265=DIRECTION('',(1.,0.,-1.85037170770859E-15));
#2266=DIRECTION('',(0.,1.,0.));
#2267=DIRECTION('',(1.,0.,-1.85037170770859E-15));
#2268=DIRECTION('center_axis',(0.,1.,0.));
#2269=DIRECTION('ref_axis',(0.,0.,1.));
#2270=DIRECTION('center_axis',(0.,1.,0.));
#2271=DIRECTION('ref_axis',(0.,0.,1.));
#2272=DIRECTION('',(0.,1.,0.));
#2273=DIRECTION('center_axis',(0.,1.,0.));
#2274=DIRECTION('ref_axis',(0.,0.,1.));
#2275=DIRECTION('center_axis',(-1.,0.,2.46716227694479E-15));
#2276=DIRECTION('ref_axis',(2.46716227694479E-15,0.,1.));
#2277=DIRECTION('',(2.46716227694479E-15,0.,1.));
#2278=DIRECTION('',(0.,1.,0.));
#2279=DIRECTION('',(2.46716227694479E-15,0.,1.));
#2280=DIRECTION('center_axis',(0.,1.,0.));
#2281=DIRECTION('ref_axis',(-1.,0.,0.));
#2282=DIRECTION('center_axis',(0.,1.,0.));
#2283=DIRECTION('ref_axis',(-1.,0.,0.));
#2284=DIRECTION('',(0.,1.,0.));
#2285=DIRECTION('center_axis',(0.,1.,0.));
#2286=DIRECTION('ref_axis',(-1.,0.,0.));
#2287=DIRECTION('center_axis',(-3.70074341541719E-15,0.,-1.));
#2288=DIRECTION('ref_axis',(-1.,0.,3.70074341541719E-15));
#2289=DIRECTION('',(-1.,0.,3.70074341541719E-15));
#2290=DIRECTION('',(0.,1.,0.));
#2291=DIRECTION('',(-1.,0.,3.70074341541719E-15));
#2292=DIRECTION('center_axis',(0.,1.,0.));
#2293=DIRECTION('ref_axis',(0.,0.,-1.));
#2294=DIRECTION('center_axis',(0.,1.,0.));
#2295=DIRECTION('ref_axis',(0.,0.,-1.));
#2296=DIRECTION('',(0.,1.,0.));
#2297=DIRECTION('center_axis',(0.,1.,0.));
#2298=DIRECTION('ref_axis',(0.,0.,-1.));
#2299=DIRECTION('center_axis',(1.,0.,0.));
#2300=DIRECTION('ref_axis',(0.,0.,-1.));
#2301=DIRECTION('',(0.,0.,-1.));
#2302=DIRECTION('',(0.,1.,0.));
#2303=DIRECTION('',(0.,0.,-1.));
#2304=DIRECTION('center_axis',(0.,0.,-1.));
#2305=DIRECTION('ref_axis',(-1.,0.,0.));
#2306=DIRECTION('',(-1.,0.,0.));
#2307=DIRECTION('',(0.,-1.,0.));
#2308=DIRECTION('',(-1.,0.,0.));
#2309=DIRECTION('center_axis',(0.,0.,1.));
#2310=DIRECTION('ref_axis',(1.,0.,0.));
#2311=DIRECTION('',(1.,0.,0.));
#2312=DIRECTION('',(0.,1.,0.));
#2313=DIRECTION('',(1.,0.,0.));
#2314=DIRECTION('',(0.,1.,0.));
#2315=DIRECTION('center_axis',(1.,0.,0.));
#2316=DIRECTION('ref_axis',(0.,0.,-1.));
#2317=DIRECTION('',(0.,0.,-1.));
#2318=DIRECTION('',(0.,0.,-1.));
#2319=DIRECTION('center_axis',(0.,-1.,0.));
#2320=DIRECTION('ref_axis',(1.,0.,0.));
#2321=DIRECTION('',(0.,0.,-1.));
#2322=DIRECTION('center_axis',(-1.,0.,0.));
#2323=DIRECTION('ref_axis',(0.,0.,1.));
#2324=DIRECTION('',(0.,0.,-1.));
#2325=DIRECTION('',(0.,1.,0.));
#2326=DIRECTION('',(0.,0.,1.));
#2327=DIRECTION('',(0.,1.,0.));
#2328=DIRECTION('',(0.,0.,-1.));
#2329=DIRECTION('',(0.,0.,-1.));
#2330=DIRECTION('center_axis',(1.,0.,0.));
#2331=DIRECTION('ref_axis',(0.,0.,-1.));
#2332=DIRECTION('',(0.,0.,1.));
#2333=DIRECTION('',(0.,0.,1.));
#2334=DIRECTION('',(0.,1.,0.));
#2335=DIRECTION('',(0.,0.,-1.));
#2336=DIRECTION('',(0.,1.,0.));
#2337=DIRECTION('',(0.,0.,1.));
#2338=DIRECTION('center_axis',(0.,1.,0.));
#2339=DIRECTION('ref_axis',(1.,0.,0.));
#2340=DIRECTION('center_axis',(0.,1.,0.));
#2341=DIRECTION('ref_axis',(1.,0.,0.));
#2342=DIRECTION('',(0.,1.,0.));
#2343=DIRECTION('center_axis',(0.,1.,0.));
#2344=DIRECTION('ref_axis',(1.,0.,0.));
#2345=DIRECTION('center_axis',(0.,1.,0.));
#2346=DIRECTION('ref_axis',(1.,0.,0.));
#2347=DIRECTION('center_axis',(0.,-1.,0.));
#2348=DIRECTION('ref_axis',(1.,0.,0.));
#2349=DIRECTION('center_axis',(0.,1.,0.));
#2350=DIRECTION('ref_axis',(1.,0.,0.));
#2351=DIRECTION('center_axis',(0.,-1.,0.));
#2352=DIRECTION('ref_axis',(1.,0.,0.));
#2353=DIRECTION('',(0.,-1.,0.));
#2354=DIRECTION('center_axis',(0.,-1.,0.));
#2355=DIRECTION('ref_axis',(1.,0.,0.));
#2356=DIRECTION('center_axis',(0.,1.,0.));
#2357=DIRECTION('ref_axis',(1.,0.,0.));
#2358=DIRECTION('center_axis',(0.,-1.,0.));
#2359=DIRECTION('ref_axis',(1.,0.,0.));
#2360=DIRECTION('center_axis',(0.,1.,0.));
#2361=DIRECTION('ref_axis',(1.,0.,0.));
#2362=DIRECTION('center_axis',(0.,-1.,0.));
#2363=DIRECTION('ref_axis',(1.,0.,0.));
#2364=DIRECTION('',(0.,-1.,0.));
#2365=DIRECTION('center_axis',(0.,-1.,0.));
#2366=DIRECTION('ref_axis',(1.,0.,0.));
#2367=DIRECTION('center_axis',(0.,1.,0.));
#2368=DIRECTION('ref_axis',(1.,0.,0.));
#2369=DIRECTION('center_axis',(0.,-1.,0.));
#2370=DIRECTION('ref_axis',(1.,0.,0.));
#2371=DIRECTION('center_axis',(0.,1.,0.));
#2372=DIRECTION('ref_axis',(1.,0.,0.));
#2373=DIRECTION('center_axis',(0.,-1.,0.));
#2374=DIRECTION('ref_axis',(1.,0.,0.));
#2375=DIRECTION('',(0.,-1.,0.));
#2376=DIRECTION('center_axis',(0.,-1.,0.));
#2377=DIRECTION('ref_axis',(1.,0.,0.));
#2378=DIRECTION('center_axis',(0.,1.,0.));
#2379=DIRECTION('ref_axis',(1.,0.,0.));
#2380=DIRECTION('center_axis',(0.,-1.,0.));
#2381=DIRECTION('ref_axis',(1.,0.,0.));
#2382=DIRECTION('center_axis',(0.,1.,0.));
#2383=DIRECTION('ref_axis',(1.,0.,0.));
#2384=DIRECTION('center_axis',(0.,1.,0.));
#2385=DIRECTION('ref_axis',(1.,0.,0.));
#2386=DIRECTION('',(0.,1.,0.));
#2387=DIRECTION('center_axis',(0.,-1.,0.));
#2388=DIRECTION('ref_axis',(1.,0.,0.));
#2389=DIRECTION('center_axis',(0.,1.,0.));
#2390=DIRECTION('ref_axis',(1.,0.,0.));
#2391=DIRECTION('center_axis',(0.,1.,0.));
#2392=DIRECTION('ref_axis',(1.,0.,0.));
#2393=DIRECTION('',(0.,1.,0.));
#2394=DIRECTION('center_axis',(0.,-1.,0.));
#2395=DIRECTION('ref_axis',(1.,0.,0.));
#2396=DIRECTION('center_axis',(0.,1.,0.));
#2397=DIRECTION('ref_axis',(1.,0.,0.));
#2398=DIRECTION('center_axis',(0.,1.,0.));
#2399=DIRECTION('ref_axis',(1.,0.,0.));
#2400=DIRECTION('',(0.,1.,0.));
#2401=DIRECTION('center_axis',(0.,-1.,0.));
#2402=DIRECTION('ref_axis',(1.,0.,0.));
#2403=DIRECTION('center_axis',(0.,1.,0.));
#2404=DIRECTION('ref_axis',(1.,0.,0.));
#2405=DIRECTION('center_axis',(0.,1.,0.));
#2406=DIRECTION('ref_axis',(1.,0.,0.));
#2407=DIRECTION('',(0.,1.,0.));
#2408=DIRECTION('center_axis',(0.,-1.,0.));
#2409=DIRECTION('ref_axis',(1.,0.,0.));
#2410=DIRECTION('center_axis',(0.,1.,0.));
#2411=DIRECTION('ref_axis',(1.,0.,0.));
#2412=DIRECTION('center_axis',(0.,1.,0.));
#2413=DIRECTION('ref_axis',(1.,0.,0.));
#2414=DIRECTION('',(0.,1.,0.));
#2415=DIRECTION('center_axis',(0.,-1.,0.));
#2416=DIRECTION('ref_axis',(1.,0.,0.));
#2417=DIRECTION('center_axis',(0.,1.,0.));
#2418=DIRECTION('ref_axis',(1.,0.,0.));
#2419=DIRECTION('center_axis',(0.,1.,0.));
#2420=DIRECTION('ref_axis',(1.,0.,0.));
#2421=DIRECTION('',(0.,1.,0.));
#2422=DIRECTION('center_axis',(0.,-1.,0.));
#2423=DIRECTION('ref_axis',(1.,0.,0.));
#2424=DIRECTION('center_axis',(0.,-1.,0.));
#2425=DIRECTION('ref_axis',(-1.,0.,0.));
#2426=DIRECTION('center_axis',(0.,-1.,0.));
#2427=DIRECTION('ref_axis',(-1.,0.,0.));
#2428=DIRECTION('',(0.,-1.,0.));
#2429=DIRECTION('center_axis',(0.,1.,0.));
#2430=DIRECTION('ref_axis',(-1.,0.,0.));
#2431=DIRECTION('center_axis',(0.,-1.,0.));
#2432=DIRECTION('ref_axis',(-1.,0.,0.));
#2433=DIRECTION('center_axis',(0.,-1.,0.));
#2434=DIRECTION('ref_axis',(-1.,0.,0.));
#2435=DIRECTION('',(0.,-1.,0.));
#2436=DIRECTION('center_axis',(0.,-1.,0.));
#2437=DIRECTION('ref_axis',(-1.,0.,0.));
#2438=DIRECTION('center_axis',(0.,1.,0.));
#2439=DIRECTION('ref_axis',(-1.,0.,0.));
#2440=DIRECTION('center_axis',(0.,1.,0.));
#2441=DIRECTION('ref_axis',(-1.,0.,0.));
#2442=DIRECTION('center_axis',(0.,-1.,0.));
#2443=DIRECTION('ref_axis',(-1.,0.,0.));
#2444=DIRECTION('center_axis',(0.,-1.,0.));
#2445=DIRECTION('ref_axis',(-1.,0.,0.));
#2446=DIRECTION('',(0.,-1.,0.));
#2447=DIRECTION('center_axis',(0.,-1.,0.));
#2448=DIRECTION('ref_axis',(-1.,0.,0.));
#2449=DIRECTION('center_axis',(0.,1.,0.));
#2450=DIRECTION('ref_axis',(-1.,0.,0.));
#2451=DIRECTION('center_axis',(0.,1.,0.));
#2452=DIRECTION('ref_axis',(-1.,0.,0.));
#2453=DIRECTION('center_axis',(0.,-1.,0.));
#2454=DIRECTION('ref_axis',(-1.,0.,0.));
#2455=DIRECTION('',(0.,-1.,0.));
#2456=DIRECTION('center_axis',(0.,1.,0.));
#2457=DIRECTION('ref_axis',(-1.,0.,0.));
#2458=DIRECTION('center_axis',(0.,-1.,0.));
#2459=DIRECTION('ref_axis',(-1.,0.,0.));
#2460=DIRECTION('',(0.,-1.,0.));
#2461=DIRECTION('center_axis',(0.,1.,0.));
#2462=DIRECTION('ref_axis',(-1.,0.,0.));
#2463=DIRECTION('center_axis',(0.,0.,-1.));
#2464=DIRECTION('ref_axis',(1.,0.,0.));
#2465=DIRECTION('',(1.,0.,0.));
#2466=DIRECTION('',(0.,1.,0.));
#2467=DIRECTION('',(1.,0.,0.));
#2468=DIRECTION('',(0.,-1.,0.));
#2469=DIRECTION('center_axis',(0.,0.,1.));
#2470=DIRECTION('ref_axis',(-1.,0.,0.));
#2471=DIRECTION('',(-1.,0.,0.));
#2472=DIRECTION('',(0.,1.,0.));
#2473=DIRECTION('',(-1.,0.,0.));
#2474=DIRECTION('',(0.,-1.,0.));
#2475=DIRECTION('center_axis',(0.,1.,0.));
#2476=DIRECTION('ref_axis',(-1.,0.,0.));
#2477=DIRECTION('',(0.,0.,1.));
#2478=DIRECTION('center_axis',(0.,1.,0.));
#2479=DIRECTION('ref_axis',(1.,0.,0.));
#2480=DIRECTION('center_axis',(0.,1.,0.));
#2481=DIRECTION('ref_axis',(1.,0.,0.));
#2482=DIRECTION('',(-1.,0.,0.));
#2483=DIRECTION('',(1.,0.,-1.61486985400023E-16));
#2484=DIRECTION('center_axis',(0.,-1.,0.));
#2485=DIRECTION('ref_axis',(1.,0.,0.));
#2486=DIRECTION('center_axis',(0.,-1.,0.));
#2487=DIRECTION('ref_axis',(1.,0.,0.));
#2488=DIRECTION('center_axis',(0.,-1.,0.));
#2489=DIRECTION('ref_axis',(1.,0.,0.));
#2490=DIRECTION('center_axis',(0.,-1.,0.));
#2491=DIRECTION('ref_axis',(1.,0.,0.));
#2492=DIRECTION('center_axis',(0.,-1.,0.));
#2493=DIRECTION('ref_axis',(1.,0.,0.));
#2494=DIRECTION('',(0.,0.,-1.));
#2495=DIRECTION('center_axis',(0.,-1.,0.));
#2496=DIRECTION('ref_axis',(-8.8817841970012E-15,0.,-1.));
#2497=DIRECTION('',(1.,0.,0.));
#2498=DIRECTION('center_axis',(0.,-1.,0.));
#2499=DIRECTION('ref_axis',(1.,0.,2.22044604925032E-15));
#2500=DIRECTION('',(0.,0.,1.));
#2501=DIRECTION('center_axis',(0.,-1.,0.));
#2502=DIRECTION('ref_axis',(0.,0.,1.));
#2503=DIRECTION('',(-1.,0.,0.));
#2504=DIRECTION('center_axis',(0.,-1.,0.));
#2505=DIRECTION('ref_axis',(-1.,0.,-8.88178419700136E-15));
#2506=DIRECTION('',(0.,0.,-1.));
#2507=DIRECTION('center_axis',(0.,1.,0.));
#2508=DIRECTION('ref_axis',(1.,0.,0.));
#2509=DIRECTION('',(0.,-1.,0.));
#2510=DIRECTION('center_axis',(0.,-1.,0.));
#2511=DIRECTION('ref_axis',(-1.,0.,0.));
#2512=DIRECTION('center_axis',(0.,1.,0.));
#2513=DIRECTION('ref_axis',(-1.,0.,0.));
#2514=DIRECTION('',(0.,-1.,0.));
#2515=DIRECTION('center_axis',(0.,-1.,0.));
#2516=DIRECTION('ref_axis',(-1.,0.,0.));
#2517=DIRECTION('',(0.,-1.,0.));
#2518=DIRECTION('center_axis',(0.,0.,1.));
#2519=DIRECTION('ref_axis',(-1.,0.,0.));
#2520=DIRECTION('',(1.,0.,0.));
#2521=DIRECTION('',(-1.,0.,0.));
#2522=DIRECTION('',(0.,-1.,0.));
#2523=DIRECTION('center_axis',(0.,-1.,0.));
#2524=DIRECTION('ref_axis',(0.,0.,1.));
#2525=DIRECTION('center_axis',(0.,1.,0.));
#2526=DIRECTION('ref_axis',(0.,0.,1.));
#2527=DIRECTION('center_axis',(0.,-1.,0.));
#2528=DIRECTION('ref_axis',(0.,0.,1.));
#2529=DIRECTION('',(0.,-1.,0.));
#2530=DIRECTION('center_axis',(1.,0.,0.));
#2531=DIRECTION('ref_axis',(0.,0.,1.));
#2532=DIRECTION('',(0.,0.,1.));
#2533=DIRECTION('',(0.,-1.,0.));
#2534=DIRECTION('',(0.,-1.,0.));
#2535=DIRECTION('',(0.,0.,-1.));
#2536=DIRECTION('center_axis',(0.,1.,0.));
#2537=DIRECTION('ref_axis',(-1.,0.,0.));
#2538=DIRECTION('',(0.,0.,-1.));
#2539=DIRECTION('center_axis',(0.,-1.,0.));
#2540=DIRECTION('ref_axis',(-1.,0.,-8.88178419700136E-15));
#2541=DIRECTION('',(-1.,0.,0.));
#2542=DIRECTION('center_axis',(0.,-1.,0.));
#2543=DIRECTION('ref_axis',(0.,0.,1.));
#2544=DIRECTION('center_axis',(0.,0.,1.));
#2545=DIRECTION('ref_axis',(-1.,0.,0.));
#2546=DIRECTION('',(0.,-1.,0.));
#2547=DIRECTION('',(0.,-1.,0.));
#2548=DIRECTION('center_axis',(0.,-1.,0.));
#2549=DIRECTION('ref_axis',(0.,0.,1.));
#2550=DIRECTION('center_axis',(0.,-1.,0.));
#2551=DIRECTION('ref_axis',(1.,0.,2.22044604925032E-15));
#2552=DIRECTION('',(0.,-1.,0.));
#2553=DIRECTION('center_axis',(0.,1.,0.));
#2554=DIRECTION('ref_axis',(1.,0.,2.22044604925032E-15));
#2555=DIRECTION('center_axis',(0.,0.,-1.));
#2556=DIRECTION('ref_axis',(1.,0.,0.));
#2557=DIRECTION('',(0.,-1.,0.));
#2558=DIRECTION('',(-1.,0.,0.));
#2559=DIRECTION('center_axis',(0.,-1.,0.));
#2560=DIRECTION('ref_axis',(-8.8817841970012E-15,0.,-1.));
#2561=DIRECTION('',(0.,-1.,0.));
#2562=DIRECTION('center_axis',(0.,1.,0.));
#2563=DIRECTION('ref_axis',(-8.8817841970012E-15,0.,-1.));
#2564=DIRECTION('center_axis',(-1.,0.,0.));
#2565=DIRECTION('ref_axis',(0.,0.,-1.));
#2566=DIRECTION('',(0.,-1.,0.));
#2567=DIRECTION('',(2.29886919202636E-16,0.,1.));
#2568=DIRECTION('center_axis',(0.,-1.,0.));
#2569=DIRECTION('ref_axis',(-1.,0.,-8.88178419700136E-15));
#2570=DIRECTION('center_axis',(0.,1.,0.));
#2571=DIRECTION('ref_axis',(1.,0.,0.));
#2572=DIRECTION('',(0.,-1.,0.));
#2573=DIRECTION('center_axis',(0.,1.,0.));
#2574=DIRECTION('ref_axis',(1.,0.,0.));
#2575=DIRECTION('',(0.,-1.,0.));
#2576=DIRECTION('center_axis',(0.,1.,0.));
#2577=DIRECTION('ref_axis',(1.,0.,0.));
#2578=DIRECTION('',(0.,-1.,0.));
#2579=DIRECTION('center_axis',(1.61486985400023E-16,0.,1.));
#2580=DIRECTION('ref_axis',(1.,0.,-1.61486985400023E-16));
#2581=DIRECTION('',(-1.,0.,1.61486985400023E-16));
#2582=DIRECTION('center_axis',(0.,0.,-1.));
#2583=DIRECTION('ref_axis',(-1.,0.,0.));
#2584=DIRECTION('',(1.,0.,0.));
#2585=DIRECTION('center_axis',(0.,1.,0.));
#2586=DIRECTION('ref_axis',(1.,0.,0.));
#2587=DIRECTION('',(0.,0.,1.));
#2588=DIRECTION('',(1.,0.,0.));
#2589=CARTESIAN_POINT('',(0.,0.,0.));
#2590=CARTESIAN_POINT('',(0.,0.,0.));
#2591=CARTESIAN_POINT('Origin',(13.3012192794247,0.,54.0546382004302));
#2592=CARTESIAN_POINT('',(13.3012192794247,0.,53.0546382004302));
#2593=CARTESIAN_POINT('',(12.3012192794247,0.,54.0546382004302));
#2594=CARTESIAN_POINT('Origin',(13.3012192794247,0.,54.0546382004302));
#2595=CARTESIAN_POINT('',(13.3012192794247,6.35,53.0546382004302));
#2596=CARTESIAN_POINT('',(13.3012192794247,0.,53.0546382004302));
#2597=CARTESIAN_POINT('',(12.3012192794247,6.35,54.0546382004302));
#2598=CARTESIAN_POINT('Origin',(13.3012192794247,6.35,54.0546382004302));
#2599=CARTESIAN_POINT('',(12.3012192794247,0.,54.0546382004302));
#2600=CARTESIAN_POINT('Origin',(15.7012192794247,0.,53.0546382004302));
#2601=CARTESIAN_POINT('',(15.7012192794247,0.,53.0546382004302));
#2602=CARTESIAN_POINT('',(26.7512192794247,0.,53.0546382004302));
#2603=CARTESIAN_POINT('',(15.7012192794247,6.35,53.0546382004302));
#2604=CARTESIAN_POINT('',(15.7012192794247,0.,53.0546382004302));
#2605=CARTESIAN_POINT('',(13.3012192794247,6.35,53.0546382004302));
#2606=CARTESIAN_POINT('Origin',(15.7012192794247,0.,54.0546382004302));
#2607=CARTESIAN_POINT('',(16.7012192794247,0.,54.0546382004302));
#2608=CARTESIAN_POINT('Origin',(15.7012192794247,0.,54.0546382004302));
#2609=CARTESIAN_POINT('',(16.7012192794247,6.35,54.0546382004302));
#2610=CARTESIAN_POINT('',(16.7012192794247,0.,54.0546382004302));
#2611=CARTESIAN_POINT('Origin',(15.7012192794247,6.35,54.0546382004302));
#2612=CARTESIAN_POINT('Origin',(16.7012192794247,0.,57.6546382004302));
#2613=CARTESIAN_POINT('',(16.7012192794247,0.,57.6546382004302));
#2614=CARTESIAN_POINT('',(16.7012192794247,0.,48.7546382004302));
#2615=CARTESIAN_POINT('',(16.7012192794247,6.35,57.6546382004302));
#2616=CARTESIAN_POINT('',(16.7012192794247,0.,57.6546382004302));
#2617=CARTESIAN_POINT('',(16.7012192794247,6.35,54.0546382004302));
#2618=CARTESIAN_POINT('Origin',(15.7012192794247,0.,57.6546382004302));
#2619=CARTESIAN_POINT('',(15.7012192794247,0.,58.6546382004302));
#2620=CARTESIAN_POINT('Origin',(15.7012192794247,0.,57.6546382004302));
#2621=CARTESIAN_POINT('',(15.7012192794247,6.35,58.6546382004302));
#2622=CARTESIAN_POINT('',(15.7012192794247,0.,58.6546382004302));
#2623=CARTESIAN_POINT('Origin',(15.7012192794247,6.35,57.6546382004302));
#2624=CARTESIAN_POINT('Origin',(13.3012192794247,0.,58.6546382004302));
#2625=CARTESIAN_POINT('',(13.3012192794247,0.,58.6546382004302));
#2626=CARTESIAN_POINT('',(25.5512192794247,0.,58.6546382004302));
#2627=CARTESIAN_POINT('',(13.3012192794247,6.35,58.6546382004302));
#2628=CARTESIAN_POINT('',(13.3012192794247,0.,58.6546382004302));
#2629=CARTESIAN_POINT('',(15.7012192794247,6.35,58.6546382004302));
#2630=CARTESIAN_POINT('Origin',(13.3012192794247,0.,57.6546382004302));
#2631=CARTESIAN_POINT('',(12.3012192794247,0.,57.6546382004302));
#2632=CARTESIAN_POINT('Origin',(13.3012192794247,0.,57.6546382004302));
#2633=CARTESIAN_POINT('',(12.3012192794247,6.35,57.6546382004302));
#2634=CARTESIAN_POINT('',(12.3012192794247,0.,57.6546382004302));
#2635=CARTESIAN_POINT('Origin',(13.3012192794247,6.35,57.6546382004302));
#2636=CARTESIAN_POINT('Origin',(12.3012192794247,0.,57.4046382004302));
#2637=CARTESIAN_POINT('',(12.3012192794247,0.,57.4046382004302));
#2638=CARTESIAN_POINT('',(12.3012192794248,0.,48.6296382004301));
#2639=CARTESIAN_POINT('',(12.3012192794247,6.35,57.4046382004302));
#2640=CARTESIAN_POINT('',(12.3012192794247,0.,57.4046382004302));
#2641=CARTESIAN_POINT('',(12.3012192794247,6.35,57.6546382004302));
#2642=CARTESIAN_POINT('Origin',(10.3012192794247,0.,57.4046382004302));
#2643=CARTESIAN_POINT('',(10.3012192794247,0.,57.4046382004302));
#2644=CARTESIAN_POINT('',(24.0512192794247,0.,57.4046382004302));
#2645=CARTESIAN_POINT('',(10.3012192794247,6.35,57.4046382004302));
#2646=CARTESIAN_POINT('',(10.3012192794247,0.,57.4046382004302));
#2647=CARTESIAN_POINT('',(10.3012192794247,6.35,57.4046382004302));
#2648=CARTESIAN_POINT('Origin',(12.3012192794247,0.,54.3046382004302));
#2649=CARTESIAN_POINT('',(12.3012192794247,0.,54.3046382004302));
#2650=CARTESIAN_POINT('',(10.3012192794247,0.,54.3046382004302));
#2651=CARTESIAN_POINT('',(25.0512192794247,0.,54.3046382004302));
#2652=CARTESIAN_POINT('',(12.3012192794247,6.35,54.3046382004302));
#2653=CARTESIAN_POINT('',(12.3012192794247,0.,54.3046382004302));
#2654=CARTESIAN_POINT('',(10.3012192794247,6.35,54.3046382004302));
#2655=CARTESIAN_POINT('',(12.3012192794247,6.35,54.3046382004302));
#2656=CARTESIAN_POINT('',(10.3012192794247,0.,54.3046382004302));
#2657=CARTESIAN_POINT('Origin',(12.3012192794247,0.,54.0546382004302));
#2658=CARTESIAN_POINT('',(12.3012192794246,0.,46.9546382004303));
#2659=CARTESIAN_POINT('',(12.3012192794247,6.35,54.3046382004302));
#2660=CARTESIAN_POINT('Origin',(13.5012192794247,6.35,55.8546382004302));
#2661=CARTESIAN_POINT('',(10.3012192794247,6.35,35.3546382004302));
#2662=CARTESIAN_POINT('Origin',(59.9012192794247,0.,58.6546382004302));
#2663=CARTESIAN_POINT('',(59.9012192794247,0.,58.6546382004302));
#2664=CARTESIAN_POINT('',(62.3012192794247,0.,58.6546382004302));
#2665=CARTESIAN_POINT('',(48.8512192794247,0.,58.6546382004302));
#2666=CARTESIAN_POINT('',(59.9012192794247,6.35,58.6546382004302));
#2667=CARTESIAN_POINT('',(59.9012192794247,0.,58.6546382004302));
#2668=CARTESIAN_POINT('',(62.3012192794247,6.35,58.6546382004302));
#2669=CARTESIAN_POINT('',(59.9012192794247,6.35,58.6546382004302));
#2670=CARTESIAN_POINT('',(62.3012192794247,0.,58.6546382004302));
#2671=CARTESIAN_POINT('Origin',(59.9012192794247,0.,57.6546382004302));
#2672=CARTESIAN_POINT('',(58.9012192794247,0.,57.6546382004302));
#2673=CARTESIAN_POINT('Origin',(59.9012192794247,0.,57.6546382004302));
#2674=CARTESIAN_POINT('',(58.9012192794247,6.35,57.6546382004302));
#2675=CARTESIAN_POINT('',(58.9012192794247,0.,57.6546382004302));
#2676=CARTESIAN_POINT('Origin',(59.9012192794247,6.35,57.6546382004302));
#2677=CARTESIAN_POINT('Origin',(58.9012192794247,0.,54.0546382004302));
#2678=CARTESIAN_POINT('',(58.9012192794247,0.,54.0546382004302));
#2679=CARTESIAN_POINT('',(58.9012192794247,0.,46.9546382004302));
#2680=CARTESIAN_POINT('',(58.9012192794247,6.35,54.0546382004302));
#2681=CARTESIAN_POINT('',(58.9012192794247,0.,54.0546382004302));
#2682=CARTESIAN_POINT('',(58.9012192794247,6.35,54.0546382004302));
#2683=CARTESIAN_POINT('Origin',(59.9012192794247,0.,54.0546382004302));
#2684=CARTESIAN_POINT('',(59.9012192794247,0.,53.0546382004302));
#2685=CARTESIAN_POINT('Origin',(59.9012192794247,0.,54.0546382004302));
#2686=CARTESIAN_POINT('',(59.9012192794247,6.35,53.0546382004302));
#2687=CARTESIAN_POINT('',(59.9012192794247,0.,53.0546382004302));
#2688=CARTESIAN_POINT('Origin',(59.9012192794247,6.35,54.0546382004302));
#2689=CARTESIAN_POINT('Origin',(62.3012192794247,0.,53.0546382004302));
#2690=CARTESIAN_POINT('',(62.3012192794247,0.,53.0546382004302));
#2691=CARTESIAN_POINT('',(50.0512192794247,0.,53.0546382004302));
#2692=CARTESIAN_POINT('',(62.3012192794247,6.35,53.0546382004302));
#2693=CARTESIAN_POINT('',(62.3012192794247,0.,53.0546382004302));
#2694=CARTESIAN_POINT('',(62.3012192794247,6.35,53.0546382004302));
#2695=CARTESIAN_POINT('Origin',(62.3012192794247,0.,54.0546382004302));
#2696=CARTESIAN_POINT('',(63.3012192794247,0.,54.0546382004302));
#2697=CARTESIAN_POINT('Origin',(62.3012192794247,0.,54.0546382004302));
#2698=CARTESIAN_POINT('',(63.3012192794247,6.35,54.0546382004302));
#2699=CARTESIAN_POINT('',(63.3012192794247,0.,54.0546382004302));
#2700=CARTESIAN_POINT('Origin',(62.3012192794247,6.35,54.0546382004302));
#2701=CARTESIAN_POINT('Origin',(63.3012192794247,0.,54.3046382004302));
#2702=CARTESIAN_POINT('',(63.3012192794247,0.,54.3046382004302));
#2703=CARTESIAN_POINT('',(63.3012192794247,0.,47.0796382004302));
#2704=CARTESIAN_POINT('',(63.3012192794247,6.35,54.3046382004302));
#2705=CARTESIAN_POINT('',(63.3012192794247,0.,54.3046382004302));
#2706=CARTESIAN_POINT('',(63.3012192794247,6.35,54.3046382004302));
#2707=CARTESIAN_POINT('Origin',(65.3012192794247,0.,54.3046382004302));
#2708=CARTESIAN_POINT('',(65.3012192794247,0.,54.3046382004302));
#2709=CARTESIAN_POINT('',(51.5512192794247,0.,54.3046382004302));
#2710=CARTESIAN_POINT('',(65.3012192794247,6.35,54.3046382004302));
#2711=CARTESIAN_POINT('',(65.3012192794247,0.,54.3046382004302));
#2712=CARTESIAN_POINT('',(63.3012192794247,6.35,54.3046382004302));
#2713=CARTESIAN_POINT('Origin',(63.3012192794247,0.,57.4046382004302));
#2714=CARTESIAN_POINT('',(63.3012192794247,0.,57.4046382004302));
#2715=CARTESIAN_POINT('',(65.3012192794247,0.,57.4046382004302));
#2716=CARTESIAN_POINT('',(50.5512192794247,0.,57.4046382004302));
#2717=CARTESIAN_POINT('',(63.3012192794247,6.35,57.4046382004302));
#2718=CARTESIAN_POINT('',(63.3012192794247,0.,57.4046382004302));
#2719=CARTESIAN_POINT('',(65.3012192794247,6.35,57.4046382004302));
#2720=CARTESIAN_POINT('',(65.3012192794247,6.35,57.4046382004302));
#2721=CARTESIAN_POINT('',(65.3012192794247,0.,57.4046382004302));
#2722=CARTESIAN_POINT('Origin',(63.3012192794247,0.,57.6546382004302));
#2723=CARTESIAN_POINT('',(63.3012192794247,0.,57.6546382004302));
#2724=CARTESIAN_POINT('',(63.3012192794247,0.,48.7546382004302));
#2725=CARTESIAN_POINT('',(63.3012192794247,6.35,57.6546382004302));
#2726=CARTESIAN_POINT('',(63.3012192794247,0.,57.6546382004302));
#2727=CARTESIAN_POINT('',(63.3012192794247,6.35,57.6546382004302));
#2728=CARTESIAN_POINT('Origin',(62.3012192794247,0.,57.6546382004302));
#2729=CARTESIAN_POINT('Origin',(62.3012192794247,0.,57.6546382004302));
#2730=CARTESIAN_POINT('Origin',(62.3012192794247,6.35,57.6546382004302));
#2731=CARTESIAN_POINT('Origin',(62.1012192794247,6.35,55.8546382004302));
#2732=CARTESIAN_POINT('',(65.3012192794247,6.35,60.3546382004302));
#2733=CARTESIAN_POINT('Origin',(12.3012192794247,0.,25.4046382004302));
#2734=CARTESIAN_POINT('',(12.3012192794247,0.,25.4046382004302));
#2735=CARTESIAN_POINT('',(12.3012192794247,0.,25.6546382004302));
#2736=CARTESIAN_POINT('',(12.3012192794248,0.,32.6296382004304));
#2737=CARTESIAN_POINT('',(12.3012192794247,6.35,25.4046382004302));
#2738=CARTESIAN_POINT('',(12.3012192794247,0.,25.4046382004302));
#2739=CARTESIAN_POINT('',(12.3012192794247,6.35,25.6546382004302));
#2740=CARTESIAN_POINT('',(12.3012192794247,6.35,25.4046382004302));
#2741=CARTESIAN_POINT('',(12.3012192794247,0.,25.6546382004302));
#2742=CARTESIAN_POINT('Origin',(10.3012192794247,0.,25.4046382004302));
#2743=CARTESIAN_POINT('',(10.3012192794247,0.,25.4046382004302));
#2744=CARTESIAN_POINT('',(24.0512192794247,0.,25.4046382004302));
#2745=CARTESIAN_POINT('',(10.3012192794247,6.35,25.4046382004302));
#2746=CARTESIAN_POINT('',(10.3012192794247,0.,25.4046382004302));
#2747=CARTESIAN_POINT('',(12.3012192794247,6.35,25.4046382004302));
#2748=CARTESIAN_POINT('Origin',(12.3012192794247,0.,22.3046382004302));
#2749=CARTESIAN_POINT('',(12.3012192794247,0.,22.3046382004302));
#2750=CARTESIAN_POINT('',(10.3012192794247,0.,22.3046382004302));
#2751=CARTESIAN_POINT('',(25.0512192794247,0.,22.3046382004302));
#2752=CARTESIAN_POINT('',(12.3012192794247,6.35,22.3046382004302));
#2753=CARTESIAN_POINT('',(12.3012192794247,0.,22.3046382004302));
#2754=CARTESIAN_POINT('',(10.3012192794247,6.35,22.3046382004302));
#2755=CARTESIAN_POINT('',(10.3012192794247,6.35,22.3046382004302));
#2756=CARTESIAN_POINT('',(10.3012192794247,0.,22.3046382004302));
#2757=CARTESIAN_POINT('Origin',(12.3012192794247,0.,22.0546382004302));
#2758=CARTESIAN_POINT('',(12.3012192794247,0.,22.0546382004302));
#2759=CARTESIAN_POINT('',(12.3012192794247,0.,30.9546382004302));
#2760=CARTESIAN_POINT('',(12.3012192794247,6.35,22.0546382004302));
#2761=CARTESIAN_POINT('',(12.3012192794247,0.,22.0546382004302));
#2762=CARTESIAN_POINT('',(12.3012192794247,6.35,22.0546382004302));
#2763=CARTESIAN_POINT('Origin',(13.3012192794247,0.,22.0546382004302));
#2764=CARTESIAN_POINT('',(13.3012192794247,0.,21.0546382004302));
#2765=CARTESIAN_POINT('Origin',(13.3012192794247,0.,22.0546382004302));
#2766=CARTESIAN_POINT('',(13.3012192794247,6.35,21.0546382004302));
#2767=CARTESIAN_POINT('',(13.3012192794247,0.,21.0546382004302));
#2768=CARTESIAN_POINT('Origin',(13.3012192794247,6.35,22.0546382004302));
#2769=CARTESIAN_POINT('Origin',(15.7012192794247,0.,21.0546382004302));
#2770=CARTESIAN_POINT('',(15.7012192794247,0.,21.0546382004302));
#2771=CARTESIAN_POINT('',(26.7512192794248,0.,21.0546382004303));
#2772=CARTESIAN_POINT('',(15.7012192794247,6.35,21.0546382004302));
#2773=CARTESIAN_POINT('',(15.7012192794247,0.,21.0546382004302));
#2774=CARTESIAN_POINT('',(15.7012192794247,6.35,21.0546382004302));
#2775=CARTESIAN_POINT('Origin',(15.7012192794247,0.,22.0546382004302));
#2776=CARTESIAN_POINT('',(16.7012192794247,0.,22.0546382004302));
#2777=CARTESIAN_POINT('Origin',(15.7012192794247,0.,22.0546382004302));
#2778=CARTESIAN_POINT('',(16.7012192794247,6.35,22.0546382004302));
#2779=CARTESIAN_POINT('',(16.7012192794247,0.,22.0546382004302));
#2780=CARTESIAN_POINT('Origin',(15.7012192794247,6.35,22.0546382004302));
#2781=CARTESIAN_POINT('Origin',(16.7012192794247,0.,25.6546382004302));
#2782=CARTESIAN_POINT('',(16.7012192794247,0.,25.6546382004302));
#2783=CARTESIAN_POINT('',(16.7012192794247,0.,32.7546382004302));
#2784=CARTESIAN_POINT('',(16.7012192794247,6.35,25.6546382004302));
#2785=CARTESIAN_POINT('',(16.7012192794247,0.,25.6546382004302));
#2786=CARTESIAN_POINT('',(16.7012192794247,6.35,25.6546382004302));
#2787=CARTESIAN_POINT('Origin',(15.7012192794247,0.,25.6546382004302));
#2788=CARTESIAN_POINT('',(15.7012192794247,0.,26.6546382004302));
#2789=CARTESIAN_POINT('Origin',(15.7012192794247,0.,25.6546382004302));
#2790=CARTESIAN_POINT('',(15.7012192794247,6.35,26.6546382004302));
#2791=CARTESIAN_POINT('',(15.7012192794247,0.,26.6546382004302));
#2792=CARTESIAN_POINT('Origin',(15.7012192794247,6.35,25.6546382004302));
#2793=CARTESIAN_POINT('Origin',(13.3012192794247,0.,26.6546382004302));
#2794=CARTESIAN_POINT('',(13.3012192794247,0.,26.6546382004302));
#2795=CARTESIAN_POINT('',(25.5512192794247,0.,26.6546382004302));
#2796=CARTESIAN_POINT('',(13.3012192794247,6.35,26.6546382004302));
#2797=CARTESIAN_POINT('',(13.3012192794247,0.,26.6546382004302));
#2798=CARTESIAN_POINT('',(13.3012192794247,6.35,26.6546382004302));
#2799=CARTESIAN_POINT('Origin',(13.3012192794247,0.,25.6546382004302));
#2800=CARTESIAN_POINT('Origin',(13.3012192794247,0.,25.6546382004302));
#2801=CARTESIAN_POINT('Origin',(13.3012192794247,6.35,25.6546382004302));
#2802=CARTESIAN_POINT('Origin',(13.5012192794247,6.35,23.8546382004302));
#2803=CARTESIAN_POINT('',(10.3012192794247,6.35,19.3546382004302));
#2804=CARTESIAN_POINT('Origin',(62.3012192794247,0.,25.6546382004302));
#2805=CARTESIAN_POINT('',(62.3012192794247,0.,26.6546382004302));
#2806=CARTESIAN_POINT('',(63.3012192794247,0.,25.6546382004302));
#2807=CARTESIAN_POINT('Origin',(62.3012192794247,0.,25.6546382004302));
#2808=CARTESIAN_POINT('',(62.3012192794247,6.35,26.6546382004302));
#2809=CARTESIAN_POINT('',(62.3012192794247,0.,26.6546382004302));
#2810=CARTESIAN_POINT('',(63.3012192794247,6.35,25.6546382004302));
#2811=CARTESIAN_POINT('Origin',(62.3012192794247,6.35,25.6546382004302));
#2812=CARTESIAN_POINT('',(63.3012192794247,0.,25.6546382004302));
#2813=CARTESIAN_POINT('Origin',(59.9012192794247,0.,26.6546382004302));
#2814=CARTESIAN_POINT('',(59.9012192794247,0.,26.6546382004302));
#2815=CARTESIAN_POINT('',(48.8512192794247,0.,26.6546382004302));
#2816=CARTESIAN_POINT('',(59.9012192794247,6.35,26.6546382004302));
#2817=CARTESIAN_POINT('',(59.9012192794247,0.,26.6546382004302));
#2818=CARTESIAN_POINT('',(62.3012192794247,6.35,26.6546382004302));
#2819=CARTESIAN_POINT('Origin',(59.9012192794247,0.,25.6546382004302));
#2820=CARTESIAN_POINT('',(58.9012192794247,0.,25.6546382004302));
#2821=CARTESIAN_POINT('Origin',(59.9012192794247,0.,25.6546382004302));
#2822=CARTESIAN_POINT('',(58.9012192794247,6.35,25.6546382004302));
#2823=CARTESIAN_POINT('',(58.9012192794247,0.,25.6546382004302));
#2824=CARTESIAN_POINT('Origin',(59.9012192794247,6.35,25.6546382004302));
#2825=CARTESIAN_POINT('Origin',(58.9012192794247,0.,22.0546382004302));
#2826=CARTESIAN_POINT('',(58.9012192794247,0.,22.0546382004302));
#2827=CARTESIAN_POINT('',(58.9012192794247,0.,30.9546382004302));
#2828=CARTESIAN_POINT('',(58.9012192794247,6.35,22.0546382004302));
#2829=CARTESIAN_POINT('',(58.9012192794247,0.,22.0546382004302));
#2830=CARTESIAN_POINT('',(58.9012192794247,6.35,25.6546382004302));
#2831=CARTESIAN_POINT('Origin',(59.9012192794247,0.,22.0546382004302));
#2832=CARTESIAN_POINT('',(59.9012192794247,0.,21.0546382004302));
#2833=CARTESIAN_POINT('Origin',(59.9012192794247,0.,22.0546382004302));
#2834=CARTESIAN_POINT('',(59.9012192794247,6.35,21.0546382004302));
#2835=CARTESIAN_POINT('',(59.9012192794247,0.,21.0546382004302));
#2836=CARTESIAN_POINT('Origin',(59.9012192794247,6.35,22.0546382004302));
#2837=CARTESIAN_POINT('Origin',(62.3012192794247,0.,21.0546382004302));
#2838=CARTESIAN_POINT('',(62.3012192794247,0.,21.0546382004302));
#2839=CARTESIAN_POINT('',(50.0512192794247,0.,21.0546382004303));
#2840=CARTESIAN_POINT('',(62.3012192794247,6.35,21.0546382004302));
#2841=CARTESIAN_POINT('',(62.3012192794247,0.,21.0546382004302));
#2842=CARTESIAN_POINT('',(59.9012192794247,6.35,21.0546382004302));
#2843=CARTESIAN_POINT('Origin',(62.3012192794247,0.,22.0546382004302));
#2844=CARTESIAN_POINT('',(63.3012192794247,0.,22.0546382004302));
#2845=CARTESIAN_POINT('Origin',(62.3012192794247,0.,22.0546382004302));
#2846=CARTESIAN_POINT('',(63.3012192794247,6.35,22.0546382004302));
#2847=CARTESIAN_POINT('',(63.3012192794247,0.,22.0546382004302));
#2848=CARTESIAN_POINT('Origin',(62.3012192794247,6.35,22.0546382004302));
#2849=CARTESIAN_POINT('Origin',(63.3012192794247,0.,22.3046382004302));
#2850=CARTESIAN_POINT('',(63.3012192794247,0.,22.3046382004302));
#2851=CARTESIAN_POINT('',(63.3012192794247,0.,31.0796382004302));
#2852=CARTESIAN_POINT('',(63.3012192794247,6.35,22.3046382004302));
#2853=CARTESIAN_POINT('',(63.3012192794247,0.,22.3046382004302));
#2854=CARTESIAN_POINT('',(63.3012192794247,6.35,22.0546382004302));
#2855=CARTESIAN_POINT('Origin',(65.3012192794247,0.,22.3046382004302));
#2856=CARTESIAN_POINT('',(65.3012192794247,0.,22.3046382004302));
#2857=CARTESIAN_POINT('',(51.5512192794247,0.,22.3046382004302));
#2858=CARTESIAN_POINT('',(65.3012192794247,6.35,22.3046382004302));
#2859=CARTESIAN_POINT('',(65.3012192794247,0.,22.3046382004302));
#2860=CARTESIAN_POINT('',(65.3012192794247,6.35,22.3046382004302));
#2861=CARTESIAN_POINT('Origin',(63.3012192794247,0.,25.4046382004302));
#2862=CARTESIAN_POINT('',(63.3012192794247,0.,25.4046382004302));
#2863=CARTESIAN_POINT('',(65.3012192794247,0.,25.4046382004302));
#2864=CARTESIAN_POINT('',(50.5512192794247,0.,25.4046382004302));
#2865=CARTESIAN_POINT('',(63.3012192794247,6.35,25.4046382004302));
#2866=CARTESIAN_POINT('',(63.3012192794247,0.,25.4046382004302));
#2867=CARTESIAN_POINT('',(65.3012192794247,6.35,25.4046382004302));
#2868=CARTESIAN_POINT('',(63.3012192794247,6.35,25.4046382004302));
#2869=CARTESIAN_POINT('',(65.3012192794247,0.,25.4046382004302));
#2870=CARTESIAN_POINT('Origin',(63.3012192794247,0.,25.6546382004302));
#2871=CARTESIAN_POINT('',(63.3012192794247,0.,32.7546382004302));
#2872=CARTESIAN_POINT('',(63.3012192794247,6.35,25.4046382004302));
#2873=CARTESIAN_POINT('Origin',(62.1012192794247,6.35,23.8546382004302));
#2874=CARTESIAN_POINT('',(65.3012192794247,6.35,44.3546382004302));
#2875=CARTESIAN_POINT('Origin',(10.3012192794247,0.,14.8546382004302));
#2876=CARTESIAN_POINT('',(10.3012192794247,0.,64.8546382004302));
#2877=CARTESIAN_POINT('',(10.3012192794247,0.,64.8546382004302));
#2878=CARTESIAN_POINT('',(10.3012192794247,8.,64.8546382004302));
#2879=CARTESIAN_POINT('',(10.3012192794247,0.,64.8546382004302));
#2880=CARTESIAN_POINT('',(10.3012192794247,8.,14.8546382004302));
#2881=CARTESIAN_POINT('',(10.3012192794247,8.,64.8546382004302));
#2882=CARTESIAN_POINT('',(10.3012192794247,0.,14.8546382004302));
#2883=CARTESIAN_POINT('',(10.3012192794247,0.,14.8546382004302));
#2884=CARTESIAN_POINT('',(10.3012192794247,0.,64.8546382004302));
#2885=CARTESIAN_POINT('',(10.3012192794247,0.,64.8546382004302));
#2886=CARTESIAN_POINT('Origin',(65.3012192794247,0.,64.8546382004302));
#2887=CARTESIAN_POINT('',(65.3012192794247,0.,14.8546382004302));
#2888=CARTESIAN_POINT('',(65.3012192794247,0.,14.8546382004302));
#2889=CARTESIAN_POINT('',(65.3012192794247,0.,14.8546382004302));
#2890=CARTESIAN_POINT('',(65.3012192794247,8.,14.8546382004302));
#2891=CARTESIAN_POINT('',(65.3012192794247,0.,14.8546382004302));
#2892=CARTESIAN_POINT('',(65.3012192794247,8.,64.8546382004302));
#2893=CARTESIAN_POINT('',(65.3012192794247,8.,14.8546382004302));
#2894=CARTESIAN_POINT('',(65.3012192794247,0.,64.8546382004302));
#2895=CARTESIAN_POINT('',(65.3012192794247,0.,64.8546382004302));
#2896=CARTESIAN_POINT('',(65.3012192794247,0.,14.8546382004302));
#2897=CARTESIAN_POINT('Origin',(25.3012192794247,0.,39.8546382004302));
#2898=CARTESIAN_POINT('',(16.2512192794247,0.,39.8546382004302));
#2899=CARTESIAN_POINT('Origin',(25.3012192794247,0.,39.8546382004302));
#2900=CARTESIAN_POINT('',(16.2512192794247,1.5,39.8546382004302));
#2901=CARTESIAN_POINT('',(16.2512192794247,0.,39.8546382004302));
#2902=CARTESIAN_POINT('Origin',(25.3012192794247,1.5,39.8546382004302));
#2903=CARTESIAN_POINT('Origin',(25.3012192794247,1.5,39.8546382004302));
#2904=CARTESIAN_POINT('',(16.8012192794247,1.5,39.8546382004302));
#2905=CARTESIAN_POINT('Origin',(25.3012192794247,1.5,39.8546382004302));
#2906=CARTESIAN_POINT('Origin',(55.3012192794247,0.,39.8546382004302));
#2907=CARTESIAN_POINT('',(51.0012192794247,7.2,39.8546382004302));
#2908=CARTESIAN_POINT('Origin',(55.3012192794247,7.2,39.8546382004302));
#2909=CARTESIAN_POINT('',(51.0012192794247,0.,39.8546382004302));
#2910=CARTESIAN_POINT('',(51.0012192794247,0.,39.8546382004302));
#2911=CARTESIAN_POINT('Origin',(55.3012192794247,0.,39.8546382004302));
#2912=CARTESIAN_POINT('Origin',(55.3012192794247,7.2,39.8546382004302));
#2913=CARTESIAN_POINT('',(50.5512192794247,7.2,39.8546382004302));
#2914=CARTESIAN_POINT('Origin',(55.3012192794247,7.2,39.8546382004302));
#2915=CARTESIAN_POINT('Origin',(24.3012192794247,0.,22.3546382004302));
#2916=CARTESIAN_POINT('',(20.0012192794247,7.2,22.3546382004302));
#2917=CARTESIAN_POINT('Origin',(24.3012192794247,7.2,22.3546382004302));
#2918=CARTESIAN_POINT('',(20.0012192794247,0.,22.3546382004302));
#2919=CARTESIAN_POINT('',(20.0012192794247,0.,22.3546382004302));
#2920=CARTESIAN_POINT('Origin',(24.3012192794247,0.,22.3546382004302));
#2921=CARTESIAN_POINT('Origin',(24.3012192794247,7.2,22.3546382004302));
#2922=CARTESIAN_POINT('',(19.5512192794247,7.2,22.3546382004302));
#2923=CARTESIAN_POINT('Origin',(24.3012192794247,7.2,22.3546382004302));
#2924=CARTESIAN_POINT('Origin',(24.3012192794247,0.,57.3546382004302));
#2925=CARTESIAN_POINT('',(20.0012192794247,7.2,57.3546382004302));
#2926=CARTESIAN_POINT('Origin',(24.3012192794247,7.2,57.3546382004302));
#2927=CARTESIAN_POINT('',(20.0012192794247,0.,57.3546382004302));
#2928=CARTESIAN_POINT('',(20.0012192794247,0.,57.3546382004302));
#2929=CARTESIAN_POINT('Origin',(24.3012192794247,0.,57.3546382004302));
#2930=CARTESIAN_POINT('Origin',(24.3012192794247,7.2,57.3546382004302));
#2931=CARTESIAN_POINT('',(19.5512192794247,7.2,57.3546382004302));
#2932=CARTESIAN_POINT('Origin',(24.3012192794247,7.2,57.3546382004302));
#2933=CARTESIAN_POINT('Origin',(60.8012192794247,0.,18.8546382004302));
#2934=CARTESIAN_POINT('',(59.5512192794247,0.,18.8546382004302));
#2935=CARTESIAN_POINT('Origin',(60.8012192794247,0.,18.8546382004302));
#2936=CARTESIAN_POINT('',(59.5512192794247,8.,18.8546382004302));
#2937=CARTESIAN_POINT('',(59.5512192794247,0.,18.8546382004302));
#2938=CARTESIAN_POINT('Origin',(60.8012192794247,8.,18.8546382004302));
#2939=CARTESIAN_POINT('Origin',(14.8012192794247,0.,60.8546382004302));
#2940=CARTESIAN_POINT('',(13.5512192794247,0.,60.8546382004302));
#2941=CARTESIAN_POINT('Origin',(14.8012192794247,0.,60.8546382004302));
#2942=CARTESIAN_POINT('',(13.5512192794247,8.,60.8546382004302));
#2943=CARTESIAN_POINT('',(13.5512192794247,0.,60.8546382004302));
#2944=CARTESIAN_POINT('Origin',(14.8012192794247,8.,60.8546382004302));
#2945=CARTESIAN_POINT('Origin',(14.8012192794247,0.,18.8546382004302));
#2946=CARTESIAN_POINT('',(13.5512192794247,0.,18.8546382004302));
#2947=CARTESIAN_POINT('Origin',(14.8012192794247,0.,18.8546382004302));
#2948=CARTESIAN_POINT('',(13.5512192794247,8.,18.8546382004302));
#2949=CARTESIAN_POINT('',(13.5512192794247,0.,18.8546382004302));
#2950=CARTESIAN_POINT('Origin',(14.8012192794247,8.,18.8546382004302));
#2951=CARTESIAN_POINT('Origin',(60.8012192794247,0.,60.8546382004302));
#2952=CARTESIAN_POINT('',(59.5512192794247,0.,60.8546382004302));
#2953=CARTESIAN_POINT('Origin',(60.8012192794247,0.,60.8546382004302));
#2954=CARTESIAN_POINT('',(59.5512192794247,8.,60.8546382004302));
#2955=CARTESIAN_POINT('',(59.5512192794247,0.,60.8546382004302));
#2956=CARTESIAN_POINT('Origin',(60.8012192794247,8.,60.8546382004302));
#2957=CARTESIAN_POINT('Origin',(34.3012192794247,0.,48.8546382004302));
#2958=CARTESIAN_POINT('',(33.5012192794247,0.,48.8546382004302));
#2959=CARTESIAN_POINT('Origin',(34.3012192794247,0.,48.8546382004302));
#2960=CARTESIAN_POINT('',(33.5012192794247,8.,48.8546382004302));
#2961=CARTESIAN_POINT('',(33.5012192794247,0.,48.8546382004302));
#2962=CARTESIAN_POINT('Origin',(34.3012192794247,8.,48.8546382004302));
#2963=CARTESIAN_POINT('Origin',(16.3012192794247,0.,30.8546382004302));
#2964=CARTESIAN_POINT('',(15.5012192794247,0.,30.8546382004302));
#2965=CARTESIAN_POINT('Origin',(16.3012192794247,0.,30.8546382004302));
#2966=CARTESIAN_POINT('',(15.5012192794247,8.,30.8546382004302));
#2967=CARTESIAN_POINT('',(15.5012192794247,0.,30.8546382004302));
#2968=CARTESIAN_POINT('Origin',(16.3012192794247,8.,30.8546382004302));
#2969=CARTESIAN_POINT('Origin',(38.8719837439669,8.,28.902971805944));
#2970=CARTESIAN_POINT('',(39.6719837439669,4.,28.902971805944));
#2971=CARTESIAN_POINT('Origin',(38.8719837439669,4.,28.902971805944));
#2972=CARTESIAN_POINT('',(39.6719837439669,0.,28.902971805944));
#2973=CARTESIAN_POINT('',(39.6719837439669,8.,28.902971805944));
#2974=CARTESIAN_POINT('Origin',(38.8719837439669,0.,28.902971805944));
#2975=CARTESIAN_POINT('Origin',(55.3012192794247,8.,54.8546382004302));
#2976=CARTESIAN_POINT('',(58.3012192794247,8.,54.8546382004302));
#2977=CARTESIAN_POINT('Origin',(55.3012192794247,8.,54.8546382004302));
#2978=CARTESIAN_POINT('',(58.3012192794247,4.,54.8546382004302));
#2979=CARTESIAN_POINT('',(58.3012192794247,8.,54.8546382004302));
#2980=CARTESIAN_POINT('Origin',(55.3012192794247,4.,54.8546382004302));
#2981=CARTESIAN_POINT('Origin',(55.3012192794247,4.,54.8546382004302));
#2982=CARTESIAN_POINT('',(56.8512192794247,4.,54.8546382004302));
#2983=CARTESIAN_POINT('Origin',(55.3012192794247,4.,54.8546382004302));
#2984=CARTESIAN_POINT('Origin',(55.3012192794247,8.,24.8546382004302));
#2985=CARTESIAN_POINT('',(58.3012192794247,8.,24.8546382004302));
#2986=CARTESIAN_POINT('Origin',(55.3012192794247,8.,24.8546382004302));
#2987=CARTESIAN_POINT('',(58.3012192794247,4.,24.8546382004302));
#2988=CARTESIAN_POINT('',(58.3012192794247,8.,24.8546382004302));
#2989=CARTESIAN_POINT('Origin',(55.3012192794247,4.,24.8546382004302));
#2990=CARTESIAN_POINT('Origin',(55.3012192794247,4.,24.8546382004302));
#2991=CARTESIAN_POINT('',(56.8512192794247,4.,24.8546382004302));
#2992=CARTESIAN_POINT('Origin',(55.3012192794247,4.,24.8546382004302));
#2993=CARTESIAN_POINT('Origin',(55.3012192794247,8.,54.8546382004302));
#2994=CARTESIAN_POINT('',(56.8512192794247,0.,54.8546382004302));
#2995=CARTESIAN_POINT('',(56.8512192794247,8.,54.8546382004302));
#2996=CARTESIAN_POINT('Origin',(55.3012192794247,0.,54.8546382004302));
#2997=CARTESIAN_POINT('Origin',(55.3012192794247,8.,24.8546382004302));
#2998=CARTESIAN_POINT('',(56.8512192794247,0.,24.8546382004302));
#2999=CARTESIAN_POINT('',(56.8512192794247,8.,24.8546382004302));
#3000=CARTESIAN_POINT('Origin',(55.3012192794247,0.,24.8546382004302));
#3001=CARTESIAN_POINT('Origin',(33.7630508494698,8.,39.0500224659411));
#3002=CARTESIAN_POINT('',(33.7630508494698,8.,39.0500224659411));
#3003=CARTESIAN_POINT('',(36.4756794513589,8.,39.0500224659411));
#3004=CARTESIAN_POINT('',(35.7821350644473,8.,39.0500224659411));
#3005=CARTESIAN_POINT('',(33.7630508494698,7.,39.0500224659411));
#3006=CARTESIAN_POINT('',(33.7630508494698,0.,39.0500224659411));
#3007=CARTESIAN_POINT('',(36.4756794513589,7.,39.0500224659411));
#3008=CARTESIAN_POINT('',(36.4756794513589,7.,39.0500224659411));
#3009=CARTESIAN_POINT('',(36.4756794513589,8.,39.0500224659411));
#3010=CARTESIAN_POINT('Origin',(36.4756794513589,8.,40.6592539349193));
#3011=CARTESIAN_POINT('',(36.4756794513589,8.,40.6592539349193));
#3012=CARTESIAN_POINT('',(33.7630508494698,8.,40.6592539349193));
#3013=CARTESIAN_POINT('',(37.1384493653918,8.,40.6592539349193));
#3014=CARTESIAN_POINT('',(36.4756794513589,7.,40.6592539349193));
#3015=CARTESIAN_POINT('',(36.4756794513589,8.,40.6592539349193));
#3016=CARTESIAN_POINT('',(33.7630508494698,7.,40.6592539349193));
#3017=CARTESIAN_POINT('',(36.4756794513589,7.,40.6592539349193));
#3018=CARTESIAN_POINT('',(33.7630508494698,0.,40.6592539349193));
#3019=CARTESIAN_POINT('Origin',(35.1193651504144,7.,39.8546382004302));
#3020=CARTESIAN_POINT('',(36.4756794513589,7.,40.8554687065141));
#3021=CARTESIAN_POINT('Origin',(25.3012192794247,7.,39.8546382004302));
#3022=CARTESIAN_POINT('Origin',(37.8012192794247,8.,39.8546382004302));
#3023=CARTESIAN_POINT('',(10.3012192794247,8.,14.8546382004302));
#3024=CARTESIAN_POINT('',(65.3012192794247,8.,64.8546382004302));
#3025=CARTESIAN_POINT('',(19.5512192794247,8.,57.3546382004302));
#3026=CARTESIAN_POINT('Origin',(24.3012192794247,8.,57.3546382004302));
#3027=CARTESIAN_POINT('',(50.5512192794247,8.,39.8546382004302));
#3028=CARTESIAN_POINT('Origin',(55.3012192794247,8.,39.8546382004302));
#3029=CARTESIAN_POINT('',(19.5512192794247,8.,22.3546382004302));
#3030=CARTESIAN_POINT('Origin',(24.3012192794247,8.,22.3546382004302));
#3031=CARTESIAN_POINT('',(16.8012192794247,8.,39.8546382004302));
#3032=CARTESIAN_POINT('Origin',(25.3012192794247,8.,39.8546382004302));
#3033=CARTESIAN_POINT('Origin',(25.3012192794247,8.,39.8546382004302));
#3034=CARTESIAN_POINT('',(36.4756794513589,8.,18.6316586233169));
#3035=CARTESIAN_POINT('',(36.4756794513589,8.,40.8554687065141));
#3036=CARTESIAN_POINT('',(37.4756794513589,8.,17.6316586233169));
#3037=CARTESIAN_POINT('Origin',(37.4756794513589,8.,18.6316586233169));
#3038=CARTESIAN_POINT('',(46.9503022606049,8.,17.6316586233169));
#3039=CARTESIAN_POINT('',(37.6384493653918,8.,17.6316586233169));
#3040=CARTESIAN_POINT('',(47.9503022606049,8.,18.6316586233169));
#3041=CARTESIAN_POINT('Origin',(46.9503022606049,8.,18.6316586233169));
#3042=CARTESIAN_POINT('',(47.9503022606049,8.,41.856299212598));
#3043=CARTESIAN_POINT('',(47.9503022606049,8.,29.2431484118736));
#3044=CARTESIAN_POINT('',(46.9503022606049,8.,42.856299212598));
#3045=CARTESIAN_POINT('Origin',(46.9503022606049,8.,41.856299212598));
#3046=CARTESIAN_POINT('',(37.4756794513589,8.,42.856299212598));
#3047=CARTESIAN_POINT('',(42.3757607700148,8.,42.856299212598));
#3048=CARTESIAN_POINT('',(36.4756794513589,8.,41.856299212598));
#3049=CARTESIAN_POINT('Origin',(37.4756794513589,8.,41.856299212598));
#3050=CARTESIAN_POINT('',(36.4756794513589,8.,40.8554687065141));
#3051=CARTESIAN_POINT('Origin',(25.3012192794247,0.,39.8546382004302));
#3052=CARTESIAN_POINT('',(16.8012192794247,0.,39.8546382004302));
#3053=CARTESIAN_POINT('Origin',(37.4756794513589,8.,21.5316586233169));
#3054=CARTESIAN_POINT('',(36.4756794513589,0.,21.5316586233169));
#3055=CARTESIAN_POINT('',(37.4756794513589,0.,22.5316586233169));
#3056=CARTESIAN_POINT('Origin',(37.4756794513589,0.,21.5316586233169));
#3057=CARTESIAN_POINT('',(36.4756794513589,4.,21.5316586233169));
#3058=CARTESIAN_POINT('',(36.4756794513589,8.,21.5316586233169));
#3059=CARTESIAN_POINT('',(37.4756794513589,4.,22.5316586233169));
#3060=CARTESIAN_POINT('Origin',(37.4756794513589,4.,21.5316586233169));
#3061=CARTESIAN_POINT('',(37.4756794513589,8.,22.5316586233169));
#3062=CARTESIAN_POINT('Origin',(46.9503022606049,8.,22.5316586233169));
#3063=CARTESIAN_POINT('',(46.9503022606049,0.,22.5316586233169));
#3064=CARTESIAN_POINT('',(42.3757607700148,0.,22.5316586233169));
#3065=CARTESIAN_POINT('',(46.9503022606049,4.,22.5316586233169));
#3066=CARTESIAN_POINT('',(44.5816465582934,4.,22.5316586233169));
#3067=CARTESIAN_POINT('',(46.9503022606049,8.,22.5316586233169));
#3068=CARTESIAN_POINT('Origin',(46.9503022606049,8.,21.5316586233169));
#3069=CARTESIAN_POINT('',(47.9503022606049,0.,21.5316586233169));
#3070=CARTESIAN_POINT('Origin',(46.9503022606049,0.,21.5316586233169));
#3071=CARTESIAN_POINT('',(47.9503022606049,4.,21.5316586233169));
#3072=CARTESIAN_POINT('Origin',(46.9503022606049,4.,21.5316586233169));
#3073=CARTESIAN_POINT('',(47.9503022606049,8.,21.5316586233169));
#3074=CARTESIAN_POINT('Origin',(47.9503022606049,8.,18.6316586233169));
#3075=CARTESIAN_POINT('',(47.9503022606049,4.,41.856299212598));
#3076=CARTESIAN_POINT('',(47.9503022606049,4.,41.856299212598));
#3077=CARTESIAN_POINT('',(47.9503022606049,8.,41.856299212598));
#3078=CARTESIAN_POINT('',(47.9503022606049,0.,18.6316586233169));
#3079=CARTESIAN_POINT('',(47.9503022606049,8.,18.6316586233169));
#3080=CARTESIAN_POINT('',(47.9503022606049,0.,29.2431484118736));
#3081=CARTESIAN_POINT('Origin',(42.2129908559819,4.,30.2439789179574));
#3082=CARTESIAN_POINT('',(36.4756794513589,4.,41.856299212598));
#3083=CARTESIAN_POINT('',(36.4756794513589,4.,21.5316586233169));
#3084=CARTESIAN_POINT('',(37.4756794513589,4.,42.856299212598));
#3085=CARTESIAN_POINT('Origin',(37.4756794513589,4.,41.856299212598));
#3086=CARTESIAN_POINT('',(46.9503022606049,4.,42.856299212598));
#3087=CARTESIAN_POINT('',(46.9503022606049,4.,42.856299212598));
#3088=CARTESIAN_POINT('Origin',(46.9503022606049,4.,41.856299212598));
#3089=CARTESIAN_POINT('Origin',(46.9503022606049,8.,42.856299212598));
#3090=CARTESIAN_POINT('',(46.9503022606049,8.,42.856299212598));
#3091=CARTESIAN_POINT('',(37.4756794513589,8.,42.856299212598));
#3092=CARTESIAN_POINT('Origin',(46.9503022606049,8.,41.856299212598));
#3093=CARTESIAN_POINT('Origin',(46.9503022606049,8.,18.6316586233169));
#3094=CARTESIAN_POINT('',(46.9503022606049,0.,17.6316586233169));
#3095=CARTESIAN_POINT('',(46.9503022606049,8.,17.6316586233169));
#3096=CARTESIAN_POINT('Origin',(46.9503022606049,0.,18.6316586233169));
#3097=CARTESIAN_POINT('Origin',(37.4756794513589,8.,17.6316586233169));
#3098=CARTESIAN_POINT('',(37.4756794513589,0.,17.6316586233169));
#3099=CARTESIAN_POINT('',(37.4756794513589,8.,17.6316586233169));
#3100=CARTESIAN_POINT('',(37.6384493653918,0.,17.6316586233169));
#3101=CARTESIAN_POINT('Origin',(37.4756794513589,8.,18.6316586233169));
#3102=CARTESIAN_POINT('',(36.4756794513589,0.,18.6316586233169));
#3103=CARTESIAN_POINT('',(36.4756794513589,8.,18.6316586233169));
#3104=CARTESIAN_POINT('Origin',(37.4756794513589,0.,18.6316586233169));
#3105=CARTESIAN_POINT('Origin',(36.4756794513589,8.,41.856299212598));
#3106=CARTESIAN_POINT('',(36.4756794513589,8.,41.856299212598));
#3107=CARTESIAN_POINT('',(36.4756794513589,0.,30.6931484118736));
#3108=CARTESIAN_POINT('Origin',(37.4756794513589,8.,41.856299212598));
#3109=CARTESIAN_POINT('Origin',(24.3012192794247,0.,57.3546382004302));
#3110=CARTESIAN_POINT('',(19.5512192794247,0.,57.3546382004302));
#3111=CARTESIAN_POINT('Origin',(55.3012192794247,0.,39.8546382004302));
#3112=CARTESIAN_POINT('',(50.5512192794247,0.,39.8546382004302));
#3113=CARTESIAN_POINT('Origin',(24.3012192794247,0.,22.3546382004302));
#3114=CARTESIAN_POINT('',(19.5512192794247,0.,22.3546382004302));
#3115=CARTESIAN_POINT('Origin',(10.3012192794247,0.,64.8546382004302));
#3116=CARTESIAN_POINT('',(65.3012192794247,0.,64.8546382004302));
#3117=CARTESIAN_POINT('Origin',(65.3012192794247,0.,14.8546382004302));
#3118=CARTESIAN_POINT('',(10.3012192794247,0.,14.8546382004302));
#3119=CARTESIAN_POINT('Origin',(37.8012192794247,0.,39.8546382004302));
#3120=CARTESIAN_POINT('',(0.,0.,0.));
#3121=UNCERTAINTY_MEASURE_WITH_UNIT(LENGTH_MEASURE(0.01),#3127,
'DISTANCE_ACCURACY_VALUE',
'Maximum model space distance between geometric entities at asserted c
onnectivities');
#3122=UNCERTAINTY_MEASURE_WITH_UNIT(LENGTH_MEASURE(0.01),#3127,
'DISTANCE_ACCURACY_VALUE',
'Maximum model space distance between geometric entities at asserted c
onnectivities');
#3123=UNCERTAINTY_MEASURE_WITH_UNIT(LENGTH_MEASURE(0.01),#3127,
'DISTANCE_ACCURACY_VALUE',
'Maximum model space distance between geometric entities at asserted c
onnectivities');
#3124=(
GEOMETRIC_REPRESENTATION_CONTEXT(3)
GLOBAL_UNCERTAINTY_ASSIGNED_CONTEXT((#3121))
GLOBAL_UNIT_ASSIGNED_CONTEXT((#3127,#3129,#3130))
REPRESENTATION_CONTEXT('','3D')
);
#3125=(
GEOMETRIC_REPRESENTATION_CONTEXT(3)
GLOBAL_UNCERTAINTY_ASSIGNED_CONTEXT((#3122))
GLOBAL_UNIT_ASSIGNED_CONTEXT((#3127,#3129,#3130))
REPRESENTATION_CONTEXT('','3D')
);
#3126=(
GEOMETRIC_REPRESENTATION_CONTEXT(3)
GLOBAL_UNCERTAINTY_ASSIGNED_CONTEXT((#3123))
GLOBAL_UNIT_ASSIGNED_CONTEXT((#3127,#3129,#3130))
REPRESENTATION_CONTEXT('','3D')
);
#3127=(
LENGTH_UNIT()
NAMED_UNIT(*)
SI_UNIT(.MILLI.,.METRE.)
);
#3128=(
LENGTH_UNIT()
NAMED_UNIT(*)
SI_UNIT($,.METRE.)
);
#3129=(
NAMED_UNIT(*)
PLANE_ANGLE_UNIT()
SI_UNIT($,.RADIAN.)
);
#3130=(
NAMED_UNIT(*)
SI_UNIT($,.STERADIAN.)
SOLID_ANGLE_UNIT()
);
#3131=SHAPE_DEFINITION_REPRESENTATION(#3133,#3136);
#3132=SHAPE_DEFINITION_REPRESENTATION(#3134,#3137);
#3133=PRODUCT_DEFINITION_SHAPE('',$,#3139);
#3134=PRODUCT_DEFINITION_SHAPE('',$,#3140);
#3135=PRODUCT_DEFINITION_SHAPE($,$,#14);
#3136=SHAPE_REPRESENTATION('',(#1869,#2049),#3124);
#3137=SHAPE_REPRESENTATION('',(#1870),#3125);
#3138=PRODUCT_DEFINITION_CONTEXT('part definition',#3146,'design');
#3139=PRODUCT_DEFINITION('CNC-STM-\X2\673A4F534E3B4F53\X0\',
'CNC-STM-\X2\673A4F534E3B4F53\X0\ v7',#3141,#3138);
#3140=PRODUCT_DEFINITION('\X2\96F690E84EF6\X0\1','\X2\96F690E84EF6\X0\1',
#3142,#3138);
#3141=PRODUCT_DEFINITION_FORMATION('',$,#3148);
#3142=PRODUCT_DEFINITION_FORMATION('',$,#3149);
#3143=PRODUCT_RELATED_PRODUCT_CATEGORY('CNC-STM-\X2\673A4F534E3B4F53\X0\ 
v7','CNC-STM-\X2\673A4F534E3B4F53\X0\ v7',(#3148));
#3144=PRODUCT_RELATED_PRODUCT_CATEGORY('\X2\96F690E84EF6\X0\1',
'\X2\96F690E84EF6\X0\1',(#3149));
#3145=APPLICATION_PROTOCOL_DEFINITION('international standard',
'automotive_design',2009,#3146);
#3146=APPLICATION_CONTEXT(
'Core Data for Automotive Mechanical Design Process');
#3147=PRODUCT_CONTEXT('part definition',#3146,'mechanical');
#3148=PRODUCT('CNC-STM-\X2\673A4F534E3B4F53\X0\',
'CNC-STM-\X2\673A4F534E3B4F53\X0\ v7',$,(#3147));
#3149=PRODUCT('\X2\96F690E84EF6\X0\1','\X2\96F690E84EF6\X0\1',$,(#3147));
#3150=PRESENTATION_STYLE_ASSIGNMENT((#3151));
#3151=SURFACE_STYLE_USAGE(.BOTH.,#3152);
#3152=SURFACE_SIDE_STYLE('',(#3153));
#3153=SURFACE_STYLE_FILL_AREA(#3154);
#3154=FILL_AREA_STYLE('\X2\94A2\X0\ - \X2\7F0E5149\X0\',(#3155));
#3155=FILL_AREA_STYLE_COLOUR('\X2\94A2\X0\ - \X2\7F0E5149\X0\',#3156);
#3156=COLOUR_RGB('\X2\94A2\X0\ - \X2\7F0E5149\X0\',0.627450980392157,0.627450980392157,
0.627450980392157);
ENDSEC;
END-ISO-10303-21;
