ISO-10303-21;
HEADER;
/* Generated by software containing ST-Developer
 * from STEP Tools, Inc. (www.steptools.com) 
 */

FILE_DESCRIPTION(
/* description */ (''),
/* implementation_level */ '2;1');

FILE_NAME(
/* name */ '',
/* time_stamp */ '2026-02-18T23:40:10+08:00',
/* author */ (''),
/* organization */ (''),
/* preprocessor_version */ 'ST-DEVELOPER v20.1',
/* originating_system */ 'Autodesk Translation Framework v14.24.0.0',
/* authorisation */ '');

FILE_SCHEMA (('AUTOMOTIVE_DESIGN { 1 0 10303 214 3 1 1 }'));
ENDSEC;

DATA;
#10=MECHANICAL_DESIGN_GEOMETRIC_PRESENTATION_REPRESENTATION('',(#13),#2351);
#11=SHAPE_REPRESENTATION_RELATIONSHIP('SRR','None',#2358,#12);
#12=ADVANCED_BREP_SHAPE_REPRESENTATION('',(#14),#2350);
#13=STYLED_ITEM('',(#2367),#14);
#14=MANIFOLD_SOLID_BREP('\X2\5B9E4F53\X0\1',#1406);
#15=CONICAL_SURFACE('',#1439,2.,0.785398163397448);
#16=CONICAL_SURFACE('',#1442,2.,0.785398163397448);
#17=CONICAL_SURFACE('',#1445,2.,0.785398163397448);
#18=FACE_BOUND('',#187,.T.);
#19=FACE_BOUND('',#188,.T.);
#20=FACE_BOUND('',#250,.T.);
#21=FACE_BOUND('',#251,.T.);
#22=FACE_BOUND('',#252,.T.);
#23=FACE_BOUND('',#253,.T.);
#24=FACE_BOUND('',#254,.T.);
#25=FACE_BOUND('',#256,.T.);
#26=FACE_BOUND('',#257,.T.);
#27=FACE_BOUND('',#258,.T.);
#28=FACE_BOUND('',#259,.T.);
#29=CIRCLE('',#1422,2.00000000000001);
#30=CIRCLE('',#1423,2.00000000000001);
#31=CIRCLE('',#1426,2.00000000000001);
#32=CIRCLE('',#1427,2.00000000000001);
#33=CIRCLE('',#1430,2.);
#34=CIRCLE('',#1431,2.);
#35=CIRCLE('',#1434,1.99999999999999);
#36=CIRCLE('',#1435,1.99999999999999);
#37=CIRCLE('',#1437,0.800000000000001);
#38=CIRCLE('',#1438,0.800000000000001);
#39=CIRCLE('',#1440,2.);
#40=CIRCLE('',#1441,1.00000000000001);
#41=CIRCLE('',#1443,2.);
#42=CIRCLE('',#1444,1.);
#43=CIRCLE('',#1446,2.);
#44=CIRCLE('',#1447,1.);
#45=CIRCLE('',#1449,0.999999999999996);
#46=CIRCLE('',#1450,1.00000000000001);
#47=CIRCLE('',#1451,0.999999999999988);
#48=CIRCLE('',#1452,0.999999999999996);
#49=CIRCLE('',#1456,0.999999999999988);
#50=CIRCLE('',#1459,1.00000000000001);
#51=CIRCLE('',#1462,0.999999999999985);
#52=CIRCLE('',#1463,0.999999999999996);
#53=CIRCLE('',#1464,0.999999999999992);
#54=CIRCLE('',#1465,0.999999999999996);
#55=CIRCLE('',#1469,0.999999999999996);
#56=CIRCLE('',#1472,0.999999999999992);
#57=CIRCLE('',#1475,0.999999999999996);
#58=CIRCLE('',#1478,0.999999999999985);
#59=CIRCLE('',#1480,1.00000000000001);
#60=CIRCLE('',#1481,0.999999999999999);
#61=CIRCLE('',#1482,0.999999999999996);
#62=CIRCLE('',#1483,1.00000000000001);
#63=CIRCLE('',#1487,1.00000000000001);
#64=CIRCLE('',#1490,0.999999999999996);
#65=CIRCLE('',#1493,0.999999999999999);
#66=CIRCLE('',#1496,1.00000000000001);
#67=CIRCLE('',#1498,1.);
#68=CIRCLE('',#1499,0.999999999999994);
#69=CIRCLE('',#1500,1.);
#70=CIRCLE('',#1501,0.999999999999996);
#71=CIRCLE('',#1505,0.999999999999996);
#72=CIRCLE('',#1508,1.);
#73=CIRCLE('',#1511,0.999999999999994);
#74=CIRCLE('',#1514,1.);
#75=CIRCLE('',#1518,1.00000000000001);
#76=CIRCLE('',#1520,0.800000000000001);
#77=CIRCLE('',#1522,1.);
#78=CIRCLE('',#1524,0.800000000000001);
#79=CIRCLE('',#1526,1.);
#80=CIRCLE('',#1531,0.999999999999996);
#81=CIRCLE('',#1534,0.999999999999996);
#82=CYLINDRICAL_SURFACE('',#1421,2.00000000000001);
#83=CYLINDRICAL_SURFACE('',#1425,2.00000000000001);
#84=CYLINDRICAL_SURFACE('',#1429,2.);
#85=CYLINDRICAL_SURFACE('',#1433,1.99999999999999);
#86=CYLINDRICAL_SURFACE('',#1455,0.999999999999988);
#87=CYLINDRICAL_SURFACE('',#1458,1.00000000000001);
#88=CYLINDRICAL_SURFACE('',#1468,0.999999999999996);
#89=CYLINDRICAL_SURFACE('',#1471,0.999999999999992);
#90=CYLINDRICAL_SURFACE('',#1474,0.999999999999996);
#91=CYLINDRICAL_SURFACE('',#1477,0.999999999999985);
#92=CYLINDRICAL_SURFACE('',#1486,1.00000000000001);
#93=CYLINDRICAL_SURFACE('',#1489,0.999999999999996);
#94=CYLINDRICAL_SURFACE('',#1492,0.999999999999999);
#95=CYLINDRICAL_SURFACE('',#1495,1.00000000000001);
#96=CYLINDRICAL_SURFACE('',#1504,0.999999999999996);
#97=CYLINDRICAL_SURFACE('',#1507,1.);
#98=CYLINDRICAL_SURFACE('',#1510,0.999999999999994);
#99=CYLINDRICAL_SURFACE('',#1513,1.);
#100=CYLINDRICAL_SURFACE('',#1517,1.00000000000001);
#101=CYLINDRICAL_SURFACE('',#1519,0.800000000000001);
#102=CYLINDRICAL_SURFACE('',#1521,1.);
#103=CYLINDRICAL_SURFACE('',#1523,0.800000000000001);
#104=CYLINDRICAL_SURFACE('',#1525,1.);
#105=CYLINDRICAL_SURFACE('',#1530,0.999999999999996);
#106=CYLINDRICAL_SURFACE('',#1533,0.999999999999996);
#107=FACE_OUTER_BOUND('',#178,.T.);
#108=FACE_OUTER_BOUND('',#179,.T.);
#109=FACE_OUTER_BOUND('',#180,.T.);
#110=FACE_OUTER_BOUND('',#181,.T.);
#111=FACE_OUTER_BOUND('',#182,.T.);
#112=FACE_OUTER_BOUND('',#183,.T.);
#113=FACE_OUTER_BOUND('',#184,.T.);
#114=FACE_OUTER_BOUND('',#185,.T.);
#115=FACE_OUTER_BOUND('',#186,.T.);
#116=FACE_OUTER_BOUND('',#189,.T.);
#117=FACE_OUTER_BOUND('',#190,.T.);
#118=FACE_OUTER_BOUND('',#191,.T.);
#119=FACE_OUTER_BOUND('',#192,.T.);
#120=FACE_OUTER_BOUND('',#193,.T.);
#121=FACE_OUTER_BOUND('',#194,.T.);
#122=FACE_OUTER_BOUND('',#195,.T.);
#123=FACE_OUTER_BOUND('',#196,.T.);
#124=FACE_OUTER_BOUND('',#197,.T.);
#125=FACE_OUTER_BOUND('',#198,.T.);
#126=FACE_OUTER_BOUND('',#199,.T.);
#127=FACE_OUTER_BOUND('',#200,.T.);
#128=FACE_OUTER_BOUND('',#201,.T.);
#129=FACE_OUTER_BOUND('',#202,.T.);
#130=FACE_OUTER_BOUND('',#203,.T.);
#131=FACE_OUTER_BOUND('',#204,.T.);
#132=FACE_OUTER_BOUND('',#205,.T.);
#133=FACE_OUTER_BOUND('',#206,.T.);
#134=FACE_OUTER_BOUND('',#207,.T.);
#135=FACE_OUTER_BOUND('',#208,.T.);
#136=FACE_OUTER_BOUND('',#209,.T.);
#137=FACE_OUTER_BOUND('',#210,.T.);
#138=FACE_OUTER_BOUND('',#211,.T.);
#139=FACE_OUTER_BOUND('',#212,.T.);
#140=FACE_OUTER_BOUND('',#213,.T.);
#141=FACE_OUTER_BOUND('',#214,.T.);
#142=FACE_OUTER_BOUND('',#215,.T.);
#143=FACE_OUTER_BOUND('',#216,.T.);
#144=FACE_OUTER_BOUND('',#217,.T.);
#145=FACE_OUTER_BOUND('',#218,.T.);
#146=FACE_OUTER_BOUND('',#219,.T.);
#147=FACE_OUTER_BOUND('',#220,.T.);
#148=FACE_OUTER_BOUND('',#221,.T.);
#149=FACE_OUTER_BOUND('',#222,.T.);
#150=FACE_OUTER_BOUND('',#223,.T.);
#151=FACE_OUTER_BOUND('',#224,.T.);
#152=FACE_OUTER_BOUND('',#225,.T.);
#153=FACE_OUTER_BOUND('',#226,.T.);
#154=FACE_OUTER_BOUND('',#227,.T.);
#155=FACE_OUTER_BOUND('',#228,.T.);
#156=FACE_OUTER_BOUND('',#229,.T.);
#157=FACE_OUTER_BOUND('',#230,.T.);
#158=FACE_OUTER_BOUND('',#231,.T.);
#159=FACE_OUTER_BOUND('',#232,.T.);
#160=FACE_OUTER_BOUND('',#233,.T.);
#161=FACE_OUTER_BOUND('',#234,.T.);
#162=FACE_OUTER_BOUND('',#235,.T.);
#163=FACE_OUTER_BOUND('',#236,.T.);
#164=FACE_OUTER_BOUND('',#237,.T.);
#165=FACE_OUTER_BOUND('',#238,.T.);
#166=FACE_OUTER_BOUND('',#239,.T.);
#167=FACE_OUTER_BOUND('',#240,.T.);
#168=FACE_OUTER_BOUND('',#241,.T.);
#169=FACE_OUTER_BOUND('',#242,.T.);
#170=FACE_OUTER_BOUND('',#243,.T.);
#171=FACE_OUTER_BOUND('',#244,.T.);
#172=FACE_OUTER_BOUND('',#245,.T.);
#173=FACE_OUTER_BOUND('',#246,.T.);
#174=FACE_OUTER_BOUND('',#247,.T.);
#175=FACE_OUTER_BOUND('',#248,.T.);
#176=FACE_OUTER_BOUND('',#249,.T.);
#177=FACE_OUTER_BOUND('',#255,.T.);
#178=EDGE_LOOP('',(#890,#891,#892,#893));
#179=EDGE_LOOP('',(#894,#895,#896,#897));
#180=EDGE_LOOP('',(#898,#899,#900,#901));
#181=EDGE_LOOP('',(#902,#903,#904,#905));
#182=EDGE_LOOP('',(#906,#907,#908,#909));
#183=EDGE_LOOP('',(#910,#911,#912,#913));
#184=EDGE_LOOP('',(#914,#915,#916,#917));
#185=EDGE_LOOP('',(#918,#919,#920,#921));
#186=EDGE_LOOP('',(#922,#923,#924,#925,#926,#927,#928,#929));
#187=EDGE_LOOP('',(#930));
#188=EDGE_LOOP('',(#931));
#189=EDGE_LOOP('',(#932,#933,#934,#935));
#190=EDGE_LOOP('',(#936,#937,#938,#939));
#191=EDGE_LOOP('',(#940,#941,#942,#943));
#192=EDGE_LOOP('',(#944,#945,#946,#947,#948,#949,#950,#951,#952,#953,#954,
#955));
#193=EDGE_LOOP('',(#956,#957,#958,#959));
#194=EDGE_LOOP('',(#960,#961,#962,#963));
#195=EDGE_LOOP('',(#964,#965,#966,#967));
#196=EDGE_LOOP('',(#968,#969,#970,#971));
#197=EDGE_LOOP('',(#972,#973,#974,#975));
#198=EDGE_LOOP('',(#976,#977,#978,#979));
#199=EDGE_LOOP('',(#980,#981,#982,#983,#984,#985,#986,#987,#988,#989,#990,
#991));
#200=EDGE_LOOP('',(#992,#993,#994,#995));
#201=EDGE_LOOP('',(#996,#997,#998,#999));
#202=EDGE_LOOP('',(#1000,#1001,#1002,#1003));
#203=EDGE_LOOP('',(#1004,#1005,#1006,#1007));
#204=EDGE_LOOP('',(#1008,#1009,#1010,#1011));
#205=EDGE_LOOP('',(#1012,#1013,#1014,#1015));
#206=EDGE_LOOP('',(#1016,#1017,#1018,#1019));
#207=EDGE_LOOP('',(#1020,#1021,#1022,#1023));
#208=EDGE_LOOP('',(#1024,#1025,#1026,#1027));
#209=EDGE_LOOP('',(#1028,#1029,#1030,#1031,#1032,#1033,#1034,#1035,#1036,
#1037,#1038,#1039));
#210=EDGE_LOOP('',(#1040,#1041,#1042,#1043));
#211=EDGE_LOOP('',(#1044,#1045,#1046,#1047));
#212=EDGE_LOOP('',(#1048,#1049,#1050,#1051));
#213=EDGE_LOOP('',(#1052,#1053,#1054,#1055));
#214=EDGE_LOOP('',(#1056,#1057,#1058,#1059));
#215=EDGE_LOOP('',(#1060,#1061,#1062,#1063));
#216=EDGE_LOOP('',(#1064,#1065,#1066,#1067));
#217=EDGE_LOOP('',(#1068,#1069,#1070,#1071));
#218=EDGE_LOOP('',(#1072,#1073,#1074,#1075));
#219=EDGE_LOOP('',(#1076,#1077,#1078,#1079,#1080,#1081,#1082,#1083,#1084,
#1085,#1086,#1087));
#220=EDGE_LOOP('',(#1088,#1089,#1090,#1091));
#221=EDGE_LOOP('',(#1092,#1093,#1094,#1095));
#222=EDGE_LOOP('',(#1096,#1097,#1098,#1099));
#223=EDGE_LOOP('',(#1100,#1101,#1102,#1103));
#224=EDGE_LOOP('',(#1104,#1105,#1106,#1107));
#225=EDGE_LOOP('',(#1108,#1109,#1110,#1111));
#226=EDGE_LOOP('',(#1112,#1113,#1114,#1115));
#227=EDGE_LOOP('',(#1116,#1117,#1118,#1119));
#228=EDGE_LOOP('',(#1120,#1121,#1122,#1123));
#229=EDGE_LOOP('',(#1124,#1125,#1126,#1127));
#230=EDGE_LOOP('',(#1128,#1129,#1130,#1131));
#231=EDGE_LOOP('',(#1132,#1133,#1134,#1135));
#232=EDGE_LOOP('',(#1136,#1137,#1138,#1139));
#233=EDGE_LOOP('',(#1140,#1141,#1142,#1143));
#234=EDGE_LOOP('',(#1144,#1145,#1146,#1147));
#235=EDGE_LOOP('',(#1148,#1149,#1150,#1151));
#236=EDGE_LOOP('',(#1152,#1153,#1154,#1155));
#237=EDGE_LOOP('',(#1156,#1157,#1158,#1159));
#238=EDGE_LOOP('',(#1160,#1161,#1162,#1163));
#239=EDGE_LOOP('',(#1164,#1165,#1166,#1167));
#240=EDGE_LOOP('',(#1168,#1169,#1170,#1171));
#241=EDGE_LOOP('',(#1172,#1173,#1174,#1175));
#242=EDGE_LOOP('',(#1176,#1177,#1178,#1179,#1180,#1181,#1182,#1183,#1184,
#1185,#1186,#1187));
#243=EDGE_LOOP('',(#1188,#1189,#1190,#1191));
#244=EDGE_LOOP('',(#1192,#1193,#1194,#1195));
#245=EDGE_LOOP('',(#1196,#1197,#1198,#1199));
#246=EDGE_LOOP('',(#1200,#1201,#1202,#1203,#1204,#1205,#1206,#1207,#1208,
#1209,#1210,#1211));
#247=EDGE_LOOP('',(#1212,#1213,#1214,#1215));
#248=EDGE_LOOP('',(#1216,#1217,#1218,#1219));
#249=EDGE_LOOP('',(#1220,#1221,#1222,#1223,#1224,#1225,#1226,#1227,#1228,
#1229,#1230,#1231,#1232,#1233,#1234,#1235,#1236,#1237,#1238,#1239,#1240,
#1241,#1242,#1243,#1244,#1245,#1246,#1247,#1248,#1249,#1250,#1251,#1252,
#1253,#1254,#1255,#1256,#1257,#1258,#1259,#1260,#1261,#1262,#1263,#1264,
#1265,#1266,#1267,#1268,#1269,#1270,#1271));
#250=EDGE_LOOP('',(#1272));
#251=EDGE_LOOP('',(#1273));
#252=EDGE_LOOP('',(#1274));
#253=EDGE_LOOP('',(#1275));
#254=EDGE_LOOP('',(#1276));
#255=EDGE_LOOP('',(#1277,#1278,#1279,#1280));
#256=EDGE_LOOP('',(#1281,#1282,#1283,#1284,#1285,#1286,#1287,#1288));
#257=EDGE_LOOP('',(#1289));
#258=EDGE_LOOP('',(#1290));
#259=EDGE_LOOP('',(#1291));
#260=LINE('',#1946,#408);
#261=LINE('',#1948,#409);
#262=LINE('',#1950,#410);
#263=LINE('',#1951,#411);
#264=LINE('',#1956,#412);
#265=LINE('',#1960,#413);
#266=LINE('',#1962,#414);
#267=LINE('',#1963,#415);
#268=LINE('',#1968,#416);
#269=LINE('',#1972,#417);
#270=LINE('',#1974,#418);
#271=LINE('',#1975,#419);
#272=LINE('',#1980,#420);
#273=LINE('',#1984,#421);
#274=LINE('',#1986,#422);
#275=LINE('',#1987,#423);
#276=LINE('',#2000,#424);
#277=LINE('',#2006,#425);
#278=LINE('',#2012,#426);
#279=LINE('',#2019,#427);
#280=LINE('',#2023,#428);
#281=LINE('',#2027,#429);
#282=LINE('',#2029,#430);
#283=LINE('',#2031,#431);
#284=LINE('',#2033,#432);
#285=LINE('',#2035,#433);
#286=LINE('',#2038,#434);
#287=LINE('',#2041,#435);
#288=LINE('',#2043,#436);
#289=LINE('',#2044,#437);
#290=LINE('',#2047,#438);
#291=LINE('',#2048,#439);
#292=LINE('',#2051,#440);
#293=LINE('',#2055,#441);
#294=LINE('',#2056,#442);
#295=LINE('',#2059,#443);
#296=LINE('',#2063,#444);
#297=LINE('',#2064,#445);
#298=LINE('',#2068,#446);
#299=LINE('',#2072,#447);
#300=LINE('',#2076,#448);
#301=LINE('',#2080,#449);
#302=LINE('',#2084,#450);
#303=LINE('',#2086,#451);
#304=LINE('',#2088,#452);
#305=LINE('',#2089,#453);
#306=LINE('',#2092,#454);
#307=LINE('',#2094,#455);
#308=LINE('',#2095,#456);
#309=LINE('',#2098,#457);
#310=LINE('',#2099,#458);
#311=LINE('',#2102,#459);
#312=LINE('',#2106,#460);
#313=LINE('',#2107,#461);
#314=LINE('',#2110,#462);
#315=LINE('',#2114,#463);
#316=LINE('',#2115,#464);
#317=LINE('',#2118,#465);
#318=LINE('',#2122,#466);
#319=LINE('',#2123,#467);
#320=LINE('',#2126,#468);
#321=LINE('',#2131,#469);
#322=LINE('',#2135,#470);
#323=LINE('',#2139,#471);
#324=LINE('',#2143,#472);
#325=LINE('',#2147,#473);
#326=LINE('',#2149,#474);
#327=LINE('',#2151,#475);
#328=LINE('',#2152,#476);
#329=LINE('',#2155,#477);
#330=LINE('',#2157,#478);
#331=LINE('',#2158,#479);
#332=LINE('',#2161,#480);
#333=LINE('',#2162,#481);
#334=LINE('',#2165,#482);
#335=LINE('',#2169,#483);
#336=LINE('',#2170,#484);
#337=LINE('',#2173,#485);
#338=LINE('',#2177,#486);
#339=LINE('',#2178,#487);
#340=LINE('',#2181,#488);
#341=LINE('',#2185,#489);
#342=LINE('',#2186,#490);
#343=LINE('',#2189,#491);
#344=LINE('',#2194,#492);
#345=LINE('',#2196,#493);
#346=LINE('',#2198,#494);
#347=LINE('',#2202,#495);
#348=LINE('',#2206,#496);
#349=LINE('',#2210,#497);
#350=LINE('',#2214,#498);
#351=LINE('',#2215,#499);
#352=LINE('',#2218,#500);
#353=LINE('',#2220,#501);
#354=LINE('',#2221,#502);
#355=LINE('',#2224,#503);
#356=LINE('',#2225,#504);
#357=LINE('',#2228,#505);
#358=LINE('',#2232,#506);
#359=LINE('',#2233,#507);
#360=LINE('',#2236,#508);
#361=LINE('',#2240,#509);
#362=LINE('',#2241,#510);
#363=LINE('',#2244,#511);
#364=LINE('',#2248,#512);
#365=LINE('',#2249,#513);
#366=LINE('',#2252,#514);
#367=LINE('',#2256,#515);
#368=LINE('',#2257,#516);
#369=LINE('',#2260,#517);
#370=LINE('',#2261,#518);
#371=LINE('',#2265,#519);
#372=LINE('',#2269,#520);
#373=LINE('',#2273,#521);
#374=LINE('',#2277,#522);
#375=LINE('',#2281,#523);
#376=LINE('',#2284,#524);
#377=LINE('',#2285,#525);
#378=LINE('',#2288,#526);
#379=LINE('',#2290,#527);
#380=LINE('',#2291,#528);
#381=LINE('',#2294,#529);
#382=LINE('',#2295,#530);
#383=LINE('',#2299,#531);
#384=LINE('',#2302,#532);
#385=LINE('',#2303,#533);
#386=LINE('',#2309,#534);
#387=LINE('',#2311,#535);
#388=LINE('',#2313,#536);
#389=LINE('',#2314,#537);
#390=LINE('',#2315,#538);
#391=LINE('',#2317,#539);
#392=LINE('',#2318,#540);
#393=LINE('',#2321,#541);
#394=LINE('',#2323,#542);
#395=LINE('',#2324,#543);
#396=LINE('',#2327,#544);
#397=LINE('',#2329,#545);
#398=LINE('',#2330,#546);
#399=LINE('',#2332,#547);
#400=LINE('',#2335,#548);
#401=LINE('',#2336,#549);
#402=LINE('',#2337,#550);
#403=LINE('',#2339,#551);
#404=LINE('',#2340,#552);
#405=LINE('',#2342,#553);
#406=LINE('',#2343,#554);
#407=LINE('',#2345,#555);
#408=VECTOR('',#1548,10.);
#409=VECTOR('',#1549,10.);
#410=VECTOR('',#1550,10.);
#411=VECTOR('',#1551,10.);
#412=VECTOR('',#1556,10.);
#413=VECTOR('',#1561,10.);
#414=VECTOR('',#1562,10.);
#415=VECTOR('',#1563,10.);
#416=VECTOR('',#1568,10.);
#417=VECTOR('',#1573,10.);
#418=VECTOR('',#1574,10.);
#419=VECTOR('',#1575,10.);
#420=VECTOR('',#1580,10.);
#421=VECTOR('',#1585,10.);
#422=VECTOR('',#1586,10.);
#423=VECTOR('',#1587,10.);
#424=VECTOR('',#1604,2.);
#425=VECTOR('',#1611,2.);
#426=VECTOR('',#1618,2.);
#427=VECTOR('',#1625,10.);
#428=VECTOR('',#1628,10.);
#429=VECTOR('',#1631,10.);
#430=VECTOR('',#1632,10.);
#431=VECTOR('',#1633,10.);
#432=VECTOR('',#1634,10.);
#433=VECTOR('',#1635,10.);
#434=VECTOR('',#1638,10.);
#435=VECTOR('',#1641,10.);
#436=VECTOR('',#1642,10.);
#437=VECTOR('',#1643,10.);
#438=VECTOR('',#1646,10.);
#439=VECTOR('',#1647,10.);
#440=VECTOR('',#1650,10.);
#441=VECTOR('',#1655,10.);
#442=VECTOR('',#1656,10.);
#443=VECTOR('',#1659,10.);
#444=VECTOR('',#1664,10.);
#445=VECTOR('',#1665,10.);
#446=VECTOR('',#1668,10.);
#447=VECTOR('',#1671,10.);
#448=VECTOR('',#1674,10.);
#449=VECTOR('',#1677,10.);
#450=VECTOR('',#1680,10.);
#451=VECTOR('',#1681,10.);
#452=VECTOR('',#1682,10.);
#453=VECTOR('',#1683,10.);
#454=VECTOR('',#1686,10.);
#455=VECTOR('',#1687,10.);
#456=VECTOR('',#1688,10.);
#457=VECTOR('',#1691,10.);
#458=VECTOR('',#1692,10.);
#459=VECTOR('',#1695,10.);
#460=VECTOR('',#1700,10.);
#461=VECTOR('',#1701,10.);
#462=VECTOR('',#1704,10.);
#463=VECTOR('',#1709,10.);
#464=VECTOR('',#1710,10.);
#465=VECTOR('',#1713,10.);
#466=VECTOR('',#1718,10.);
#467=VECTOR('',#1719,10.);
#468=VECTOR('',#1722,10.);
#469=VECTOR('',#1727,10.);
#470=VECTOR('',#1730,10.);
#471=VECTOR('',#1733,10.);
#472=VECTOR('',#1736,10.);
#473=VECTOR('',#1739,10.);
#474=VECTOR('',#1740,10.);
#475=VECTOR('',#1741,10.);
#476=VECTOR('',#1742,10.);
#477=VECTOR('',#1745,10.);
#478=VECTOR('',#1746,10.);
#479=VECTOR('',#1747,10.);
#480=VECTOR('',#1750,10.);
#481=VECTOR('',#1751,10.);
#482=VECTOR('',#1754,10.);
#483=VECTOR('',#1759,10.);
#484=VECTOR('',#1760,10.);
#485=VECTOR('',#1763,10.);
#486=VECTOR('',#1768,10.);
#487=VECTOR('',#1769,10.);
#488=VECTOR('',#1772,10.);
#489=VECTOR('',#1777,10.);
#490=VECTOR('',#1778,10.);
#491=VECTOR('',#1781,10.);
#492=VECTOR('',#1786,10.);
#493=VECTOR('',#1787,10.);
#494=VECTOR('',#1788,10.);
#495=VECTOR('',#1791,10.);
#496=VECTOR('',#1794,10.);
#497=VECTOR('',#1797,10.);
#498=VECTOR('',#1800,10.);
#499=VECTOR('',#1801,10.);
#500=VECTOR('',#1804,10.);
#501=VECTOR('',#1805,10.);
#502=VECTOR('',#1806,10.);
#503=VECTOR('',#1809,10.);
#504=VECTOR('',#1810,10.);
#505=VECTOR('',#1813,10.);
#506=VECTOR('',#1818,10.);
#507=VECTOR('',#1819,10.);
#508=VECTOR('',#1822,10.);
#509=VECTOR('',#1827,10.);
#510=VECTOR('',#1828,10.);
#511=VECTOR('',#1831,10.);
#512=VECTOR('',#1836,10.);
#513=VECTOR('',#1837,10.);
#514=VECTOR('',#1840,10.);
#515=VECTOR('',#1845,10.);
#516=VECTOR('',#1846,10.);
#517=VECTOR('',#1849,10.);
#518=VECTOR('',#1850,10.);
#519=VECTOR('',#1855,1.00000000000001);
#520=VECTOR('',#1860,0.800000000000001);
#521=VECTOR('',#1865,1.);
#522=VECTOR('',#1870,0.800000000000001);
#523=VECTOR('',#1875,1.);
#524=VECTOR('',#1878,10.);
#525=VECTOR('',#1879,10.);
#526=VECTOR('',#1882,10.);
#527=VECTOR('',#1883,10.);
#528=VECTOR('',#1884,10.);
#529=VECTOR('',#1887,10.);
#530=VECTOR('',#1888,10.);
#531=VECTOR('',#1893,10.);
#532=VECTOR('',#1896,10.);
#533=VECTOR('',#1897,10.);
#534=VECTOR('',#1904,10.);
#535=VECTOR('',#1905,10.);
#536=VECTOR('',#1906,10.);
#537=VECTOR('',#1907,10.);
#538=VECTOR('',#1908,10.);
#539=VECTOR('',#1909,10.);
#540=VECTOR('',#1910,10.);
#541=VECTOR('',#1913,10.);
#542=VECTOR('',#1914,10.);
#543=VECTOR('',#1915,10.);
#544=VECTOR('',#1918,10.);
#545=VECTOR('',#1919,10.);
#546=VECTOR('',#1920,10.);
#547=VECTOR('',#1923,10.);
#548=VECTOR('',#1926,10.);
#549=VECTOR('',#1927,10.);
#550=VECTOR('',#1928,10.);
#551=VECTOR('',#1929,10.);
#552=VECTOR('',#1930,10.);
#553=VECTOR('',#1933,10.);
#554=VECTOR('',#1934,10.);
#555=VECTOR('',#1937,10.);
#556=VERTEX_POINT('',#1944);
#557=VERTEX_POINT('',#1945);
#558=VERTEX_POINT('',#1947);
#559=VERTEX_POINT('',#1949);
#560=VERTEX_POINT('',#1953);
#561=VERTEX_POINT('',#1955);
#562=VERTEX_POINT('',#1959);
#563=VERTEX_POINT('',#1961);
#564=VERTEX_POINT('',#1965);
#565=VERTEX_POINT('',#1967);
#566=VERTEX_POINT('',#1971);
#567=VERTEX_POINT('',#1973);
#568=VERTEX_POINT('',#1977);
#569=VERTEX_POINT('',#1979);
#570=VERTEX_POINT('',#1983);
#571=VERTEX_POINT('',#1985);
#572=VERTEX_POINT('',#1992);
#573=VERTEX_POINT('',#1994);
#574=VERTEX_POINT('',#1997);
#575=VERTEX_POINT('',#1999);
#576=VERTEX_POINT('',#2003);
#577=VERTEX_POINT('',#2005);
#578=VERTEX_POINT('',#2009);
#579=VERTEX_POINT('',#2011);
#580=VERTEX_POINT('',#2015);
#581=VERTEX_POINT('',#2016);
#582=VERTEX_POINT('',#2018);
#583=VERTEX_POINT('',#2020);
#584=VERTEX_POINT('',#2022);
#585=VERTEX_POINT('',#2024);
#586=VERTEX_POINT('',#2026);
#587=VERTEX_POINT('',#2028);
#588=VERTEX_POINT('',#2030);
#589=VERTEX_POINT('',#2032);
#590=VERTEX_POINT('',#2034);
#591=VERTEX_POINT('',#2036);
#592=VERTEX_POINT('',#2040);
#593=VERTEX_POINT('',#2042);
#594=VERTEX_POINT('',#2046);
#595=VERTEX_POINT('',#2050);
#596=VERTEX_POINT('',#2054);
#597=VERTEX_POINT('',#2058);
#598=VERTEX_POINT('',#2062);
#599=VERTEX_POINT('',#2066);
#600=VERTEX_POINT('',#2067);
#601=VERTEX_POINT('',#2069);
#602=VERTEX_POINT('',#2071);
#603=VERTEX_POINT('',#2073);
#604=VERTEX_POINT('',#2075);
#605=VERTEX_POINT('',#2077);
#606=VERTEX_POINT('',#2079);
#607=VERTEX_POINT('',#2081);
#608=VERTEX_POINT('',#2083);
#609=VERTEX_POINT('',#2085);
#610=VERTEX_POINT('',#2087);
#611=VERTEX_POINT('',#2091);
#612=VERTEX_POINT('',#2093);
#613=VERTEX_POINT('',#2097);
#614=VERTEX_POINT('',#2101);
#615=VERTEX_POINT('',#2105);
#616=VERTEX_POINT('',#2109);
#617=VERTEX_POINT('',#2113);
#618=VERTEX_POINT('',#2117);
#619=VERTEX_POINT('',#2121);
#620=VERTEX_POINT('',#2125);
#621=VERTEX_POINT('',#2129);
#622=VERTEX_POINT('',#2130);
#623=VERTEX_POINT('',#2132);
#624=VERTEX_POINT('',#2134);
#625=VERTEX_POINT('',#2136);
#626=VERTEX_POINT('',#2138);
#627=VERTEX_POINT('',#2140);
#628=VERTEX_POINT('',#2142);
#629=VERTEX_POINT('',#2144);
#630=VERTEX_POINT('',#2146);
#631=VERTEX_POINT('',#2148);
#632=VERTEX_POINT('',#2150);
#633=VERTEX_POINT('',#2154);
#634=VERTEX_POINT('',#2156);
#635=VERTEX_POINT('',#2160);
#636=VERTEX_POINT('',#2164);
#637=VERTEX_POINT('',#2168);
#638=VERTEX_POINT('',#2172);
#639=VERTEX_POINT('',#2176);
#640=VERTEX_POINT('',#2180);
#641=VERTEX_POINT('',#2184);
#642=VERTEX_POINT('',#2188);
#643=VERTEX_POINT('',#2192);
#644=VERTEX_POINT('',#2193);
#645=VERTEX_POINT('',#2195);
#646=VERTEX_POINT('',#2197);
#647=VERTEX_POINT('',#2199);
#648=VERTEX_POINT('',#2201);
#649=VERTEX_POINT('',#2203);
#650=VERTEX_POINT('',#2205);
#651=VERTEX_POINT('',#2207);
#652=VERTEX_POINT('',#2209);
#653=VERTEX_POINT('',#2211);
#654=VERTEX_POINT('',#2213);
#655=VERTEX_POINT('',#2217);
#656=VERTEX_POINT('',#2219);
#657=VERTEX_POINT('',#2223);
#658=VERTEX_POINT('',#2227);
#659=VERTEX_POINT('',#2231);
#660=VERTEX_POINT('',#2235);
#661=VERTEX_POINT('',#2239);
#662=VERTEX_POINT('',#2243);
#663=VERTEX_POINT('',#2247);
#664=VERTEX_POINT('',#2251);
#665=VERTEX_POINT('',#2255);
#666=VERTEX_POINT('',#2259);
#667=VERTEX_POINT('',#2263);
#668=VERTEX_POINT('',#2267);
#669=VERTEX_POINT('',#2271);
#670=VERTEX_POINT('',#2275);
#671=VERTEX_POINT('',#2279);
#672=VERTEX_POINT('',#2283);
#673=VERTEX_POINT('',#2287);
#674=VERTEX_POINT('',#2289);
#675=VERTEX_POINT('',#2293);
#676=VERTEX_POINT('',#2297);
#677=VERTEX_POINT('',#2301);
#678=VERTEX_POINT('',#2307);
#679=VERTEX_POINT('',#2308);
#680=VERTEX_POINT('',#2310);
#681=VERTEX_POINT('',#2312);
#682=VERTEX_POINT('',#2316);
#683=VERTEX_POINT('',#2320);
#684=VERTEX_POINT('',#2322);
#685=VERTEX_POINT('',#2326);
#686=VERTEX_POINT('',#2328);
#687=VERTEX_POINT('',#2334);
#688=VERTEX_POINT('',#2338);
#689=EDGE_CURVE('',#556,#557,#260,.T.);
#690=EDGE_CURVE('',#556,#558,#261,.T.);
#691=EDGE_CURVE('',#558,#559,#262,.T.);
#692=EDGE_CURVE('',#557,#559,#263,.T.);
#693=EDGE_CURVE('',#560,#556,#29,.T.);
#694=EDGE_CURVE('',#560,#561,#264,.T.);
#695=EDGE_CURVE('',#561,#558,#30,.T.);
#696=EDGE_CURVE('',#562,#560,#265,.T.);
#697=EDGE_CURVE('',#562,#563,#266,.T.);
#698=EDGE_CURVE('',#563,#561,#267,.T.);
#699=EDGE_CURVE('',#564,#562,#31,.T.);
#700=EDGE_CURVE('',#564,#565,#268,.T.);
#701=EDGE_CURVE('',#565,#563,#32,.T.);
#702=EDGE_CURVE('',#566,#564,#269,.T.);
#703=EDGE_CURVE('',#566,#567,#270,.T.);
#704=EDGE_CURVE('',#567,#565,#271,.T.);
#705=EDGE_CURVE('',#568,#566,#33,.T.);
#706=EDGE_CURVE('',#568,#569,#272,.T.);
#707=EDGE_CURVE('',#569,#567,#34,.T.);
#708=EDGE_CURVE('',#570,#568,#273,.T.);
#709=EDGE_CURVE('',#570,#571,#274,.T.);
#710=EDGE_CURVE('',#571,#569,#275,.T.);
#711=EDGE_CURVE('',#557,#570,#35,.T.);
#712=EDGE_CURVE('',#559,#571,#36,.T.);
#713=EDGE_CURVE('',#572,#572,#37,.T.);
#714=EDGE_CURVE('',#573,#573,#38,.T.);
#715=EDGE_CURVE('',#574,#574,#39,.T.);
#716=EDGE_CURVE('',#574,#575,#276,.T.);
#717=EDGE_CURVE('',#575,#575,#40,.T.);
#718=EDGE_CURVE('',#576,#576,#41,.T.);
#719=EDGE_CURVE('',#576,#577,#277,.T.);
#720=EDGE_CURVE('',#577,#577,#42,.T.);
#721=EDGE_CURVE('',#578,#578,#43,.T.);
#722=EDGE_CURVE('',#578,#579,#278,.T.);
#723=EDGE_CURVE('',#579,#579,#44,.T.);
#724=EDGE_CURVE('',#580,#581,#45,.T.);
#725=EDGE_CURVE('',#582,#580,#279,.T.);
#726=EDGE_CURVE('',#583,#582,#46,.T.);
#727=EDGE_CURVE('',#584,#583,#280,.T.);
#728=EDGE_CURVE('',#585,#584,#47,.T.);
#729=EDGE_CURVE('',#586,#585,#281,.T.);
#730=EDGE_CURVE('',#587,#586,#282,.T.);
#731=EDGE_CURVE('',#587,#588,#283,.T.);
#732=EDGE_CURVE('',#589,#588,#284,.T.);
#733=EDGE_CURVE('',#590,#589,#285,.T.);
#734=EDGE_CURVE('',#591,#590,#48,.T.);
#735=EDGE_CURVE('',#581,#591,#286,.T.);
#736=EDGE_CURVE('',#586,#592,#287,.T.);
#737=EDGE_CURVE('',#593,#592,#288,.T.);
#738=EDGE_CURVE('',#587,#593,#289,.T.);
#739=EDGE_CURVE('',#585,#594,#290,.T.);
#740=EDGE_CURVE('',#592,#594,#291,.T.);
#741=EDGE_CURVE('',#584,#595,#292,.T.);
#742=EDGE_CURVE('',#594,#595,#49,.T.);
#743=EDGE_CURVE('',#583,#596,#293,.T.);
#744=EDGE_CURVE('',#595,#596,#294,.T.);
#745=EDGE_CURVE('',#582,#597,#295,.T.);
#746=EDGE_CURVE('',#596,#597,#50,.T.);
#747=EDGE_CURVE('',#580,#598,#296,.T.);
#748=EDGE_CURVE('',#597,#598,#297,.T.);
#749=EDGE_CURVE('',#599,#600,#298,.T.);
#750=EDGE_CURVE('',#601,#599,#51,.T.);
#751=EDGE_CURVE('',#602,#601,#299,.T.);
#752=EDGE_CURVE('',#603,#602,#52,.T.);
#753=EDGE_CURVE('',#604,#603,#300,.T.);
#754=EDGE_CURVE('',#605,#604,#53,.T.);
#755=EDGE_CURVE('',#606,#605,#301,.T.);
#756=EDGE_CURVE('',#607,#606,#54,.T.);
#757=EDGE_CURVE('',#608,#607,#302,.T.);
#758=EDGE_CURVE('',#609,#608,#303,.T.);
#759=EDGE_CURVE('',#609,#610,#304,.T.);
#760=EDGE_CURVE('',#600,#610,#305,.T.);
#761=EDGE_CURVE('',#608,#611,#306,.T.);
#762=EDGE_CURVE('',#612,#611,#307,.T.);
#763=EDGE_CURVE('',#609,#612,#308,.T.);
#764=EDGE_CURVE('',#607,#613,#309,.T.);
#765=EDGE_CURVE('',#611,#613,#310,.T.);
#766=EDGE_CURVE('',#606,#614,#311,.T.);
#767=EDGE_CURVE('',#613,#614,#55,.T.);
#768=EDGE_CURVE('',#605,#615,#312,.T.);
#769=EDGE_CURVE('',#614,#615,#313,.T.);
#770=EDGE_CURVE('',#604,#616,#314,.T.);
#771=EDGE_CURVE('',#615,#616,#56,.T.);
#772=EDGE_CURVE('',#603,#617,#315,.T.);
#773=EDGE_CURVE('',#616,#617,#316,.T.);
#774=EDGE_CURVE('',#602,#618,#317,.T.);
#775=EDGE_CURVE('',#617,#618,#57,.T.);
#776=EDGE_CURVE('',#601,#619,#318,.T.);
#777=EDGE_CURVE('',#618,#619,#319,.T.);
#778=EDGE_CURVE('',#599,#620,#320,.T.);
#779=EDGE_CURVE('',#619,#620,#58,.T.);
#780=EDGE_CURVE('',#621,#622,#321,.T.);
#781=EDGE_CURVE('',#623,#621,#59,.T.);
#782=EDGE_CURVE('',#624,#623,#322,.T.);
#783=EDGE_CURVE('',#625,#624,#60,.T.);
#784=EDGE_CURVE('',#626,#625,#323,.T.);
#785=EDGE_CURVE('',#627,#626,#61,.T.);
#786=EDGE_CURVE('',#628,#627,#324,.T.);
#787=EDGE_CURVE('',#629,#628,#62,.T.);
#788=EDGE_CURVE('',#630,#629,#325,.T.);
#789=EDGE_CURVE('',#631,#630,#326,.T.);
#790=EDGE_CURVE('',#631,#632,#327,.T.);
#791=EDGE_CURVE('',#622,#632,#328,.T.);
#792=EDGE_CURVE('',#630,#633,#329,.T.);
#793=EDGE_CURVE('',#634,#633,#330,.T.);
#794=EDGE_CURVE('',#631,#634,#331,.T.);
#795=EDGE_CURVE('',#629,#635,#332,.T.);
#796=EDGE_CURVE('',#633,#635,#333,.T.);
#797=EDGE_CURVE('',#628,#636,#334,.T.);
#798=EDGE_CURVE('',#635,#636,#63,.T.);
#799=EDGE_CURVE('',#627,#637,#335,.T.);
#800=EDGE_CURVE('',#636,#637,#336,.T.);
#801=EDGE_CURVE('',#626,#638,#337,.T.);
#802=EDGE_CURVE('',#637,#638,#64,.T.);
#803=EDGE_CURVE('',#625,#639,#338,.T.);
#804=EDGE_CURVE('',#638,#639,#339,.T.);
#805=EDGE_CURVE('',#624,#640,#340,.T.);
#806=EDGE_CURVE('',#639,#640,#65,.T.);
#807=EDGE_CURVE('',#623,#641,#341,.T.);
#808=EDGE_CURVE('',#640,#641,#342,.T.);
#809=EDGE_CURVE('',#621,#642,#343,.T.);
#810=EDGE_CURVE('',#641,#642,#66,.T.);
#811=EDGE_CURVE('',#643,#644,#344,.T.);
#812=EDGE_CURVE('',#645,#644,#345,.T.);
#813=EDGE_CURVE('',#646,#645,#346,.T.);
#814=EDGE_CURVE('',#647,#646,#67,.T.);
#815=EDGE_CURVE('',#648,#647,#347,.T.);
#816=EDGE_CURVE('',#649,#648,#68,.T.);
#817=EDGE_CURVE('',#650,#649,#348,.T.);
#818=EDGE_CURVE('',#651,#650,#69,.T.);
#819=EDGE_CURVE('',#652,#651,#349,.T.);
#820=EDGE_CURVE('',#653,#652,#70,.T.);
#821=EDGE_CURVE('',#654,#653,#350,.T.);
#822=EDGE_CURVE('',#643,#654,#351,.T.);
#823=EDGE_CURVE('',#654,#655,#352,.T.);
#824=EDGE_CURVE('',#656,#655,#353,.T.);
#825=EDGE_CURVE('',#643,#656,#354,.T.);
#826=EDGE_CURVE('',#653,#657,#355,.T.);
#827=EDGE_CURVE('',#655,#657,#356,.T.);
#828=EDGE_CURVE('',#652,#658,#357,.T.);
#829=EDGE_CURVE('',#657,#658,#71,.T.);
#830=EDGE_CURVE('',#651,#659,#358,.T.);
#831=EDGE_CURVE('',#658,#659,#359,.T.);
#832=EDGE_CURVE('',#650,#660,#360,.T.);
#833=EDGE_CURVE('',#659,#660,#72,.T.);
#834=EDGE_CURVE('',#649,#661,#361,.T.);
#835=EDGE_CURVE('',#660,#661,#362,.T.);
#836=EDGE_CURVE('',#648,#662,#363,.T.);
#837=EDGE_CURVE('',#661,#662,#73,.T.);
#838=EDGE_CURVE('',#647,#663,#364,.T.);
#839=EDGE_CURVE('',#662,#663,#365,.T.);
#840=EDGE_CURVE('',#646,#664,#366,.T.);
#841=EDGE_CURVE('',#663,#664,#74,.T.);
#842=EDGE_CURVE('',#645,#665,#367,.T.);
#843=EDGE_CURVE('',#664,#665,#368,.T.);
#844=EDGE_CURVE('',#644,#666,#369,.T.);
#845=EDGE_CURVE('',#665,#666,#370,.T.);
#846=EDGE_CURVE('',#667,#667,#75,.T.);
#847=EDGE_CURVE('',#667,#575,#371,.T.);
#848=EDGE_CURVE('',#668,#668,#76,.T.);
#849=EDGE_CURVE('',#668,#573,#372,.T.);
#850=EDGE_CURVE('',#669,#669,#77,.T.);
#851=EDGE_CURVE('',#669,#579,#373,.T.);
#852=EDGE_CURVE('',#670,#670,#78,.T.);
#853=EDGE_CURVE('',#670,#572,#374,.T.);
#854=EDGE_CURVE('',#671,#671,#79,.T.);
#855=EDGE_CURVE('',#671,#577,#375,.T.);
#856=EDGE_CURVE('',#622,#672,#376,.T.);
#857=EDGE_CURVE('',#642,#672,#377,.T.);
#858=EDGE_CURVE('',#588,#673,#378,.T.);
#859=EDGE_CURVE('',#674,#673,#379,.T.);
#860=EDGE_CURVE('',#589,#674,#380,.T.);
#861=EDGE_CURVE('',#675,#674,#381,.T.);
#862=EDGE_CURVE('',#590,#675,#382,.T.);
#863=EDGE_CURVE('',#676,#675,#80,.T.);
#864=EDGE_CURVE('',#591,#676,#383,.T.);
#865=EDGE_CURVE('',#677,#676,#384,.T.);
#866=EDGE_CURVE('',#581,#677,#385,.T.);
#867=EDGE_CURVE('',#598,#677,#81,.T.);
#868=EDGE_CURVE('',#678,#679,#386,.T.);
#869=EDGE_CURVE('',#679,#680,#387,.T.);
#870=EDGE_CURVE('',#681,#680,#388,.T.);
#871=EDGE_CURVE('',#632,#681,#389,.T.);
#872=EDGE_CURVE('',#673,#634,#390,.T.);
#873=EDGE_CURVE('',#682,#593,#391,.T.);
#874=EDGE_CURVE('',#678,#682,#392,.T.);
#875=EDGE_CURVE('',#683,#678,#393,.T.);
#876=EDGE_CURVE('',#684,#682,#394,.T.);
#877=EDGE_CURVE('',#683,#684,#395,.T.);
#878=EDGE_CURVE('',#610,#685,#396,.T.);
#879=EDGE_CURVE('',#686,#685,#397,.T.);
#880=EDGE_CURVE('',#600,#686,#398,.T.);
#881=EDGE_CURVE('',#620,#686,#399,.T.);
#882=EDGE_CURVE('',#687,#683,#400,.T.);
#883=EDGE_CURVE('',#685,#684,#401,.T.);
#884=EDGE_CURVE('',#666,#612,#402,.T.);
#885=EDGE_CURVE('',#688,#656,#403,.T.);
#886=EDGE_CURVE('',#687,#688,#404,.T.);
#887=EDGE_CURVE('',#679,#687,#405,.T.);
#888=EDGE_CURVE('',#680,#688,#406,.T.);
#889=EDGE_CURVE('',#672,#681,#407,.T.);
#890=ORIENTED_EDGE('',*,*,#689,.F.);
#891=ORIENTED_EDGE('',*,*,#690,.T.);
#892=ORIENTED_EDGE('',*,*,#691,.T.);
#893=ORIENTED_EDGE('',*,*,#692,.F.);
#894=ORIENTED_EDGE('',*,*,#693,.F.);
#895=ORIENTED_EDGE('',*,*,#694,.T.);
#896=ORIENTED_EDGE('',*,*,#695,.T.);
#897=ORIENTED_EDGE('',*,*,#690,.F.);
#898=ORIENTED_EDGE('',*,*,#696,.F.);
#899=ORIENTED_EDGE('',*,*,#697,.T.);
#900=ORIENTED_EDGE('',*,*,#698,.T.);
#901=ORIENTED_EDGE('',*,*,#694,.F.);
#902=ORIENTED_EDGE('',*,*,#699,.F.);
#903=ORIENTED_EDGE('',*,*,#700,.T.);
#904=ORIENTED_EDGE('',*,*,#701,.T.);
#905=ORIENTED_EDGE('',*,*,#697,.F.);
#906=ORIENTED_EDGE('',*,*,#702,.F.);
#907=ORIENTED_EDGE('',*,*,#703,.T.);
#908=ORIENTED_EDGE('',*,*,#704,.T.);
#909=ORIENTED_EDGE('',*,*,#700,.F.);
#910=ORIENTED_EDGE('',*,*,#705,.F.);
#911=ORIENTED_EDGE('',*,*,#706,.T.);
#912=ORIENTED_EDGE('',*,*,#707,.T.);
#913=ORIENTED_EDGE('',*,*,#703,.F.);
#914=ORIENTED_EDGE('',*,*,#708,.F.);
#915=ORIENTED_EDGE('',*,*,#709,.T.);
#916=ORIENTED_EDGE('',*,*,#710,.T.);
#917=ORIENTED_EDGE('',*,*,#706,.F.);
#918=ORIENTED_EDGE('',*,*,#711,.F.);
#919=ORIENTED_EDGE('',*,*,#692,.T.);
#920=ORIENTED_EDGE('',*,*,#712,.T.);
#921=ORIENTED_EDGE('',*,*,#709,.F.);
#922=ORIENTED_EDGE('',*,*,#712,.F.);
#923=ORIENTED_EDGE('',*,*,#691,.F.);
#924=ORIENTED_EDGE('',*,*,#695,.F.);
#925=ORIENTED_EDGE('',*,*,#698,.F.);
#926=ORIENTED_EDGE('',*,*,#701,.F.);
#927=ORIENTED_EDGE('',*,*,#704,.F.);
#928=ORIENTED_EDGE('',*,*,#707,.F.);
#929=ORIENTED_EDGE('',*,*,#710,.F.);
#930=ORIENTED_EDGE('',*,*,#713,.F.);
#931=ORIENTED_EDGE('',*,*,#714,.F.);
#932=ORIENTED_EDGE('',*,*,#715,.F.);
#933=ORIENTED_EDGE('',*,*,#716,.T.);
#934=ORIENTED_EDGE('',*,*,#717,.F.);
#935=ORIENTED_EDGE('',*,*,#716,.F.);
#936=ORIENTED_EDGE('',*,*,#718,.F.);
#937=ORIENTED_EDGE('',*,*,#719,.T.);
#938=ORIENTED_EDGE('',*,*,#720,.F.);
#939=ORIENTED_EDGE('',*,*,#719,.F.);
#940=ORIENTED_EDGE('',*,*,#721,.F.);
#941=ORIENTED_EDGE('',*,*,#722,.T.);
#942=ORIENTED_EDGE('',*,*,#723,.F.);
#943=ORIENTED_EDGE('',*,*,#722,.F.);
#944=ORIENTED_EDGE('',*,*,#724,.F.);
#945=ORIENTED_EDGE('',*,*,#725,.F.);
#946=ORIENTED_EDGE('',*,*,#726,.F.);
#947=ORIENTED_EDGE('',*,*,#727,.F.);
#948=ORIENTED_EDGE('',*,*,#728,.F.);
#949=ORIENTED_EDGE('',*,*,#729,.F.);
#950=ORIENTED_EDGE('',*,*,#730,.F.);
#951=ORIENTED_EDGE('',*,*,#731,.T.);
#952=ORIENTED_EDGE('',*,*,#732,.F.);
#953=ORIENTED_EDGE('',*,*,#733,.F.);
#954=ORIENTED_EDGE('',*,*,#734,.F.);
#955=ORIENTED_EDGE('',*,*,#735,.F.);
#956=ORIENTED_EDGE('',*,*,#730,.T.);
#957=ORIENTED_EDGE('',*,*,#736,.T.);
#958=ORIENTED_EDGE('',*,*,#737,.F.);
#959=ORIENTED_EDGE('',*,*,#738,.F.);
#960=ORIENTED_EDGE('',*,*,#729,.T.);
#961=ORIENTED_EDGE('',*,*,#739,.T.);
#962=ORIENTED_EDGE('',*,*,#740,.F.);
#963=ORIENTED_EDGE('',*,*,#736,.F.);
#964=ORIENTED_EDGE('',*,*,#728,.T.);
#965=ORIENTED_EDGE('',*,*,#741,.T.);
#966=ORIENTED_EDGE('',*,*,#742,.F.);
#967=ORIENTED_EDGE('',*,*,#739,.F.);
#968=ORIENTED_EDGE('',*,*,#727,.T.);
#969=ORIENTED_EDGE('',*,*,#743,.T.);
#970=ORIENTED_EDGE('',*,*,#744,.F.);
#971=ORIENTED_EDGE('',*,*,#741,.F.);
#972=ORIENTED_EDGE('',*,*,#726,.T.);
#973=ORIENTED_EDGE('',*,*,#745,.T.);
#974=ORIENTED_EDGE('',*,*,#746,.F.);
#975=ORIENTED_EDGE('',*,*,#743,.F.);
#976=ORIENTED_EDGE('',*,*,#725,.T.);
#977=ORIENTED_EDGE('',*,*,#747,.T.);
#978=ORIENTED_EDGE('',*,*,#748,.F.);
#979=ORIENTED_EDGE('',*,*,#745,.F.);
#980=ORIENTED_EDGE('',*,*,#749,.F.);
#981=ORIENTED_EDGE('',*,*,#750,.F.);
#982=ORIENTED_EDGE('',*,*,#751,.F.);
#983=ORIENTED_EDGE('',*,*,#752,.F.);
#984=ORIENTED_EDGE('',*,*,#753,.F.);
#985=ORIENTED_EDGE('',*,*,#754,.F.);
#986=ORIENTED_EDGE('',*,*,#755,.F.);
#987=ORIENTED_EDGE('',*,*,#756,.F.);
#988=ORIENTED_EDGE('',*,*,#757,.F.);
#989=ORIENTED_EDGE('',*,*,#758,.F.);
#990=ORIENTED_EDGE('',*,*,#759,.T.);
#991=ORIENTED_EDGE('',*,*,#760,.F.);
#992=ORIENTED_EDGE('',*,*,#758,.T.);
#993=ORIENTED_EDGE('',*,*,#761,.T.);
#994=ORIENTED_EDGE('',*,*,#762,.F.);
#995=ORIENTED_EDGE('',*,*,#763,.F.);
#996=ORIENTED_EDGE('',*,*,#757,.T.);
#997=ORIENTED_EDGE('',*,*,#764,.T.);
#998=ORIENTED_EDGE('',*,*,#765,.F.);
#999=ORIENTED_EDGE('',*,*,#761,.F.);
#1000=ORIENTED_EDGE('',*,*,#756,.T.);
#1001=ORIENTED_EDGE('',*,*,#766,.T.);
#1002=ORIENTED_EDGE('',*,*,#767,.F.);
#1003=ORIENTED_EDGE('',*,*,#764,.F.);
#1004=ORIENTED_EDGE('',*,*,#755,.T.);
#1005=ORIENTED_EDGE('',*,*,#768,.T.);
#1006=ORIENTED_EDGE('',*,*,#769,.F.);
#1007=ORIENTED_EDGE('',*,*,#766,.F.);
#1008=ORIENTED_EDGE('',*,*,#754,.T.);
#1009=ORIENTED_EDGE('',*,*,#770,.T.);
#1010=ORIENTED_EDGE('',*,*,#771,.F.);
#1011=ORIENTED_EDGE('',*,*,#768,.F.);
#1012=ORIENTED_EDGE('',*,*,#753,.T.);
#1013=ORIENTED_EDGE('',*,*,#772,.T.);
#1014=ORIENTED_EDGE('',*,*,#773,.F.);
#1015=ORIENTED_EDGE('',*,*,#770,.F.);
#1016=ORIENTED_EDGE('',*,*,#752,.T.);
#1017=ORIENTED_EDGE('',*,*,#774,.T.);
#1018=ORIENTED_EDGE('',*,*,#775,.F.);
#1019=ORIENTED_EDGE('',*,*,#772,.F.);
#1020=ORIENTED_EDGE('',*,*,#751,.T.);
#1021=ORIENTED_EDGE('',*,*,#776,.T.);
#1022=ORIENTED_EDGE('',*,*,#777,.F.);
#1023=ORIENTED_EDGE('',*,*,#774,.F.);
#1024=ORIENTED_EDGE('',*,*,#750,.T.);
#1025=ORIENTED_EDGE('',*,*,#778,.T.);
#1026=ORIENTED_EDGE('',*,*,#779,.F.);
#1027=ORIENTED_EDGE('',*,*,#776,.F.);
#1028=ORIENTED_EDGE('',*,*,#780,.F.);
#1029=ORIENTED_EDGE('',*,*,#781,.F.);
#1030=ORIENTED_EDGE('',*,*,#782,.F.);
#1031=ORIENTED_EDGE('',*,*,#783,.F.);
#1032=ORIENTED_EDGE('',*,*,#784,.F.);
#1033=ORIENTED_EDGE('',*,*,#785,.F.);
#1034=ORIENTED_EDGE('',*,*,#786,.F.);
#1035=ORIENTED_EDGE('',*,*,#787,.F.);
#1036=ORIENTED_EDGE('',*,*,#788,.F.);
#1037=ORIENTED_EDGE('',*,*,#789,.F.);
#1038=ORIENTED_EDGE('',*,*,#790,.T.);
#1039=ORIENTED_EDGE('',*,*,#791,.F.);
#1040=ORIENTED_EDGE('',*,*,#789,.T.);
#1041=ORIENTED_EDGE('',*,*,#792,.T.);
#1042=ORIENTED_EDGE('',*,*,#793,.F.);
#1043=ORIENTED_EDGE('',*,*,#794,.F.);
#1044=ORIENTED_EDGE('',*,*,#788,.T.);
#1045=ORIENTED_EDGE('',*,*,#795,.T.);
#1046=ORIENTED_EDGE('',*,*,#796,.F.);
#1047=ORIENTED_EDGE('',*,*,#792,.F.);
#1048=ORIENTED_EDGE('',*,*,#787,.T.);
#1049=ORIENTED_EDGE('',*,*,#797,.T.);
#1050=ORIENTED_EDGE('',*,*,#798,.F.);
#1051=ORIENTED_EDGE('',*,*,#795,.F.);
#1052=ORIENTED_EDGE('',*,*,#786,.T.);
#1053=ORIENTED_EDGE('',*,*,#799,.T.);
#1054=ORIENTED_EDGE('',*,*,#800,.F.);
#1055=ORIENTED_EDGE('',*,*,#797,.F.);
#1056=ORIENTED_EDGE('',*,*,#785,.T.);
#1057=ORIENTED_EDGE('',*,*,#801,.T.);
#1058=ORIENTED_EDGE('',*,*,#802,.F.);
#1059=ORIENTED_EDGE('',*,*,#799,.F.);
#1060=ORIENTED_EDGE('',*,*,#784,.T.);
#1061=ORIENTED_EDGE('',*,*,#803,.T.);
#1062=ORIENTED_EDGE('',*,*,#804,.F.);
#1063=ORIENTED_EDGE('',*,*,#801,.F.);
#1064=ORIENTED_EDGE('',*,*,#783,.T.);
#1065=ORIENTED_EDGE('',*,*,#805,.T.);
#1066=ORIENTED_EDGE('',*,*,#806,.F.);
#1067=ORIENTED_EDGE('',*,*,#803,.F.);
#1068=ORIENTED_EDGE('',*,*,#782,.T.);
#1069=ORIENTED_EDGE('',*,*,#807,.T.);
#1070=ORIENTED_EDGE('',*,*,#808,.F.);
#1071=ORIENTED_EDGE('',*,*,#805,.F.);
#1072=ORIENTED_EDGE('',*,*,#781,.T.);
#1073=ORIENTED_EDGE('',*,*,#809,.T.);
#1074=ORIENTED_EDGE('',*,*,#810,.F.);
#1075=ORIENTED_EDGE('',*,*,#807,.F.);
#1076=ORIENTED_EDGE('',*,*,#811,.T.);
#1077=ORIENTED_EDGE('',*,*,#812,.F.);
#1078=ORIENTED_EDGE('',*,*,#813,.F.);
#1079=ORIENTED_EDGE('',*,*,#814,.F.);
#1080=ORIENTED_EDGE('',*,*,#815,.F.);
#1081=ORIENTED_EDGE('',*,*,#816,.F.);
#1082=ORIENTED_EDGE('',*,*,#817,.F.);
#1083=ORIENTED_EDGE('',*,*,#818,.F.);
#1084=ORIENTED_EDGE('',*,*,#819,.F.);
#1085=ORIENTED_EDGE('',*,*,#820,.F.);
#1086=ORIENTED_EDGE('',*,*,#821,.F.);
#1087=ORIENTED_EDGE('',*,*,#822,.F.);
#1088=ORIENTED_EDGE('',*,*,#822,.T.);
#1089=ORIENTED_EDGE('',*,*,#823,.T.);
#1090=ORIENTED_EDGE('',*,*,#824,.F.);
#1091=ORIENTED_EDGE('',*,*,#825,.F.);
#1092=ORIENTED_EDGE('',*,*,#821,.T.);
#1093=ORIENTED_EDGE('',*,*,#826,.T.);
#1094=ORIENTED_EDGE('',*,*,#827,.F.);
#1095=ORIENTED_EDGE('',*,*,#823,.F.);
#1096=ORIENTED_EDGE('',*,*,#820,.T.);
#1097=ORIENTED_EDGE('',*,*,#828,.T.);
#1098=ORIENTED_EDGE('',*,*,#829,.F.);
#1099=ORIENTED_EDGE('',*,*,#826,.F.);
#1100=ORIENTED_EDGE('',*,*,#819,.T.);
#1101=ORIENTED_EDGE('',*,*,#830,.T.);
#1102=ORIENTED_EDGE('',*,*,#831,.F.);
#1103=ORIENTED_EDGE('',*,*,#828,.F.);
#1104=ORIENTED_EDGE('',*,*,#818,.T.);
#1105=ORIENTED_EDGE('',*,*,#832,.T.);
#1106=ORIENTED_EDGE('',*,*,#833,.F.);
#1107=ORIENTED_EDGE('',*,*,#830,.F.);
#1108=ORIENTED_EDGE('',*,*,#817,.T.);
#1109=ORIENTED_EDGE('',*,*,#834,.T.);
#1110=ORIENTED_EDGE('',*,*,#835,.F.);
#1111=ORIENTED_EDGE('',*,*,#832,.F.);
#1112=ORIENTED_EDGE('',*,*,#816,.T.);
#1113=ORIENTED_EDGE('',*,*,#836,.T.);
#1114=ORIENTED_EDGE('',*,*,#837,.F.);
#1115=ORIENTED_EDGE('',*,*,#834,.F.);
#1116=ORIENTED_EDGE('',*,*,#815,.T.);
#1117=ORIENTED_EDGE('',*,*,#838,.T.);
#1118=ORIENTED_EDGE('',*,*,#839,.F.);
#1119=ORIENTED_EDGE('',*,*,#836,.F.);
#1120=ORIENTED_EDGE('',*,*,#814,.T.);
#1121=ORIENTED_EDGE('',*,*,#840,.T.);
#1122=ORIENTED_EDGE('',*,*,#841,.F.);
#1123=ORIENTED_EDGE('',*,*,#838,.F.);
#1124=ORIENTED_EDGE('',*,*,#813,.T.);
#1125=ORIENTED_EDGE('',*,*,#842,.T.);
#1126=ORIENTED_EDGE('',*,*,#843,.F.);
#1127=ORIENTED_EDGE('',*,*,#840,.F.);
#1128=ORIENTED_EDGE('',*,*,#812,.T.);
#1129=ORIENTED_EDGE('',*,*,#844,.T.);
#1130=ORIENTED_EDGE('',*,*,#845,.F.);
#1131=ORIENTED_EDGE('',*,*,#842,.F.);
#1132=ORIENTED_EDGE('',*,*,#846,.F.);
#1133=ORIENTED_EDGE('',*,*,#847,.T.);
#1134=ORIENTED_EDGE('',*,*,#717,.T.);
#1135=ORIENTED_EDGE('',*,*,#847,.F.);
#1136=ORIENTED_EDGE('',*,*,#848,.F.);
#1137=ORIENTED_EDGE('',*,*,#849,.T.);
#1138=ORIENTED_EDGE('',*,*,#714,.T.);
#1139=ORIENTED_EDGE('',*,*,#849,.F.);
#1140=ORIENTED_EDGE('',*,*,#850,.F.);
#1141=ORIENTED_EDGE('',*,*,#851,.T.);
#1142=ORIENTED_EDGE('',*,*,#723,.T.);
#1143=ORIENTED_EDGE('',*,*,#851,.F.);
#1144=ORIENTED_EDGE('',*,*,#852,.F.);
#1145=ORIENTED_EDGE('',*,*,#853,.T.);
#1146=ORIENTED_EDGE('',*,*,#713,.T.);
#1147=ORIENTED_EDGE('',*,*,#853,.F.);
#1148=ORIENTED_EDGE('',*,*,#854,.F.);
#1149=ORIENTED_EDGE('',*,*,#855,.T.);
#1150=ORIENTED_EDGE('',*,*,#720,.T.);
#1151=ORIENTED_EDGE('',*,*,#855,.F.);
#1152=ORIENTED_EDGE('',*,*,#780,.T.);
#1153=ORIENTED_EDGE('',*,*,#856,.T.);
#1154=ORIENTED_EDGE('',*,*,#857,.F.);
#1155=ORIENTED_EDGE('',*,*,#809,.F.);
#1156=ORIENTED_EDGE('',*,*,#732,.T.);
#1157=ORIENTED_EDGE('',*,*,#858,.T.);
#1158=ORIENTED_EDGE('',*,*,#859,.F.);
#1159=ORIENTED_EDGE('',*,*,#860,.F.);
#1160=ORIENTED_EDGE('',*,*,#733,.T.);
#1161=ORIENTED_EDGE('',*,*,#860,.T.);
#1162=ORIENTED_EDGE('',*,*,#861,.F.);
#1163=ORIENTED_EDGE('',*,*,#862,.F.);
#1164=ORIENTED_EDGE('',*,*,#734,.T.);
#1165=ORIENTED_EDGE('',*,*,#862,.T.);
#1166=ORIENTED_EDGE('',*,*,#863,.F.);
#1167=ORIENTED_EDGE('',*,*,#864,.F.);
#1168=ORIENTED_EDGE('',*,*,#735,.T.);
#1169=ORIENTED_EDGE('',*,*,#864,.T.);
#1170=ORIENTED_EDGE('',*,*,#865,.F.);
#1171=ORIENTED_EDGE('',*,*,#866,.F.);
#1172=ORIENTED_EDGE('',*,*,#724,.T.);
#1173=ORIENTED_EDGE('',*,*,#866,.T.);
#1174=ORIENTED_EDGE('',*,*,#867,.F.);
#1175=ORIENTED_EDGE('',*,*,#747,.F.);
#1176=ORIENTED_EDGE('',*,*,#868,.T.);
#1177=ORIENTED_EDGE('',*,*,#869,.T.);
#1178=ORIENTED_EDGE('',*,*,#870,.F.);
#1179=ORIENTED_EDGE('',*,*,#871,.F.);
#1180=ORIENTED_EDGE('',*,*,#790,.F.);
#1181=ORIENTED_EDGE('',*,*,#794,.T.);
#1182=ORIENTED_EDGE('',*,*,#872,.F.);
#1183=ORIENTED_EDGE('',*,*,#858,.F.);
#1184=ORIENTED_EDGE('',*,*,#731,.F.);
#1185=ORIENTED_EDGE('',*,*,#738,.T.);
#1186=ORIENTED_EDGE('',*,*,#873,.F.);
#1187=ORIENTED_EDGE('',*,*,#874,.F.);
#1188=ORIENTED_EDGE('',*,*,#875,.T.);
#1189=ORIENTED_EDGE('',*,*,#874,.T.);
#1190=ORIENTED_EDGE('',*,*,#876,.F.);
#1191=ORIENTED_EDGE('',*,*,#877,.F.);
#1192=ORIENTED_EDGE('',*,*,#760,.T.);
#1193=ORIENTED_EDGE('',*,*,#878,.T.);
#1194=ORIENTED_EDGE('',*,*,#879,.F.);
#1195=ORIENTED_EDGE('',*,*,#880,.F.);
#1196=ORIENTED_EDGE('',*,*,#749,.T.);
#1197=ORIENTED_EDGE('',*,*,#880,.T.);
#1198=ORIENTED_EDGE('',*,*,#881,.F.);
#1199=ORIENTED_EDGE('',*,*,#778,.F.);
#1200=ORIENTED_EDGE('',*,*,#882,.T.);
#1201=ORIENTED_EDGE('',*,*,#877,.T.);
#1202=ORIENTED_EDGE('',*,*,#883,.F.);
#1203=ORIENTED_EDGE('',*,*,#878,.F.);
#1204=ORIENTED_EDGE('',*,*,#759,.F.);
#1205=ORIENTED_EDGE('',*,*,#763,.T.);
#1206=ORIENTED_EDGE('',*,*,#884,.F.);
#1207=ORIENTED_EDGE('',*,*,#844,.F.);
#1208=ORIENTED_EDGE('',*,*,#811,.F.);
#1209=ORIENTED_EDGE('',*,*,#825,.T.);
#1210=ORIENTED_EDGE('',*,*,#885,.F.);
#1211=ORIENTED_EDGE('',*,*,#886,.F.);
#1212=ORIENTED_EDGE('',*,*,#887,.T.);
#1213=ORIENTED_EDGE('',*,*,#886,.T.);
#1214=ORIENTED_EDGE('',*,*,#888,.F.);
#1215=ORIENTED_EDGE('',*,*,#869,.F.);
#1216=ORIENTED_EDGE('',*,*,#791,.T.);
#1217=ORIENTED_EDGE('',*,*,#871,.T.);
#1218=ORIENTED_EDGE('',*,*,#889,.F.);
#1219=ORIENTED_EDGE('',*,*,#856,.F.);
#1220=ORIENTED_EDGE('',*,*,#889,.T.);
#1221=ORIENTED_EDGE('',*,*,#870,.T.);
#1222=ORIENTED_EDGE('',*,*,#888,.T.);
#1223=ORIENTED_EDGE('',*,*,#885,.T.);
#1224=ORIENTED_EDGE('',*,*,#824,.T.);
#1225=ORIENTED_EDGE('',*,*,#827,.T.);
#1226=ORIENTED_EDGE('',*,*,#829,.T.);
#1227=ORIENTED_EDGE('',*,*,#831,.T.);
#1228=ORIENTED_EDGE('',*,*,#833,.T.);
#1229=ORIENTED_EDGE('',*,*,#835,.T.);
#1230=ORIENTED_EDGE('',*,*,#837,.T.);
#1231=ORIENTED_EDGE('',*,*,#839,.T.);
#1232=ORIENTED_EDGE('',*,*,#841,.T.);
#1233=ORIENTED_EDGE('',*,*,#843,.T.);
#1234=ORIENTED_EDGE('',*,*,#845,.T.);
#1235=ORIENTED_EDGE('',*,*,#884,.T.);
#1236=ORIENTED_EDGE('',*,*,#762,.T.);
#1237=ORIENTED_EDGE('',*,*,#765,.T.);
#1238=ORIENTED_EDGE('',*,*,#767,.T.);
#1239=ORIENTED_EDGE('',*,*,#769,.T.);
#1240=ORIENTED_EDGE('',*,*,#771,.T.);
#1241=ORIENTED_EDGE('',*,*,#773,.T.);
#1242=ORIENTED_EDGE('',*,*,#775,.T.);
#1243=ORIENTED_EDGE('',*,*,#777,.T.);
#1244=ORIENTED_EDGE('',*,*,#779,.T.);
#1245=ORIENTED_EDGE('',*,*,#881,.T.);
#1246=ORIENTED_EDGE('',*,*,#879,.T.);
#1247=ORIENTED_EDGE('',*,*,#883,.T.);
#1248=ORIENTED_EDGE('',*,*,#876,.T.);
#1249=ORIENTED_EDGE('',*,*,#873,.T.);
#1250=ORIENTED_EDGE('',*,*,#737,.T.);
#1251=ORIENTED_EDGE('',*,*,#740,.T.);
#1252=ORIENTED_EDGE('',*,*,#742,.T.);
#1253=ORIENTED_EDGE('',*,*,#744,.T.);
#1254=ORIENTED_EDGE('',*,*,#746,.T.);
#1255=ORIENTED_EDGE('',*,*,#748,.T.);
#1256=ORIENTED_EDGE('',*,*,#867,.T.);
#1257=ORIENTED_EDGE('',*,*,#865,.T.);
#1258=ORIENTED_EDGE('',*,*,#863,.T.);
#1259=ORIENTED_EDGE('',*,*,#861,.T.);
#1260=ORIENTED_EDGE('',*,*,#859,.T.);
#1261=ORIENTED_EDGE('',*,*,#872,.T.);
#1262=ORIENTED_EDGE('',*,*,#793,.T.);
#1263=ORIENTED_EDGE('',*,*,#796,.T.);
#1264=ORIENTED_EDGE('',*,*,#798,.T.);
#1265=ORIENTED_EDGE('',*,*,#800,.T.);
#1266=ORIENTED_EDGE('',*,*,#802,.T.);
#1267=ORIENTED_EDGE('',*,*,#804,.T.);
#1268=ORIENTED_EDGE('',*,*,#806,.T.);
#1269=ORIENTED_EDGE('',*,*,#808,.T.);
#1270=ORIENTED_EDGE('',*,*,#810,.T.);
#1271=ORIENTED_EDGE('',*,*,#857,.T.);
#1272=ORIENTED_EDGE('',*,*,#854,.T.);
#1273=ORIENTED_EDGE('',*,*,#852,.T.);
#1274=ORIENTED_EDGE('',*,*,#850,.T.);
#1275=ORIENTED_EDGE('',*,*,#848,.T.);
#1276=ORIENTED_EDGE('',*,*,#846,.T.);
#1277=ORIENTED_EDGE('',*,*,#868,.F.);
#1278=ORIENTED_EDGE('',*,*,#875,.F.);
#1279=ORIENTED_EDGE('',*,*,#882,.F.);
#1280=ORIENTED_EDGE('',*,*,#887,.F.);
#1281=ORIENTED_EDGE('',*,*,#689,.T.);
#1282=ORIENTED_EDGE('',*,*,#711,.T.);
#1283=ORIENTED_EDGE('',*,*,#708,.T.);
#1284=ORIENTED_EDGE('',*,*,#705,.T.);
#1285=ORIENTED_EDGE('',*,*,#702,.T.);
#1286=ORIENTED_EDGE('',*,*,#699,.T.);
#1287=ORIENTED_EDGE('',*,*,#696,.T.);
#1288=ORIENTED_EDGE('',*,*,#693,.T.);
#1289=ORIENTED_EDGE('',*,*,#715,.T.);
#1290=ORIENTED_EDGE('',*,*,#718,.T.);
#1291=ORIENTED_EDGE('',*,*,#721,.T.);
#1292=PLANE('',#1420);
#1293=PLANE('',#1424);
#1294=PLANE('',#1428);
#1295=PLANE('',#1432);
#1296=PLANE('',#1436);
#1297=PLANE('',#1448);
#1298=PLANE('',#1453);
#1299=PLANE('',#1454);
#1300=PLANE('',#1457);
#1301=PLANE('',#1460);
#1302=PLANE('',#1461);
#1303=PLANE('',#1466);
#1304=PLANE('',#1467);
#1305=PLANE('',#1470);
#1306=PLANE('',#1473);
#1307=PLANE('',#1476);
#1308=PLANE('',#1479);
#1309=PLANE('',#1484);
#1310=PLANE('',#1485);
#1311=PLANE('',#1488);
#1312=PLANE('',#1491);
#1313=PLANE('',#1494);
#1314=PLANE('',#1497);
#1315=PLANE('',#1502);
#1316=PLANE('',#1503);
#1317=PLANE('',#1506);
#1318=PLANE('',#1509);
#1319=PLANE('',#1512);
#1320=PLANE('',#1515);
#1321=PLANE('',#1516);
#1322=PLANE('',#1527);
#1323=PLANE('',#1528);
#1324=PLANE('',#1529);
#1325=PLANE('',#1532);
#1326=PLANE('',#1535);
#1327=PLANE('',#1536);
#1328=PLANE('',#1537);
#1329=PLANE('',#1538);
#1330=PLANE('',#1539);
#1331=PLANE('',#1540);
#1332=PLANE('',#1541);
#1333=PLANE('',#1542);
#1334=PLANE('',#1543);
#1335=ADVANCED_FACE('',(#107),#1292,.F.);
#1336=ADVANCED_FACE('',(#108),#82,.F.);
#1337=ADVANCED_FACE('',(#109),#1293,.F.);
#1338=ADVANCED_FACE('',(#110),#83,.F.);
#1339=ADVANCED_FACE('',(#111),#1294,.F.);
#1340=ADVANCED_FACE('',(#112),#84,.F.);
#1341=ADVANCED_FACE('',(#113),#1295,.F.);
#1342=ADVANCED_FACE('',(#114),#85,.F.);
#1343=ADVANCED_FACE('',(#115,#18,#19),#1296,.F.);
#1344=ADVANCED_FACE('',(#116),#15,.F.);
#1345=ADVANCED_FACE('',(#117),#16,.F.);
#1346=ADVANCED_FACE('',(#118),#17,.F.);
#1347=ADVANCED_FACE('',(#119),#1297,.T.);
#1348=ADVANCED_FACE('',(#120),#1298,.T.);
#1349=ADVANCED_FACE('',(#121),#1299,.T.);
#1350=ADVANCED_FACE('',(#122),#86,.F.);
#1351=ADVANCED_FACE('',(#123),#1300,.T.);
#1352=ADVANCED_FACE('',(#124),#87,.F.);
#1353=ADVANCED_FACE('',(#125),#1301,.T.);
#1354=ADVANCED_FACE('',(#126),#1302,.T.);
#1355=ADVANCED_FACE('',(#127),#1303,.T.);
#1356=ADVANCED_FACE('',(#128),#1304,.T.);
#1357=ADVANCED_FACE('',(#129),#88,.F.);
#1358=ADVANCED_FACE('',(#130),#1305,.T.);
#1359=ADVANCED_FACE('',(#131),#89,.F.);
#1360=ADVANCED_FACE('',(#132),#1306,.T.);
#1361=ADVANCED_FACE('',(#133),#90,.F.);
#1362=ADVANCED_FACE('',(#134),#1307,.T.);
#1363=ADVANCED_FACE('',(#135),#91,.F.);
#1364=ADVANCED_FACE('',(#136),#1308,.T.);
#1365=ADVANCED_FACE('',(#137),#1309,.T.);
#1366=ADVANCED_FACE('',(#138),#1310,.T.);
#1367=ADVANCED_FACE('',(#139),#92,.F.);
#1368=ADVANCED_FACE('',(#140),#1311,.T.);
#1369=ADVANCED_FACE('',(#141),#93,.F.);
#1370=ADVANCED_FACE('',(#142),#1312,.T.);
#1371=ADVANCED_FACE('',(#143),#94,.F.);
#1372=ADVANCED_FACE('',(#144),#1313,.T.);
#1373=ADVANCED_FACE('',(#145),#95,.F.);
#1374=ADVANCED_FACE('',(#146),#1314,.T.);
#1375=ADVANCED_FACE('',(#147),#1315,.T.);
#1376=ADVANCED_FACE('',(#148),#1316,.T.);
#1377=ADVANCED_FACE('',(#149),#96,.F.);
#1378=ADVANCED_FACE('',(#150),#1317,.T.);
#1379=ADVANCED_FACE('',(#151),#97,.F.);
#1380=ADVANCED_FACE('',(#152),#1318,.T.);
#1381=ADVANCED_FACE('',(#153),#98,.F.);
#1382=ADVANCED_FACE('',(#154),#1319,.T.);
#1383=ADVANCED_FACE('',(#155),#99,.F.);
#1384=ADVANCED_FACE('',(#156),#1320,.T.);
#1385=ADVANCED_FACE('',(#157),#1321,.T.);
#1386=ADVANCED_FACE('',(#158),#100,.F.);
#1387=ADVANCED_FACE('',(#159),#101,.F.);
#1388=ADVANCED_FACE('',(#160),#102,.F.);
#1389=ADVANCED_FACE('',(#161),#103,.F.);
#1390=ADVANCED_FACE('',(#162),#104,.F.);
#1391=ADVANCED_FACE('',(#163),#1322,.T.);
#1392=ADVANCED_FACE('',(#164),#1323,.T.);
#1393=ADVANCED_FACE('',(#165),#1324,.T.);
#1394=ADVANCED_FACE('',(#166),#105,.F.);
#1395=ADVANCED_FACE('',(#167),#1325,.T.);
#1396=ADVANCED_FACE('',(#168),#106,.F.);
#1397=ADVANCED_FACE('',(#169),#1326,.T.);
#1398=ADVANCED_FACE('',(#170),#1327,.T.);
#1399=ADVANCED_FACE('',(#171),#1328,.T.);
#1400=ADVANCED_FACE('',(#172),#1329,.T.);
#1401=ADVANCED_FACE('',(#173),#1330,.T.);
#1402=ADVANCED_FACE('',(#174),#1331,.T.);
#1403=ADVANCED_FACE('',(#175),#1332,.T.);
#1404=ADVANCED_FACE('',(#176,#20,#21,#22,#23,#24),#1333,.T.);
#1405=ADVANCED_FACE('',(#177,#25,#26,#27,#28),#1334,.F.);
#1406=CLOSED_SHELL('',(#1335,#1336,#1337,#1338,#1339,#1340,#1341,#1342,
#1343,#1344,#1345,#1346,#1347,#1348,#1349,#1350,#1351,#1352,#1353,#1354,
#1355,#1356,#1357,#1358,#1359,#1360,#1361,#1362,#1363,#1364,#1365,#1366,
#1367,#1368,#1369,#1370,#1371,#1372,#1373,#1374,#1375,#1376,#1377,#1378,
#1379,#1380,#1381,#1382,#1383,#1384,#1385,#1386,#1387,#1388,#1389,#1390,
#1391,#1392,#1393,#1394,#1395,#1396,#1397,#1398,#1399,#1400,#1401,#1402,
#1403,#1404,#1405));
#1407=DERIVED_UNIT_ELEMENT(#1409,1.);
#1408=DERIVED_UNIT_ELEMENT(#2353,-3.);
#1409=(
MASS_UNIT()
NAMED_UNIT(*)
SI_UNIT(.KILO.,.GRAM.)
);
#1410=DERIVED_UNIT((#1407,#1408));
#1411=MEASURE_REPRESENTATION_ITEM('density measure',
POSITIVE_RATIO_MEASURE(7850.),#1410);
#1412=PROPERTY_DEFINITION_REPRESENTATION(#1417,#1414);
#1413=PROPERTY_DEFINITION_REPRESENTATION(#1418,#1415);
#1414=REPRESENTATION('material name',(#1416),#2350);
#1415=REPRESENTATION('density',(#1411),#2350);
#1416=DESCRIPTIVE_REPRESENTATION_ITEM('\X2\94A2\X0\','\X2\94A2\X0\');
#1417=PROPERTY_DEFINITION('material property','material name',#2360);
#1418=PROPERTY_DEFINITION('material property','density of part',#2360);
#1419=AXIS2_PLACEMENT_3D('',#1942,#1544,#1545);
#1420=AXIS2_PLACEMENT_3D('',#1943,#1546,#1547);
#1421=AXIS2_PLACEMENT_3D('',#1952,#1552,#1553);
#1422=AXIS2_PLACEMENT_3D('',#1954,#1554,#1555);
#1423=AXIS2_PLACEMENT_3D('',#1957,#1557,#1558);
#1424=AXIS2_PLACEMENT_3D('',#1958,#1559,#1560);
#1425=AXIS2_PLACEMENT_3D('',#1964,#1564,#1565);
#1426=AXIS2_PLACEMENT_3D('',#1966,#1566,#1567);
#1427=AXIS2_PLACEMENT_3D('',#1969,#1569,#1570);
#1428=AXIS2_PLACEMENT_3D('',#1970,#1571,#1572);
#1429=AXIS2_PLACEMENT_3D('',#1976,#1576,#1577);
#1430=AXIS2_PLACEMENT_3D('',#1978,#1578,#1579);
#1431=AXIS2_PLACEMENT_3D('',#1981,#1581,#1582);
#1432=AXIS2_PLACEMENT_3D('',#1982,#1583,#1584);
#1433=AXIS2_PLACEMENT_3D('',#1988,#1588,#1589);
#1434=AXIS2_PLACEMENT_3D('',#1989,#1590,#1591);
#1435=AXIS2_PLACEMENT_3D('',#1990,#1592,#1593);
#1436=AXIS2_PLACEMENT_3D('',#1991,#1594,#1595);
#1437=AXIS2_PLACEMENT_3D('',#1993,#1596,#1597);
#1438=AXIS2_PLACEMENT_3D('',#1995,#1598,#1599);
#1439=AXIS2_PLACEMENT_3D('',#1996,#1600,#1601);
#1440=AXIS2_PLACEMENT_3D('',#1998,#1602,#1603);
#1441=AXIS2_PLACEMENT_3D('',#2001,#1605,#1606);
#1442=AXIS2_PLACEMENT_3D('',#2002,#1607,#1608);
#1443=AXIS2_PLACEMENT_3D('',#2004,#1609,#1610);
#1444=AXIS2_PLACEMENT_3D('',#2007,#1612,#1613);
#1445=AXIS2_PLACEMENT_3D('',#2008,#1614,#1615);
#1446=AXIS2_PLACEMENT_3D('',#2010,#1616,#1617);
#1447=AXIS2_PLACEMENT_3D('',#2013,#1619,#1620);
#1448=AXIS2_PLACEMENT_3D('',#2014,#1621,#1622);
#1449=AXIS2_PLACEMENT_3D('',#2017,#1623,#1624);
#1450=AXIS2_PLACEMENT_3D('',#2021,#1626,#1627);
#1451=AXIS2_PLACEMENT_3D('',#2025,#1629,#1630);
#1452=AXIS2_PLACEMENT_3D('',#2037,#1636,#1637);
#1453=AXIS2_PLACEMENT_3D('',#2039,#1639,#1640);
#1454=AXIS2_PLACEMENT_3D('',#2045,#1644,#1645);
#1455=AXIS2_PLACEMENT_3D('',#2049,#1648,#1649);
#1456=AXIS2_PLACEMENT_3D('',#2052,#1651,#1652);
#1457=AXIS2_PLACEMENT_3D('',#2053,#1653,#1654);
#1458=AXIS2_PLACEMENT_3D('',#2057,#1657,#1658);
#1459=AXIS2_PLACEMENT_3D('',#2060,#1660,#1661);
#1460=AXIS2_PLACEMENT_3D('',#2061,#1662,#1663);
#1461=AXIS2_PLACEMENT_3D('',#2065,#1666,#1667);
#1462=AXIS2_PLACEMENT_3D('',#2070,#1669,#1670);
#1463=AXIS2_PLACEMENT_3D('',#2074,#1672,#1673);
#1464=AXIS2_PLACEMENT_3D('',#2078,#1675,#1676);
#1465=AXIS2_PLACEMENT_3D('',#2082,#1678,#1679);
#1466=AXIS2_PLACEMENT_3D('',#2090,#1684,#1685);
#1467=AXIS2_PLACEMENT_3D('',#2096,#1689,#1690);
#1468=AXIS2_PLACEMENT_3D('',#2100,#1693,#1694);
#1469=AXIS2_PLACEMENT_3D('',#2103,#1696,#1697);
#1470=AXIS2_PLACEMENT_3D('',#2104,#1698,#1699);
#1471=AXIS2_PLACEMENT_3D('',#2108,#1702,#1703);
#1472=AXIS2_PLACEMENT_3D('',#2111,#1705,#1706);
#1473=AXIS2_PLACEMENT_3D('',#2112,#1707,#1708);
#1474=AXIS2_PLACEMENT_3D('',#2116,#1711,#1712);
#1475=AXIS2_PLACEMENT_3D('',#2119,#1714,#1715);
#1476=AXIS2_PLACEMENT_3D('',#2120,#1716,#1717);
#1477=AXIS2_PLACEMENT_3D('',#2124,#1720,#1721);
#1478=AXIS2_PLACEMENT_3D('',#2127,#1723,#1724);
#1479=AXIS2_PLACEMENT_3D('',#2128,#1725,#1726);
#1480=AXIS2_PLACEMENT_3D('',#2133,#1728,#1729);
#1481=AXIS2_PLACEMENT_3D('',#2137,#1731,#1732);
#1482=AXIS2_PLACEMENT_3D('',#2141,#1734,#1735);
#1483=AXIS2_PLACEMENT_3D('',#2145,#1737,#1738);
#1484=AXIS2_PLACEMENT_3D('',#2153,#1743,#1744);
#1485=AXIS2_PLACEMENT_3D('',#2159,#1748,#1749);
#1486=AXIS2_PLACEMENT_3D('',#2163,#1752,#1753);
#1487=AXIS2_PLACEMENT_3D('',#2166,#1755,#1756);
#1488=AXIS2_PLACEMENT_3D('',#2167,#1757,#1758);
#1489=AXIS2_PLACEMENT_3D('',#2171,#1761,#1762);
#1490=AXIS2_PLACEMENT_3D('',#2174,#1764,#1765);
#1491=AXIS2_PLACEMENT_3D('',#2175,#1766,#1767);
#1492=AXIS2_PLACEMENT_3D('',#2179,#1770,#1771);
#1493=AXIS2_PLACEMENT_3D('',#2182,#1773,#1774);
#1494=AXIS2_PLACEMENT_3D('',#2183,#1775,#1776);
#1495=AXIS2_PLACEMENT_3D('',#2187,#1779,#1780);
#1496=AXIS2_PLACEMENT_3D('',#2190,#1782,#1783);
#1497=AXIS2_PLACEMENT_3D('',#2191,#1784,#1785);
#1498=AXIS2_PLACEMENT_3D('',#2200,#1789,#1790);
#1499=AXIS2_PLACEMENT_3D('',#2204,#1792,#1793);
#1500=AXIS2_PLACEMENT_3D('',#2208,#1795,#1796);
#1501=AXIS2_PLACEMENT_3D('',#2212,#1798,#1799);
#1502=AXIS2_PLACEMENT_3D('',#2216,#1802,#1803);
#1503=AXIS2_PLACEMENT_3D('',#2222,#1807,#1808);
#1504=AXIS2_PLACEMENT_3D('',#2226,#1811,#1812);
#1505=AXIS2_PLACEMENT_3D('',#2229,#1814,#1815);
#1506=AXIS2_PLACEMENT_3D('',#2230,#1816,#1817);
#1507=AXIS2_PLACEMENT_3D('',#2234,#1820,#1821);
#1508=AXIS2_PLACEMENT_3D('',#2237,#1823,#1824);
#1509=AXIS2_PLACEMENT_3D('',#2238,#1825,#1826);
#1510=AXIS2_PLACEMENT_3D('',#2242,#1829,#1830);
#1511=AXIS2_PLACEMENT_3D('',#2245,#1832,#1833);
#1512=AXIS2_PLACEMENT_3D('',#2246,#1834,#1835);
#1513=AXIS2_PLACEMENT_3D('',#2250,#1838,#1839);
#1514=AXIS2_PLACEMENT_3D('',#2253,#1841,#1842);
#1515=AXIS2_PLACEMENT_3D('',#2254,#1843,#1844);
#1516=AXIS2_PLACEMENT_3D('',#2258,#1847,#1848);
#1517=AXIS2_PLACEMENT_3D('',#2262,#1851,#1852);
#1518=AXIS2_PLACEMENT_3D('',#2264,#1853,#1854);
#1519=AXIS2_PLACEMENT_3D('',#2266,#1856,#1857);
#1520=AXIS2_PLACEMENT_3D('',#2268,#1858,#1859);
#1521=AXIS2_PLACEMENT_3D('',#2270,#1861,#1862);
#1522=AXIS2_PLACEMENT_3D('',#2272,#1863,#1864);
#1523=AXIS2_PLACEMENT_3D('',#2274,#1866,#1867);
#1524=AXIS2_PLACEMENT_3D('',#2276,#1868,#1869);
#1525=AXIS2_PLACEMENT_3D('',#2278,#1871,#1872);
#1526=AXIS2_PLACEMENT_3D('',#2280,#1873,#1874);
#1527=AXIS2_PLACEMENT_3D('',#2282,#1876,#1877);
#1528=AXIS2_PLACEMENT_3D('',#2286,#1880,#1881);
#1529=AXIS2_PLACEMENT_3D('',#2292,#1885,#1886);
#1530=AXIS2_PLACEMENT_3D('',#2296,#1889,#1890);
#1531=AXIS2_PLACEMENT_3D('',#2298,#1891,#1892);
#1532=AXIS2_PLACEMENT_3D('',#2300,#1894,#1895);
#1533=AXIS2_PLACEMENT_3D('',#2304,#1898,#1899);
#1534=AXIS2_PLACEMENT_3D('',#2305,#1900,#1901);
#1535=AXIS2_PLACEMENT_3D('',#2306,#1902,#1903);
#1536=AXIS2_PLACEMENT_3D('',#2319,#1911,#1912);
#1537=AXIS2_PLACEMENT_3D('',#2325,#1916,#1917);
#1538=AXIS2_PLACEMENT_3D('',#2331,#1921,#1922);
#1539=AXIS2_PLACEMENT_3D('',#2333,#1924,#1925);
#1540=AXIS2_PLACEMENT_3D('',#2341,#1931,#1932);
#1541=AXIS2_PLACEMENT_3D('',#2344,#1935,#1936);
#1542=AXIS2_PLACEMENT_3D('',#2346,#1938,#1939);
#1543=AXIS2_PLACEMENT_3D('',#2347,#1940,#1941);
#1544=DIRECTION('axis',(0.,0.,1.));
#1545=DIRECTION('refdir',(1.,0.,0.));
#1546=DIRECTION('center_axis',(1.,0.,-8.88178419700125E-16));
#1547=DIRECTION('ref_axis',(-8.88178419700125E-16,0.,-1.));
#1548=DIRECTION('',(-8.88178419700125E-16,0.,-1.));
#1549=DIRECTION('',(0.,1.,0.));
#1550=DIRECTION('',(-8.88178419700125E-16,0.,-1.));
#1551=DIRECTION('',(0.,1.,0.));
#1552=DIRECTION('center_axis',(0.,1.,0.));
#1553=DIRECTION('ref_axis',(2.22044604925031E-15,0.,1.));
#1554=DIRECTION('center_axis',(0.,1.,0.));
#1555=DIRECTION('ref_axis',(2.22044604925031E-15,0.,1.));
#1556=DIRECTION('',(0.,1.,0.));
#1557=DIRECTION('center_axis',(0.,1.,0.));
#1558=DIRECTION('ref_axis',(2.22044604925031E-15,0.,1.));
#1559=DIRECTION('center_axis',(0.,0.,1.));
#1560=DIRECTION('ref_axis',(1.,0.,0.));
#1561=DIRECTION('',(1.,0.,0.));
#1562=DIRECTION('',(0.,1.,0.));
#1563=DIRECTION('',(1.,0.,0.));
#1564=DIRECTION('center_axis',(0.,1.,0.));
#1565=DIRECTION('ref_axis',(-1.,0.,6.66133814775092E-15));
#1566=DIRECTION('center_axis',(0.,1.,0.));
#1567=DIRECTION('ref_axis',(-1.,0.,6.66133814775092E-15));
#1568=DIRECTION('',(0.,1.,0.));
#1569=DIRECTION('center_axis',(0.,1.,0.));
#1570=DIRECTION('ref_axis',(-1.,0.,6.66133814775092E-15));
#1571=DIRECTION('center_axis',(-1.,0.,2.368475785867E-15));
#1572=DIRECTION('ref_axis',(2.368475785867E-15,0.,1.));
#1573=DIRECTION('',(2.368475785867E-15,0.,1.));
#1574=DIRECTION('',(0.,1.,0.));
#1575=DIRECTION('',(2.368475785867E-15,0.,1.));
#1576=DIRECTION('center_axis',(0.,1.,0.));
#1577=DIRECTION('ref_axis',(3.33066907387547E-15,0.,-1.));
#1578=DIRECTION('center_axis',(0.,1.,0.));
#1579=DIRECTION('ref_axis',(3.33066907387547E-15,0.,-1.));
#1580=DIRECTION('',(0.,1.,0.));
#1581=DIRECTION('center_axis',(0.,1.,0.));
#1582=DIRECTION('ref_axis',(3.33066907387547E-15,0.,-1.));
#1583=DIRECTION('center_axis',(0.,0.,-1.));
#1584=DIRECTION('ref_axis',(-1.,0.,0.));
#1585=DIRECTION('',(-1.,0.,0.));
#1586=DIRECTION('',(0.,1.,0.));
#1587=DIRECTION('',(-1.,0.,0.));
#1588=DIRECTION('center_axis',(0.,1.,0.));
#1589=DIRECTION('ref_axis',(1.,0.,4.44089209850065E-15));
#1590=DIRECTION('center_axis',(0.,1.,0.));
#1591=DIRECTION('ref_axis',(1.,0.,4.44089209850065E-15));
#1592=DIRECTION('center_axis',(0.,1.,0.));
#1593=DIRECTION('ref_axis',(1.,0.,4.44089209850065E-15));
#1594=DIRECTION('center_axis',(0.,1.,0.));
#1595=DIRECTION('ref_axis',(1.,0.,0.));
#1596=DIRECTION('center_axis',(0.,-1.,0.));
#1597=DIRECTION('ref_axis',(1.,0.,0.));
#1598=DIRECTION('center_axis',(0.,-1.,0.));
#1599=DIRECTION('ref_axis',(1.,0.,0.));
#1600=DIRECTION('center_axis',(0.,-1.,0.));
#1601=DIRECTION('ref_axis',(1.,0.,0.));
#1602=DIRECTION('center_axis',(0.,1.,0.));
#1603=DIRECTION('ref_axis',(1.,0.,0.));
#1604=DIRECTION('',(0.707106781186548,0.707106781186548,-8.65956056235493E-17));
#1605=DIRECTION('center_axis',(0.,-1.,0.));
#1606=DIRECTION('ref_axis',(1.,0.,0.));
#1607=DIRECTION('center_axis',(0.,-1.,0.));
#1608=DIRECTION('ref_axis',(1.,0.,0.));
#1609=DIRECTION('center_axis',(0.,1.,0.));
#1610=DIRECTION('ref_axis',(1.,0.,0.));
#1611=DIRECTION('',(0.707106781186548,0.707106781186548,-8.65956056235493E-17));
#1612=DIRECTION('center_axis',(0.,-1.,0.));
#1613=DIRECTION('ref_axis',(1.,0.,0.));
#1614=DIRECTION('center_axis',(0.,-1.,0.));
#1615=DIRECTION('ref_axis',(1.,0.,0.));
#1616=DIRECTION('center_axis',(0.,1.,0.));
#1617=DIRECTION('ref_axis',(1.,0.,0.));
#1618=DIRECTION('',(0.707106781186548,0.707106781186548,-8.65956056235493E-17));
#1619=DIRECTION('center_axis',(0.,-1.,0.));
#1620=DIRECTION('ref_axis',(1.,0.,0.));
#1621=DIRECTION('center_axis',(0.,1.,0.));
#1622=DIRECTION('ref_axis',(1.,0.,0.));
#1623=DIRECTION('center_axis',(0.,-1.,0.));
#1624=DIRECTION('ref_axis',(0.,0.,-1.));
#1625=DIRECTION('',(0.,0.,-1.));
#1626=DIRECTION('center_axis',(0.,-1.,0.));
#1627=DIRECTION('ref_axis',(-1.,0.,0.));
#1628=DIRECTION('',(-1.,0.,3.70074341541736E-15));
#1629=DIRECTION('center_axis',(0.,-1.,0.));
#1630=DIRECTION('ref_axis',(0.,0.,1.));
#1631=DIRECTION('',(3.55271367880045E-14,0.,1.));
#1632=DIRECTION('',(-1.,0.,8.88178419700124E-15));
#1633=DIRECTION('',(9.86864910777917E-16,0.,-1.));
#1634=DIRECTION('',(1.,0.,0.));
#1635=DIRECTION('',(0.,0.,1.));
#1636=DIRECTION('center_axis',(0.,-1.,0.));
#1637=DIRECTION('ref_axis',(1.,0.,0.));
#1638=DIRECTION('',(1.,0.,0.));
#1639=DIRECTION('center_axis',(-8.88178419700124E-15,0.,-1.));
#1640=DIRECTION('ref_axis',(-1.,0.,8.88178419700124E-15));
#1641=DIRECTION('',(0.,1.,0.));
#1642=DIRECTION('',(-1.,0.,8.88178419700124E-15));
#1643=DIRECTION('',(0.,1.,0.));
#1644=DIRECTION('center_axis',(-1.,0.,3.55271367880045E-14));
#1645=DIRECTION('ref_axis',(3.55271367880045E-14,0.,1.));
#1646=DIRECTION('',(0.,1.,0.));
#1647=DIRECTION('',(3.55271367880045E-14,0.,1.));
#1648=DIRECTION('center_axis',(0.,1.,0.));
#1649=DIRECTION('ref_axis',(0.,0.,1.));
#1650=DIRECTION('',(0.,1.,0.));
#1651=DIRECTION('center_axis',(0.,-1.,0.));
#1652=DIRECTION('ref_axis',(0.,0.,1.));
#1653=DIRECTION('center_axis',(-3.70074341541736E-15,0.,-1.));
#1654=DIRECTION('ref_axis',(-1.,0.,3.70074341541736E-15));
#1655=DIRECTION('',(0.,1.,0.));
#1656=DIRECTION('',(-1.,0.,3.70074341541736E-15));
#1657=DIRECTION('center_axis',(0.,1.,0.));
#1658=DIRECTION('ref_axis',(-1.,0.,0.));
#1659=DIRECTION('',(0.,1.,0.));
#1660=DIRECTION('center_axis',(0.,-1.,0.));
#1661=DIRECTION('ref_axis',(-1.,0.,0.));
#1662=DIRECTION('center_axis',(1.,0.,0.));
#1663=DIRECTION('ref_axis',(0.,0.,-1.));
#1664=DIRECTION('',(0.,1.,0.));
#1665=DIRECTION('',(0.,0.,-1.));
#1666=DIRECTION('center_axis',(0.,1.,0.));
#1667=DIRECTION('ref_axis',(1.,0.,0.));
#1668=DIRECTION('',(2.66453525910034E-14,0.,-1.));
#1669=DIRECTION('center_axis',(0.,-1.,0.));
#1670=DIRECTION('ref_axis',(-1.,0.,8.88178419700138E-15));
#1671=DIRECTION('',(-1.,0.,-1.11022302462522E-14));
#1672=DIRECTION('center_axis',(0.,-1.,0.));
#1673=DIRECTION('ref_axis',(-2.22044604925032E-15,0.,1.));
#1674=DIRECTION('',(-5.55111512312576E-15,0.,1.));
#1675=DIRECTION('center_axis',(0.,-1.,0.));
#1676=DIRECTION('ref_axis',(1.,0.,0.));
#1677=DIRECTION('',(1.,0.,3.70074341541717E-15));
#1678=DIRECTION('center_axis',(0.,-1.,0.));
#1679=DIRECTION('ref_axis',(-4.44089209850064E-15,0.,-1.));
#1680=DIRECTION('',(-8.88178419700113E-15,0.,-1.));
#1681=DIRECTION('',(1.,0.,0.));
#1682=DIRECTION('',(0.,0.,1.));
#1683=DIRECTION('',(-1.,0.,-8.88178419700123E-15));
#1684=DIRECTION('center_axis',(0.,0.,1.));
#1685=DIRECTION('ref_axis',(1.,0.,0.));
#1686=DIRECTION('',(0.,1.,0.));
#1687=DIRECTION('',(1.,0.,0.));
#1688=DIRECTION('',(0.,1.,0.));
#1689=DIRECTION('center_axis',(1.,0.,-8.88178419700113E-15));
#1690=DIRECTION('ref_axis',(-8.88178419700113E-15,0.,-1.));
#1691=DIRECTION('',(0.,1.,0.));
#1692=DIRECTION('',(-8.88178419700113E-15,0.,-1.));
#1693=DIRECTION('center_axis',(0.,1.,0.));
#1694=DIRECTION('ref_axis',(-4.44089209850064E-15,0.,-1.));
#1695=DIRECTION('',(0.,1.,0.));
#1696=DIRECTION('center_axis',(0.,-1.,0.));
#1697=DIRECTION('ref_axis',(-4.44089209850064E-15,0.,-1.));
#1698=DIRECTION('center_axis',(-3.70074341541717E-15,0.,1.));
#1699=DIRECTION('ref_axis',(1.,0.,3.70074341541717E-15));
#1700=DIRECTION('',(0.,1.,0.));
#1701=DIRECTION('',(1.,0.,3.70074341541717E-15));
#1702=DIRECTION('center_axis',(0.,1.,0.));
#1703=DIRECTION('ref_axis',(1.,0.,0.));
#1704=DIRECTION('',(0.,1.,0.));
#1705=DIRECTION('center_axis',(0.,-1.,0.));
#1706=DIRECTION('ref_axis',(1.,0.,0.));
#1707=DIRECTION('center_axis',(-1.,0.,-5.55111512312576E-15));
#1708=DIRECTION('ref_axis',(-5.55111512312576E-15,0.,1.));
#1709=DIRECTION('',(0.,1.,0.));
#1710=DIRECTION('',(-5.55111512312576E-15,0.,1.));
#1711=DIRECTION('center_axis',(0.,1.,0.));
#1712=DIRECTION('ref_axis',(-2.22044604925032E-15,0.,1.));
#1713=DIRECTION('',(0.,1.,0.));
#1714=DIRECTION('center_axis',(0.,-1.,0.));
#1715=DIRECTION('ref_axis',(-2.22044604925032E-15,0.,1.));
#1716=DIRECTION('center_axis',(1.11022302462522E-14,0.,-1.));
#1717=DIRECTION('ref_axis',(-1.,0.,-1.11022302462522E-14));
#1718=DIRECTION('',(0.,1.,0.));
#1719=DIRECTION('',(-1.,0.,-1.11022302462522E-14));
#1720=DIRECTION('center_axis',(0.,1.,0.));
#1721=DIRECTION('ref_axis',(-1.,0.,8.88178419700138E-15));
#1722=DIRECTION('',(0.,1.,0.));
#1723=DIRECTION('center_axis',(0.,-1.,0.));
#1724=DIRECTION('ref_axis',(-1.,0.,8.88178419700138E-15));
#1725=DIRECTION('center_axis',(0.,1.,0.));
#1726=DIRECTION('ref_axis',(1.,0.,0.));
#1727=DIRECTION('',(3.55271367880036E-14,0.,1.));
#1728=DIRECTION('center_axis',(0.,-1.,0.));
#1729=DIRECTION('ref_axis',(1.,0.,-8.88178419700113E-15));
#1730=DIRECTION('',(1.,0.,9.25185853854355E-16));
#1731=DIRECTION('center_axis',(0.,-1.,0.));
#1732=DIRECTION('ref_axis',(0.,0.,-1.));
#1733=DIRECTION('',(9.8686491077791E-15,0.,-1.));
#1734=DIRECTION('center_axis',(0.,-1.,0.));
#1735=DIRECTION('ref_axis',(-1.,0.,-2.22044604925032E-15));
#1736=DIRECTION('',(-1.,0.,-7.40148683083437E-15));
#1737=DIRECTION('center_axis',(0.,-1.,0.));
#1738=DIRECTION('ref_axis',(0.,0.,1.));
#1739=DIRECTION('',(0.,0.,1.));
#1740=DIRECTION('',(-1.,0.,0.));
#1741=DIRECTION('',(9.86864910777917E-16,0.,-1.));
#1742=DIRECTION('',(1.,0.,8.88178419700128E-15));
#1743=DIRECTION('center_axis',(0.,0.,-1.));
#1744=DIRECTION('ref_axis',(-1.,0.,0.));
#1745=DIRECTION('',(0.,1.,0.));
#1746=DIRECTION('',(-1.,0.,0.));
#1747=DIRECTION('',(0.,1.,0.));
#1748=DIRECTION('center_axis',(-1.,0.,0.));
#1749=DIRECTION('ref_axis',(0.,0.,1.));
#1750=DIRECTION('',(0.,1.,0.));
#1751=DIRECTION('',(0.,0.,1.));
#1752=DIRECTION('center_axis',(0.,1.,0.));
#1753=DIRECTION('ref_axis',(0.,0.,1.));
#1754=DIRECTION('',(0.,1.,0.));
#1755=DIRECTION('center_axis',(0.,-1.,0.));
#1756=DIRECTION('ref_axis',(0.,0.,1.));
#1757=DIRECTION('center_axis',(7.40148683083437E-15,0.,-1.));
#1758=DIRECTION('ref_axis',(-1.,0.,-7.40148683083437E-15));
#1759=DIRECTION('',(0.,1.,0.));
#1760=DIRECTION('',(-1.,0.,-7.40148683083437E-15));
#1761=DIRECTION('center_axis',(0.,1.,0.));
#1762=DIRECTION('ref_axis',(-1.,0.,-2.22044604925032E-15));
#1763=DIRECTION('',(0.,1.,0.));
#1764=DIRECTION('center_axis',(0.,-1.,0.));
#1765=DIRECTION('ref_axis',(-1.,0.,-2.22044604925032E-15));
#1766=DIRECTION('center_axis',(1.,0.,9.8686491077791E-15));
#1767=DIRECTION('ref_axis',(9.8686491077791E-15,0.,-1.));
#1768=DIRECTION('',(0.,1.,0.));
#1769=DIRECTION('',(9.8686491077791E-15,0.,-1.));
#1770=DIRECTION('center_axis',(0.,1.,0.));
#1771=DIRECTION('ref_axis',(0.,0.,-1.));
#1772=DIRECTION('',(0.,1.,0.));
#1773=DIRECTION('center_axis',(0.,-1.,0.));
#1774=DIRECTION('ref_axis',(0.,0.,-1.));
#1775=DIRECTION('center_axis',(-9.25185853854355E-16,0.,1.));
#1776=DIRECTION('ref_axis',(1.,0.,9.25185853854355E-16));
#1777=DIRECTION('',(0.,1.,0.));
#1778=DIRECTION('',(1.,0.,9.25185853854355E-16));
#1779=DIRECTION('center_axis',(0.,1.,0.));
#1780=DIRECTION('ref_axis',(1.,0.,-8.88178419700113E-15));
#1781=DIRECTION('',(0.,1.,0.));
#1782=DIRECTION('center_axis',(0.,-1.,0.));
#1783=DIRECTION('ref_axis',(1.,0.,-8.88178419700113E-15));
#1784=DIRECTION('center_axis',(0.,1.,0.));
#1785=DIRECTION('ref_axis',(1.,0.,0.));
#1786=DIRECTION('',(0.,0.,1.));
#1787=DIRECTION('',(-1.,0.,-6.96806465112422E-16));
#1788=DIRECTION('',(-2.66453525910036E-14,0.,-1.));
#1789=DIRECTION('center_axis',(0.,-1.,0.));
#1790=DIRECTION('ref_axis',(-1.,0.,-1.55431223447522E-14));
#1791=DIRECTION('',(-1.,0.,8.32667268468869E-15));
#1792=DIRECTION('center_axis',(0.,-1.,0.));
#1793=DIRECTION('ref_axis',(4.44089209850065E-15,0.,1.));
#1794=DIRECTION('',(-1.23358113847239E-15,0.,1.));
#1795=DIRECTION('center_axis',(0.,-1.,0.));
#1796=DIRECTION('ref_axis',(1.,0.,-4.44089209850062E-15));
#1797=DIRECTION('',(1.,0.,0.));
#1798=DIRECTION('center_axis',(0.,-1.,0.));
#1799=DIRECTION('ref_axis',(1.77635683940026E-14,0.,-1.));
#1800=DIRECTION('',(5.32907051820053E-14,0.,-1.));
#1801=DIRECTION('',(1.,0.,-7.77156117237609E-15));
#1802=DIRECTION('center_axis',(7.77156117237609E-15,0.,1.));
#1803=DIRECTION('ref_axis',(1.,0.,-7.77156117237609E-15));
#1804=DIRECTION('',(0.,1.,0.));
#1805=DIRECTION('',(1.,0.,-7.77156117237609E-15));
#1806=DIRECTION('',(0.,1.,0.));
#1807=DIRECTION('center_axis',(1.,0.,5.32907051820053E-14));
#1808=DIRECTION('ref_axis',(5.32907051820053E-14,0.,-1.));
#1809=DIRECTION('',(0.,1.,0.));
#1810=DIRECTION('',(5.32907051820053E-14,0.,-1.));
#1811=DIRECTION('center_axis',(0.,1.,0.));
#1812=DIRECTION('ref_axis',(1.77635683940026E-14,0.,-1.));
#1813=DIRECTION('',(0.,1.,0.));
#1814=DIRECTION('center_axis',(0.,-1.,0.));
#1815=DIRECTION('ref_axis',(1.77635683940026E-14,0.,-1.));
#1816=DIRECTION('center_axis',(0.,0.,1.));
#1817=DIRECTION('ref_axis',(1.,0.,0.));
#1818=DIRECTION('',(0.,1.,0.));
#1819=DIRECTION('',(1.,0.,0.));
#1820=DIRECTION('center_axis',(0.,1.,0.));
#1821=DIRECTION('ref_axis',(1.,0.,-4.44089209850062E-15));
#1822=DIRECTION('',(0.,1.,0.));
#1823=DIRECTION('center_axis',(0.,-1.,0.));
#1824=DIRECTION('ref_axis',(1.,0.,-4.44089209850062E-15));
#1825=DIRECTION('center_axis',(-1.,0.,-1.23358113847239E-15));
#1826=DIRECTION('ref_axis',(-1.23358113847239E-15,0.,1.));
#1827=DIRECTION('',(0.,1.,0.));
#1828=DIRECTION('',(-1.23358113847239E-15,0.,1.));
#1829=DIRECTION('center_axis',(0.,1.,0.));
#1830=DIRECTION('ref_axis',(4.44089209850065E-15,0.,1.));
#1831=DIRECTION('',(0.,1.,0.));
#1832=DIRECTION('center_axis',(0.,-1.,0.));
#1833=DIRECTION('ref_axis',(4.44089209850065E-15,0.,1.));
#1834=DIRECTION('center_axis',(-8.32667268468869E-15,0.,-1.));
#1835=DIRECTION('ref_axis',(-1.,0.,8.32667268468869E-15));
#1836=DIRECTION('',(0.,1.,0.));
#1837=DIRECTION('',(-1.,0.,8.32667268468869E-15));
#1838=DIRECTION('center_axis',(0.,1.,0.));
#1839=DIRECTION('ref_axis',(-1.,0.,-1.55431223447522E-14));
#1840=DIRECTION('',(0.,1.,0.));
#1841=DIRECTION('center_axis',(0.,-1.,0.));
#1842=DIRECTION('ref_axis',(-1.,0.,-1.55431223447522E-14));
#1843=DIRECTION('center_axis',(1.,0.,-2.66453525910036E-14));
#1844=DIRECTION('ref_axis',(-2.66453525910036E-14,0.,-1.));
#1845=DIRECTION('',(0.,1.,0.));
#1846=DIRECTION('',(-2.66453525910036E-14,0.,-1.));
#1847=DIRECTION('center_axis',(6.96806465112422E-16,0.,-1.));
#1848=DIRECTION('ref_axis',(-1.,0.,-6.96806465112422E-16));
#1849=DIRECTION('',(0.,1.,0.));
#1850=DIRECTION('',(-1.,0.,-6.96806465112422E-16));
#1851=DIRECTION('center_axis',(0.,1.,0.));
#1852=DIRECTION('ref_axis',(1.,0.,0.));
#1853=DIRECTION('center_axis',(0.,-1.,0.));
#1854=DIRECTION('ref_axis',(1.,0.,0.));
#1855=DIRECTION('',(0.,-1.,0.));
#1856=DIRECTION('center_axis',(0.,1.,0.));
#1857=DIRECTION('ref_axis',(1.,0.,0.));
#1858=DIRECTION('center_axis',(0.,-1.,0.));
#1859=DIRECTION('ref_axis',(1.,0.,0.));
#1860=DIRECTION('',(0.,-1.,0.));
#1861=DIRECTION('center_axis',(0.,1.,0.));
#1862=DIRECTION('ref_axis',(1.,0.,0.));
#1863=DIRECTION('center_axis',(0.,-1.,0.));
#1864=DIRECTION('ref_axis',(1.,0.,0.));
#1865=DIRECTION('',(0.,-1.,0.));
#1866=DIRECTION('center_axis',(0.,1.,0.));
#1867=DIRECTION('ref_axis',(1.,0.,0.));
#1868=DIRECTION('center_axis',(0.,-1.,0.));
#1869=DIRECTION('ref_axis',(1.,0.,0.));
#1870=DIRECTION('',(0.,-1.,0.));
#1871=DIRECTION('center_axis',(0.,1.,0.));
#1872=DIRECTION('ref_axis',(1.,0.,0.));
#1873=DIRECTION('center_axis',(0.,-1.,0.));
#1874=DIRECTION('ref_axis',(1.,0.,0.));
#1875=DIRECTION('',(0.,-1.,0.));
#1876=DIRECTION('center_axis',(-1.,0.,3.55271367880036E-14));
#1877=DIRECTION('ref_axis',(3.55271367880036E-14,0.,1.));
#1878=DIRECTION('',(0.,1.,0.));
#1879=DIRECTION('',(3.55271367880036E-14,0.,1.));
#1880=DIRECTION('center_axis',(0.,0.,1.));
#1881=DIRECTION('ref_axis',(1.,0.,0.));
#1882=DIRECTION('',(0.,1.,0.));
#1883=DIRECTION('',(1.,0.,0.));
#1884=DIRECTION('',(0.,1.,0.));
#1885=DIRECTION('center_axis',(-1.,0.,0.));
#1886=DIRECTION('ref_axis',(0.,0.,1.));
#1887=DIRECTION('',(0.,0.,1.));
#1888=DIRECTION('',(0.,1.,0.));
#1889=DIRECTION('center_axis',(0.,1.,0.));
#1890=DIRECTION('ref_axis',(1.,0.,0.));
#1891=DIRECTION('center_axis',(0.,-1.,0.));
#1892=DIRECTION('ref_axis',(1.,0.,0.));
#1893=DIRECTION('',(0.,1.,0.));
#1894=DIRECTION('center_axis',(0.,0.,1.));
#1895=DIRECTION('ref_axis',(1.,0.,0.));
#1896=DIRECTION('',(1.,0.,0.));
#1897=DIRECTION('',(0.,1.,0.));
#1898=DIRECTION('center_axis',(0.,1.,0.));
#1899=DIRECTION('ref_axis',(0.,0.,-1.));
#1900=DIRECTION('center_axis',(0.,-1.,0.));
#1901=DIRECTION('ref_axis',(0.,0.,-1.));
#1902=DIRECTION('center_axis',(1.,0.,9.86864910777917E-16));
#1903=DIRECTION('ref_axis',(9.86864910777917E-16,0.,-1.));
#1904=DIRECTION('',(9.86864910777917E-16,0.,-1.));
#1905=DIRECTION('',(0.,1.,0.));
#1906=DIRECTION('',(9.86864910777917E-16,0.,-1.));
#1907=DIRECTION('',(0.,1.,0.));
#1908=DIRECTION('',(9.86864910777917E-16,0.,-1.));
#1909=DIRECTION('',(9.86864910777917E-16,0.,-1.));
#1910=DIRECTION('',(0.,1.,0.));
#1911=DIRECTION('center_axis',(-3.22973970800046E-16,0.,1.));
#1912=DIRECTION('ref_axis',(1.,0.,3.22973970800046E-16));
#1913=DIRECTION('',(1.,0.,3.22973970800046E-16));
#1914=DIRECTION('',(1.,0.,3.22973970800046E-16));
#1915=DIRECTION('',(0.,1.,0.));
#1916=DIRECTION('center_axis',(8.88178419700123E-15,0.,-1.));
#1917=DIRECTION('ref_axis',(-1.,0.,-8.88178419700123E-15));
#1918=DIRECTION('',(0.,1.,0.));
#1919=DIRECTION('',(-1.,0.,-8.88178419700123E-15));
#1920=DIRECTION('',(0.,1.,0.));
#1921=DIRECTION('center_axis',(1.,0.,2.66453525910034E-14));
#1922=DIRECTION('ref_axis',(2.66453525910034E-14,0.,-1.));
#1923=DIRECTION('',(2.66453525910034E-14,0.,-1.));
#1924=DIRECTION('center_axis',(-1.,0.,0.));
#1925=DIRECTION('ref_axis',(0.,0.,1.));
#1926=DIRECTION('',(0.,0.,1.));
#1927=DIRECTION('',(0.,0.,1.));
#1928=DIRECTION('',(0.,0.,1.));
#1929=DIRECTION('',(0.,0.,1.));
#1930=DIRECTION('',(0.,1.,0.));
#1931=DIRECTION('center_axis',(4.03717463500057E-17,0.,-1.));
#1932=DIRECTION('ref_axis',(-1.,0.,-4.03717463500057E-17));
#1933=DIRECTION('',(-1.,0.,-4.03717463500057E-17));
#1934=DIRECTION('',(-1.,0.,-4.03717463500057E-17));
#1935=DIRECTION('center_axis',(-8.88178419700128E-15,0.,1.));
#1936=DIRECTION('ref_axis',(1.,0.,8.88178419700128E-15));
#1937=DIRECTION('',(1.,0.,8.88178419700128E-15));
#1938=DIRECTION('center_axis',(0.,1.,0.));
#1939=DIRECTION('ref_axis',(1.,0.,0.));
#1940=DIRECTION('center_axis',(0.,1.,0.));
#1941=DIRECTION('ref_axis',(1.,0.,0.));
#1942=CARTESIAN_POINT('',(0.,0.,0.));
#1943=CARTESIAN_POINT('Origin',(31.5000003278259,0.,36.6474125202911));
#1944=CARTESIAN_POINT('',(31.5000003278259,0.,36.6474125202911));
#1945=CARTESIAN_POINT('',(31.5000003278259,0.,21.6474125202911));
#1946=CARTESIAN_POINT('',(31.5000003278259,0.,33.3974125202911));
#1947=CARTESIAN_POINT('',(31.5000003278259,2.,36.6474125202911));
#1948=CARTESIAN_POINT('',(31.5000003278259,0.,36.6474125202911));
#1949=CARTESIAN_POINT('',(31.5000003278259,2.,21.6474125202911));
#1950=CARTESIAN_POINT('',(31.5000003278259,2.,36.6474125202911));
#1951=CARTESIAN_POINT('',(31.5000003278259,0.,21.6474125202911));
#1952=CARTESIAN_POINT('Origin',(29.5000003278259,0.,36.6474125202911));
#1953=CARTESIAN_POINT('',(29.5000003278259,0.,38.6474125202911));
#1954=CARTESIAN_POINT('Origin',(29.5000003278259,0.,36.6474125202911));
#1955=CARTESIAN_POINT('',(29.5000003278259,2.,38.6474125202911));
#1956=CARTESIAN_POINT('',(29.5000003278259,0.,38.6474125202911));
#1957=CARTESIAN_POINT('Origin',(29.5000003278259,2.,36.6474125202911));
#1958=CARTESIAN_POINT('Origin',(16.5000003278259,0.,38.6474125202911));
#1959=CARTESIAN_POINT('',(16.5000003278259,0.,38.6474125202911));
#1960=CARTESIAN_POINT('',(26.0000003278259,0.,38.6474125202911));
#1961=CARTESIAN_POINT('',(16.5000003278259,2.,38.6474125202911));
#1962=CARTESIAN_POINT('',(16.5000003278259,0.,38.6474125202911));
#1963=CARTESIAN_POINT('',(16.5000003278259,2.,38.6474125202911));
#1964=CARTESIAN_POINT('Origin',(16.5000003278259,0.,36.6474125202911));
#1965=CARTESIAN_POINT('',(14.5000003278259,0.,36.6474125202911));
#1966=CARTESIAN_POINT('Origin',(16.5000003278259,0.,36.6474125202911));
#1967=CARTESIAN_POINT('',(14.5000003278259,2.,36.6474125202911));
#1968=CARTESIAN_POINT('',(14.5000003278259,0.,36.6474125202911));
#1969=CARTESIAN_POINT('Origin',(16.5000003278259,2.,36.6474125202911));
#1970=CARTESIAN_POINT('Origin',(14.5000003278259,0.,21.6474125202911));
#1971=CARTESIAN_POINT('',(14.5000003278259,0.,21.6474125202911));
#1972=CARTESIAN_POINT('',(14.5000003278259,0.,25.8974125202911));
#1973=CARTESIAN_POINT('',(14.5000003278259,2.,21.6474125202911));
#1974=CARTESIAN_POINT('',(14.5000003278259,0.,21.6474125202911));
#1975=CARTESIAN_POINT('',(14.5000003278259,2.,21.6474125202911));
#1976=CARTESIAN_POINT('Origin',(16.5000003278259,0.,21.6474125202911));
#1977=CARTESIAN_POINT('',(16.5000003278259,0.,19.6474125202911));
#1978=CARTESIAN_POINT('Origin',(16.5000003278259,0.,21.6474125202911));
#1979=CARTESIAN_POINT('',(16.5000003278259,2.,19.6474125202911));
#1980=CARTESIAN_POINT('',(16.5000003278259,0.,19.6474125202911));
#1981=CARTESIAN_POINT('Origin',(16.5000003278259,2.,21.6474125202911));
#1982=CARTESIAN_POINT('Origin',(29.5000003278259,0.,19.6474125202911));
#1983=CARTESIAN_POINT('',(29.5000003278259,0.,19.6474125202911));
#1984=CARTESIAN_POINT('',(32.5000003278259,0.,19.6474125202911));
#1985=CARTESIAN_POINT('',(29.5000003278259,2.,19.6474125202911));
#1986=CARTESIAN_POINT('',(29.5000003278259,0.,19.6474125202911));
#1987=CARTESIAN_POINT('',(29.5000003278259,2.,19.6474125202911));
#1988=CARTESIAN_POINT('Origin',(29.5000003278259,0.,21.6474125202911));
#1989=CARTESIAN_POINT('Origin',(29.5000003278259,0.,21.6474125202911));
#1990=CARTESIAN_POINT('Origin',(29.5000003278259,2.,21.6474125202911));
#1991=CARTESIAN_POINT('Origin',(23.0000003278259,2.,29.1474125202911));
#1992=CARTESIAN_POINT('',(28.2000003278259,2.,36.1474125202911));
#1993=CARTESIAN_POINT('Origin',(29.0000003278259,2.,36.1474125202911));
#1994=CARTESIAN_POINT('',(16.2000003278259,2.,24.1474125202911));
#1995=CARTESIAN_POINT('Origin',(17.0000003278259,2.,24.1474125202911));
#1996=CARTESIAN_POINT('Origin',(53.0000003278259,0.,30.1474125202911));
#1997=CARTESIAN_POINT('',(51.0000003278259,0.,30.1474125202911));
#1998=CARTESIAN_POINT('Origin',(53.0000003278259,0.,30.1474125202911));
#1999=CARTESIAN_POINT('',(52.0000003278259,0.999999999999996,30.1474125202911));
#2000=CARTESIAN_POINT('',(51.0000003278259,0.,30.1474125202911));
#2001=CARTESIAN_POINT('Origin',(53.0000003278259,0.999999999999996,30.1474125202911));
#2002=CARTESIAN_POINT('Origin',(22.0000003278254,0.,12.6474125202911));
#2003=CARTESIAN_POINT('',(20.0000003278254,0.,12.6474125202911));
#2004=CARTESIAN_POINT('Origin',(22.0000003278254,0.,12.6474125202911));
#2005=CARTESIAN_POINT('',(21.0000003278254,1.,12.6474125202911));
#2006=CARTESIAN_POINT('',(20.0000003278254,0.,12.6474125202911));
#2007=CARTESIAN_POINT('Origin',(22.0000003278254,1.,12.6474125202911));
#2008=CARTESIAN_POINT('Origin',(22.0000003278254,0.,47.6474125202911));
#2009=CARTESIAN_POINT('',(20.0000003278254,0.,47.6474125202911));
#2010=CARTESIAN_POINT('Origin',(22.0000003278254,0.,47.6474125202911));
#2011=CARTESIAN_POINT('',(21.0000003278254,1.,47.6474125202911));
#2012=CARTESIAN_POINT('',(20.0000003278254,0.,47.6474125202911));
#2013=CARTESIAN_POINT('Origin',(22.0000003278254,1.,47.6474125202911));
#2014=CARTESIAN_POINT('Origin',(59.8000003278259,1.65,43.1474125202911));
#2015=CARTESIAN_POINT('',(56.600000327826,1.65,41.3474125202911));
#2016=CARTESIAN_POINT('',(57.600000327826,1.65,40.3474125202911));
#2017=CARTESIAN_POINT('Origin',(57.600000327826,1.65,41.3474125202911));
#2018=CARTESIAN_POINT('',(56.600000327826,1.65,44.9474125202911));
#2019=CARTESIAN_POINT('',(56.600000327826,1.65,44.0474125202911));
#2020=CARTESIAN_POINT('',(57.600000327826,1.65,45.9474125202911));
#2021=CARTESIAN_POINT('Origin',(57.600000327826,1.65,44.9474125202911));
#2022=CARTESIAN_POINT('',(60.0000003278259,1.65,45.9474125202911));
#2023=CARTESIAN_POINT('',(59.9000003278259,1.65,45.9474125202911));
#2024=CARTESIAN_POINT('',(61.0000003278259,1.65,44.9474125202911));
#2025=CARTESIAN_POINT('Origin',(60.0000003278259,1.65,44.9474125202911));
#2026=CARTESIAN_POINT('',(61.0000003278259,1.65,44.6974125202911));
#2027=CARTESIAN_POINT('',(61.0000003278258,1.65,43.9224125202911));
#2028=CARTESIAN_POINT('',(63.0000003278259,1.65,44.6974125202911));
#2029=CARTESIAN_POINT('',(61.4000003278259,1.65,44.6974125202911));
#2030=CARTESIAN_POINT('',(63.0000003278259,1.65,41.5974125202911));
#2031=CARTESIAN_POINT('',(63.0000003278259,1.65,52.6474125202911));
#2032=CARTESIAN_POINT('',(61.000000327826,1.65,41.5974125202911));
#2033=CARTESIAN_POINT('',(60.4000003278259,1.65,41.5974125202911));
#2034=CARTESIAN_POINT('',(61.000000327826,1.65,41.3474125202911));
#2035=CARTESIAN_POINT('',(61.000000327826,1.65,42.2474125202911));
#2036=CARTESIAN_POINT('',(60.000000327826,1.65,40.3474125202911));
#2037=CARTESIAN_POINT('Origin',(60.000000327826,1.65,41.3474125202911));
#2038=CARTESIAN_POINT('',(58.700000327826,1.65,40.3474125202911));
#2039=CARTESIAN_POINT('Origin',(63.0000003278259,0.,44.6974125202911));
#2040=CARTESIAN_POINT('',(61.0000003278259,8.,44.6974125202911));
#2041=CARTESIAN_POINT('',(61.0000003278259,0.,44.6974125202911));
#2042=CARTESIAN_POINT('',(63.0000003278259,8.,44.6974125202911));
#2043=CARTESIAN_POINT('',(61.0000003278259,8.,44.6974125202911));
#2044=CARTESIAN_POINT('',(63.0000003278259,0.,44.6974125202911));
#2045=CARTESIAN_POINT('Origin',(61.0000003278259,0.,44.6974125202911));
#2046=CARTESIAN_POINT('',(61.0000003278259,8.,44.9474125202911));
#2047=CARTESIAN_POINT('',(61.0000003278259,0.,44.9474125202911));
#2048=CARTESIAN_POINT('',(61.0000003278259,8.,44.6974125202911));
#2049=CARTESIAN_POINT('Origin',(60.0000003278259,0.,44.9474125202911));
#2050=CARTESIAN_POINT('',(60.0000003278259,8.,45.9474125202911));
#2051=CARTESIAN_POINT('',(60.0000003278259,0.,45.9474125202911));
#2052=CARTESIAN_POINT('Origin',(60.0000003278259,8.,44.9474125202911));
#2053=CARTESIAN_POINT('Origin',(60.0000003278259,0.,45.9474125202911));
#2054=CARTESIAN_POINT('',(57.600000327826,8.,45.9474125202911));
#2055=CARTESIAN_POINT('',(57.600000327826,0.,45.9474125202911));
#2056=CARTESIAN_POINT('',(60.0000003278259,8.,45.9474125202911));
#2057=CARTESIAN_POINT('Origin',(57.600000327826,0.,44.9474125202911));
#2058=CARTESIAN_POINT('',(56.600000327826,8.,44.9474125202911));
#2059=CARTESIAN_POINT('',(56.600000327826,0.,44.9474125202911));
#2060=CARTESIAN_POINT('Origin',(57.600000327826,8.,44.9474125202911));
#2061=CARTESIAN_POINT('Origin',(56.600000327826,0.,44.9474125202911));
#2062=CARTESIAN_POINT('',(56.600000327826,8.,41.3474125202911));
#2063=CARTESIAN_POINT('',(56.600000327826,0.,41.3474125202911));
#2064=CARTESIAN_POINT('',(56.600000327826,8.,44.9474125202911));
#2065=CARTESIAN_POINT('Origin',(11.2000003278258,1.65,43.147412520291));
#2066=CARTESIAN_POINT('',(10.0000003278259,1.65,44.947412520291));
#2067=CARTESIAN_POINT('',(10.0000003278259,1.65,44.697412520291));
#2068=CARTESIAN_POINT('',(10.0000003278259,1.65,44.047412520291));
#2069=CARTESIAN_POINT('',(11.0000003278259,1.65,45.947412520291));
#2070=CARTESIAN_POINT('Origin',(11.0000003278259,1.65,44.947412520291));
#2071=CARTESIAN_POINT('',(13.4000003278258,1.65,45.9474125202911));
#2072=CARTESIAN_POINT('',(12.3000003278258,1.65,45.947412520291));
#2073=CARTESIAN_POINT('',(14.4000003278258,1.65,44.9474125202911));
#2074=CARTESIAN_POINT('Origin',(13.4000003278258,1.65,44.9474125202911));
#2075=CARTESIAN_POINT('',(14.4000003278258,1.65,41.347412520291));
#2076=CARTESIAN_POINT('',(14.4000003278258,1.65,42.2474125202911));
#2077=CARTESIAN_POINT('',(13.4000003278258,1.65,40.347412520291));
#2078=CARTESIAN_POINT('Origin',(13.4000003278258,1.65,41.347412520291));
#2079=CARTESIAN_POINT('',(11.0000003278258,1.65,40.347412520291));
#2080=CARTESIAN_POINT('',(11.1000003278258,1.65,40.347412520291));
#2081=CARTESIAN_POINT('',(10.0000003278258,1.65,41.347412520291));
#2082=CARTESIAN_POINT('Origin',(11.0000003278258,1.65,41.347412520291));
#2083=CARTESIAN_POINT('',(10.0000003278258,1.65,41.597412520291));
#2084=CARTESIAN_POINT('',(10.0000003278258,1.65,42.372412520291));
#2085=CARTESIAN_POINT('',(8.00000032782589,1.65,41.597412520291));
#2086=CARTESIAN_POINT('',(9.60000032782587,1.65,41.597412520291));
#2087=CARTESIAN_POINT('',(8.00000032782589,1.65,44.697412520291));
#2088=CARTESIAN_POINT('',(8.00000032782589,1.65,7.64741252029106));
#2089=CARTESIAN_POINT('',(10.6000003278259,1.65,44.6974125202911));
#2090=CARTESIAN_POINT('Origin',(8.00000032782589,0.,41.597412520291));
#2091=CARTESIAN_POINT('',(10.0000003278258,8.,41.597412520291));
#2092=CARTESIAN_POINT('',(10.0000003278258,0.,41.597412520291));
#2093=CARTESIAN_POINT('',(8.00000032782589,8.,41.597412520291));
#2094=CARTESIAN_POINT('',(6.81339664312538,8.,41.597412520291));
#2095=CARTESIAN_POINT('',(8.00000032782589,0.,41.597412520291));
#2096=CARTESIAN_POINT('Origin',(10.0000003278258,0.,41.597412520291));
#2097=CARTESIAN_POINT('',(10.0000003278258,8.,41.347412520291));
#2098=CARTESIAN_POINT('',(10.0000003278258,0.,41.347412520291));
#2099=CARTESIAN_POINT('',(10.0000003278258,8.,41.347412520291));
#2100=CARTESIAN_POINT('Origin',(11.0000003278258,0.,41.347412520291));
#2101=CARTESIAN_POINT('',(11.0000003278258,8.,40.347412520291));
#2102=CARTESIAN_POINT('',(11.0000003278258,0.,40.347412520291));
#2103=CARTESIAN_POINT('Origin',(11.0000003278258,8.,41.347412520291));
#2104=CARTESIAN_POINT('Origin',(11.0000003278258,0.,40.347412520291));
#2105=CARTESIAN_POINT('',(13.4000003278258,8.,40.347412520291));
#2106=CARTESIAN_POINT('',(13.4000003278258,0.,40.347412520291));
#2107=CARTESIAN_POINT('',(13.4000003278258,8.,40.347412520291));
#2108=CARTESIAN_POINT('Origin',(13.4000003278258,0.,41.347412520291));
#2109=CARTESIAN_POINT('',(14.4000003278258,8.,41.347412520291));
#2110=CARTESIAN_POINT('',(14.4000003278258,0.,41.347412520291));
#2111=CARTESIAN_POINT('Origin',(13.4000003278258,8.,41.347412520291));
#2112=CARTESIAN_POINT('Origin',(14.4000003278258,0.,41.347412520291));
#2113=CARTESIAN_POINT('',(14.4000003278258,8.,44.9474125202911));
#2114=CARTESIAN_POINT('',(14.4000003278258,0.,44.9474125202911));
#2115=CARTESIAN_POINT('',(14.4000003278258,8.,44.9474125202911));
#2116=CARTESIAN_POINT('Origin',(13.4000003278258,0.,44.9474125202911));
#2117=CARTESIAN_POINT('',(13.4000003278258,8.,45.9474125202911));
#2118=CARTESIAN_POINT('',(13.4000003278258,0.,45.9474125202911));
#2119=CARTESIAN_POINT('Origin',(13.4000003278258,8.,44.9474125202911));
#2120=CARTESIAN_POINT('Origin',(13.4000003278258,0.,45.9474125202911));
#2121=CARTESIAN_POINT('',(11.0000003278259,8.,45.947412520291));
#2122=CARTESIAN_POINT('',(11.0000003278259,0.,45.947412520291));
#2123=CARTESIAN_POINT('',(11.0000003278259,8.,45.947412520291));
#2124=CARTESIAN_POINT('Origin',(11.0000003278259,0.,44.947412520291));
#2125=CARTESIAN_POINT('',(10.0000003278259,8.,44.947412520291));
#2126=CARTESIAN_POINT('',(10.0000003278259,0.,44.947412520291));
#2127=CARTESIAN_POINT('Origin',(11.0000003278259,8.,44.947412520291));
#2128=CARTESIAN_POINT('Origin',(59.8000003278259,1.65,17.1474125202911));
#2129=CARTESIAN_POINT('',(61.0000003278259,1.65,15.3474125202911));
#2130=CARTESIAN_POINT('',(61.0000003278259,1.65,15.5974125202911));
#2131=CARTESIAN_POINT('',(61.0000003278259,1.65,16.2474125202911));
#2132=CARTESIAN_POINT('',(60.0000003278259,1.65,14.3474125202911));
#2133=CARTESIAN_POINT('Origin',(60.0000003278259,1.65,15.3474125202911));
#2134=CARTESIAN_POINT('',(57.600000327826,1.65,14.3474125202911));
#2135=CARTESIAN_POINT('',(58.700000327826,1.65,14.3474125202911));
#2136=CARTESIAN_POINT('',(56.600000327826,1.65,15.3474125202911));
#2137=CARTESIAN_POINT('Origin',(57.600000327826,1.65,15.3474125202911));
#2138=CARTESIAN_POINT('',(56.600000327826,1.65,18.9474125202911));
#2139=CARTESIAN_POINT('',(56.600000327826,1.65,18.0474125202911));
#2140=CARTESIAN_POINT('',(57.600000327826,1.65,19.9474125202911));
#2141=CARTESIAN_POINT('Origin',(57.600000327826,1.65,18.9474125202911));
#2142=CARTESIAN_POINT('',(60.000000327826,1.65,19.9474125202911));
#2143=CARTESIAN_POINT('',(59.900000327826,1.65,19.9474125202911));
#2144=CARTESIAN_POINT('',(61.000000327826,1.65,18.9474125202911));
#2145=CARTESIAN_POINT('Origin',(60.000000327826,1.65,18.9474125202911));
#2146=CARTESIAN_POINT('',(61.000000327826,1.65,18.6974125202911));
#2147=CARTESIAN_POINT('',(61.000000327826,1.65,17.9224125202911));
#2148=CARTESIAN_POINT('',(63.0000003278259,1.65,18.6974125202911));
#2149=CARTESIAN_POINT('',(61.4000003278259,1.65,18.6974125202911));
#2150=CARTESIAN_POINT('',(63.0000003278259,1.65,15.5974125202911));
#2151=CARTESIAN_POINT('',(63.0000003278259,1.65,52.6474125202911));
#2152=CARTESIAN_POINT('',(60.4000003278259,1.65,15.5974125202911));
#2153=CARTESIAN_POINT('Origin',(63.0000003278259,0.,18.6974125202911));
#2154=CARTESIAN_POINT('',(61.000000327826,8.,18.6974125202911));
#2155=CARTESIAN_POINT('',(61.000000327826,0.,18.6974125202911));
#2156=CARTESIAN_POINT('',(63.0000003278259,8.,18.6974125202911));
#2157=CARTESIAN_POINT('',(64.1866040125264,8.,18.6974125202911));
#2158=CARTESIAN_POINT('',(63.0000003278259,0.,18.6974125202911));
#2159=CARTESIAN_POINT('Origin',(61.000000327826,0.,18.6974125202911));
#2160=CARTESIAN_POINT('',(61.000000327826,8.,18.9474125202911));
#2161=CARTESIAN_POINT('',(61.000000327826,0.,18.9474125202911));
#2162=CARTESIAN_POINT('',(61.000000327826,8.,18.9474125202911));
#2163=CARTESIAN_POINT('Origin',(60.000000327826,0.,18.9474125202911));
#2164=CARTESIAN_POINT('',(60.000000327826,8.,19.9474125202911));
#2165=CARTESIAN_POINT('',(60.000000327826,0.,19.9474125202911));
#2166=CARTESIAN_POINT('Origin',(60.000000327826,8.,18.9474125202911));
#2167=CARTESIAN_POINT('Origin',(60.000000327826,0.,19.9474125202911));
#2168=CARTESIAN_POINT('',(57.600000327826,8.,19.9474125202911));
#2169=CARTESIAN_POINT('',(57.600000327826,0.,19.9474125202911));
#2170=CARTESIAN_POINT('',(57.600000327826,8.,19.9474125202911));
#2171=CARTESIAN_POINT('Origin',(57.600000327826,0.,18.9474125202911));
#2172=CARTESIAN_POINT('',(56.600000327826,8.,18.9474125202911));
#2173=CARTESIAN_POINT('',(56.600000327826,0.,18.9474125202911));
#2174=CARTESIAN_POINT('Origin',(57.600000327826,8.,18.9474125202911));
#2175=CARTESIAN_POINT('Origin',(56.600000327826,0.,18.9474125202911));
#2176=CARTESIAN_POINT('',(56.600000327826,8.,15.3474125202911));
#2177=CARTESIAN_POINT('',(56.600000327826,0.,15.3474125202911));
#2178=CARTESIAN_POINT('',(56.600000327826,8.,15.3474125202911));
#2179=CARTESIAN_POINT('Origin',(57.600000327826,0.,15.3474125202911));
#2180=CARTESIAN_POINT('',(57.600000327826,8.,14.3474125202911));
#2181=CARTESIAN_POINT('',(57.600000327826,0.,14.3474125202911));
#2182=CARTESIAN_POINT('Origin',(57.600000327826,8.,15.3474125202911));
#2183=CARTESIAN_POINT('Origin',(57.600000327826,0.,14.3474125202911));
#2184=CARTESIAN_POINT('',(60.0000003278259,8.,14.3474125202911));
#2185=CARTESIAN_POINT('',(60.0000003278259,0.,14.3474125202911));
#2186=CARTESIAN_POINT('',(60.0000003278259,8.,14.3474125202911));
#2187=CARTESIAN_POINT('Origin',(60.0000003278259,0.,15.3474125202911));
#2188=CARTESIAN_POINT('',(61.0000003278259,8.,15.3474125202911));
#2189=CARTESIAN_POINT('',(61.0000003278259,0.,15.3474125202911));
#2190=CARTESIAN_POINT('Origin',(60.0000003278259,8.,15.3474125202911));
#2191=CARTESIAN_POINT('Origin',(11.2000003278258,1.65,17.1474125202911));
#2192=CARTESIAN_POINT('',(8.00000032782591,1.65,15.5974125202911));
#2193=CARTESIAN_POINT('',(8.00000032782589,1.65,18.6974125202911));
#2194=CARTESIAN_POINT('',(8.00000032782589,1.65,7.64741252029106));
#2195=CARTESIAN_POINT('',(10.0000003278258,1.65,18.6974125202911));
#2196=CARTESIAN_POINT('',(10.6000003278258,1.65,18.6974125202911));
#2197=CARTESIAN_POINT('',(10.0000003278258,1.65,18.9474125202911));
#2198=CARTESIAN_POINT('',(10.0000003278258,1.65,18.0474125202911));
#2199=CARTESIAN_POINT('',(11.0000003278258,1.65,19.9474125202911));
#2200=CARTESIAN_POINT('Origin',(11.0000003278258,1.65,18.9474125202911));
#2201=CARTESIAN_POINT('',(13.4000003278258,1.65,19.9474125202911));
#2202=CARTESIAN_POINT('',(12.3000003278258,1.65,19.9474125202911));
#2203=CARTESIAN_POINT('',(14.4000003278258,1.65,18.9474125202911));
#2204=CARTESIAN_POINT('Origin',(13.4000003278258,1.65,18.9474125202911));
#2205=CARTESIAN_POINT('',(14.4000003278258,1.65,15.3474125202911));
#2206=CARTESIAN_POINT('',(14.4000003278258,1.65,16.2474125202911));
#2207=CARTESIAN_POINT('',(13.4000003278258,1.65,14.3474125202911));
#2208=CARTESIAN_POINT('Origin',(13.4000003278258,1.65,15.3474125202911));
#2209=CARTESIAN_POINT('',(11.0000003278259,1.65,14.3474125202911));
#2210=CARTESIAN_POINT('',(11.1000003278259,1.65,14.3474125202911));
#2211=CARTESIAN_POINT('',(10.0000003278259,1.65,15.3474125202911));
#2212=CARTESIAN_POINT('Origin',(11.0000003278259,1.65,15.3474125202911));
#2213=CARTESIAN_POINT('',(10.0000003278259,1.65,15.5974125202911));
#2214=CARTESIAN_POINT('',(10.0000003278259,1.65,16.372412520291));
#2215=CARTESIAN_POINT('',(9.60000032782587,1.65,15.5974125202911));
#2216=CARTESIAN_POINT('Origin',(8.00000032782591,0.,15.5974125202911));
#2217=CARTESIAN_POINT('',(10.0000003278259,8.,15.5974125202911));
#2218=CARTESIAN_POINT('',(10.0000003278259,0.,15.5974125202911));
#2219=CARTESIAN_POINT('',(8.00000032782591,8.,15.5974125202911));
#2220=CARTESIAN_POINT('',(10.0000003278259,8.,15.5974125202911));
#2221=CARTESIAN_POINT('',(8.00000032782591,0.,15.5974125202911));
#2222=CARTESIAN_POINT('Origin',(10.0000003278259,0.,15.5974125202911));
#2223=CARTESIAN_POINT('',(10.0000003278259,8.,15.3474125202911));
#2224=CARTESIAN_POINT('',(10.0000003278259,0.,15.3474125202911));
#2225=CARTESIAN_POINT('',(10.0000003278259,8.,15.5974125202911));
#2226=CARTESIAN_POINT('Origin',(11.0000003278259,0.,15.3474125202911));
#2227=CARTESIAN_POINT('',(11.0000003278259,8.,14.3474125202911));
#2228=CARTESIAN_POINT('',(11.0000003278259,0.,14.3474125202911));
#2229=CARTESIAN_POINT('Origin',(11.0000003278259,8.,15.3474125202911));
#2230=CARTESIAN_POINT('Origin',(11.0000003278259,0.,14.3474125202911));
#2231=CARTESIAN_POINT('',(13.4000003278258,8.,14.3474125202911));
#2232=CARTESIAN_POINT('',(13.4000003278258,0.,14.3474125202911));
#2233=CARTESIAN_POINT('',(11.0000003278259,8.,14.3474125202911));
#2234=CARTESIAN_POINT('Origin',(13.4000003278258,0.,15.3474125202911));
#2235=CARTESIAN_POINT('',(14.4000003278258,8.,15.3474125202911));
#2236=CARTESIAN_POINT('',(14.4000003278258,0.,15.3474125202911));
#2237=CARTESIAN_POINT('Origin',(13.4000003278258,8.,15.3474125202911));
#2238=CARTESIAN_POINT('Origin',(14.4000003278258,0.,15.3474125202911));
#2239=CARTESIAN_POINT('',(14.4000003278258,8.,18.9474125202911));
#2240=CARTESIAN_POINT('',(14.4000003278258,0.,18.9474125202911));
#2241=CARTESIAN_POINT('',(14.4000003278258,8.,15.3474125202911));
#2242=CARTESIAN_POINT('Origin',(13.4000003278258,0.,18.9474125202911));
#2243=CARTESIAN_POINT('',(13.4000003278258,8.,19.9474125202911));
#2244=CARTESIAN_POINT('',(13.4000003278258,0.,19.9474125202911));
#2245=CARTESIAN_POINT('Origin',(13.4000003278258,8.,18.9474125202911));
#2246=CARTESIAN_POINT('Origin',(13.4000003278258,0.,19.9474125202911));
#2247=CARTESIAN_POINT('',(11.0000003278258,8.,19.9474125202911));
#2248=CARTESIAN_POINT('',(11.0000003278258,0.,19.9474125202911));
#2249=CARTESIAN_POINT('',(13.4000003278258,8.,19.9474125202911));
#2250=CARTESIAN_POINT('Origin',(11.0000003278258,0.,18.9474125202911));
#2251=CARTESIAN_POINT('',(10.0000003278258,8.,18.9474125202911));
#2252=CARTESIAN_POINT('',(10.0000003278258,0.,18.9474125202911));
#2253=CARTESIAN_POINT('Origin',(11.0000003278258,8.,18.9474125202911));
#2254=CARTESIAN_POINT('Origin',(10.0000003278258,0.,18.9474125202911));
#2255=CARTESIAN_POINT('',(10.0000003278258,8.,18.6974125202911));
#2256=CARTESIAN_POINT('',(10.0000003278258,0.,18.6974125202911));
#2257=CARTESIAN_POINT('',(10.0000003278258,8.,18.9474125202911));
#2258=CARTESIAN_POINT('Origin',(10.0000003278258,0.,18.6974125202911));
#2259=CARTESIAN_POINT('',(8.00000032782589,8.,18.6974125202911));
#2260=CARTESIAN_POINT('',(8.00000032782589,0.,18.6974125202911));
#2261=CARTESIAN_POINT('',(6.81339664312538,8.,18.6974125202911));
#2262=CARTESIAN_POINT('Origin',(53.0000003278259,0.,30.1474125202911));
#2263=CARTESIAN_POINT('',(52.0000003278259,8.,30.1474125202911));
#2264=CARTESIAN_POINT('Origin',(53.0000003278259,8.,30.1474125202911));
#2265=CARTESIAN_POINT('',(52.0000003278259,0.,30.1474125202911));
#2266=CARTESIAN_POINT('Origin',(17.0000003278259,0.,24.1474125202911));
#2267=CARTESIAN_POINT('',(16.2000003278259,8.,24.1474125202911));
#2268=CARTESIAN_POINT('Origin',(17.0000003278259,8.,24.1474125202911));
#2269=CARTESIAN_POINT('',(16.2000003278259,0.,24.1474125202911));
#2270=CARTESIAN_POINT('Origin',(22.0000003278254,0.,47.6474125202911));
#2271=CARTESIAN_POINT('',(21.0000003278254,8.,47.6474125202911));
#2272=CARTESIAN_POINT('Origin',(22.0000003278254,8.,47.6474125202911));
#2273=CARTESIAN_POINT('',(21.0000003278254,0.,47.6474125202911));
#2274=CARTESIAN_POINT('Origin',(29.0000003278259,0.,36.1474125202911));
#2275=CARTESIAN_POINT('',(28.2000003278259,8.,36.1474125202911));
#2276=CARTESIAN_POINT('Origin',(29.0000003278259,8.,36.1474125202911));
#2277=CARTESIAN_POINT('',(28.2000003278259,0.,36.1474125202911));
#2278=CARTESIAN_POINT('Origin',(22.0000003278254,0.,12.6474125202911));
#2279=CARTESIAN_POINT('',(21.0000003278254,8.,12.6474125202911));
#2280=CARTESIAN_POINT('Origin',(22.0000003278254,8.,12.6474125202911));
#2281=CARTESIAN_POINT('',(21.0000003278254,0.,12.6474125202911));
#2282=CARTESIAN_POINT('Origin',(61.0000003278259,0.,15.3474125202911));
#2283=CARTESIAN_POINT('',(61.0000003278259,8.,15.5974125202911));
#2284=CARTESIAN_POINT('',(61.0000003278259,0.,15.5974125202911));
#2285=CARTESIAN_POINT('',(61.0000003278259,8.,15.5974125202911));
#2286=CARTESIAN_POINT('Origin',(61.000000327826,0.,41.5974125202911));
#2287=CARTESIAN_POINT('',(63.0000003278259,8.,41.5974125202911));
#2288=CARTESIAN_POINT('',(63.0000003278259,0.,41.5974125202911));
#2289=CARTESIAN_POINT('',(61.000000327826,8.,41.5974125202911));
#2290=CARTESIAN_POINT('',(64.1866040125264,8.,41.5974125202911));
#2291=CARTESIAN_POINT('',(61.000000327826,0.,41.5974125202911));
#2292=CARTESIAN_POINT('Origin',(61.000000327826,0.,41.3474125202911));
#2293=CARTESIAN_POINT('',(61.000000327826,8.,41.3474125202911));
#2294=CARTESIAN_POINT('',(61.000000327826,8.,41.3474125202911));
#2295=CARTESIAN_POINT('',(61.000000327826,0.,41.3474125202911));
#2296=CARTESIAN_POINT('Origin',(60.000000327826,0.,41.3474125202911));
#2297=CARTESIAN_POINT('',(60.000000327826,8.,40.3474125202911));
#2298=CARTESIAN_POINT('Origin',(60.000000327826,8.,41.3474125202911));
#2299=CARTESIAN_POINT('',(60.000000327826,0.,40.3474125202911));
#2300=CARTESIAN_POINT('Origin',(57.600000327826,0.,40.3474125202911));
#2301=CARTESIAN_POINT('',(57.600000327826,8.,40.3474125202911));
#2302=CARTESIAN_POINT('',(57.600000327826,8.,40.3474125202911));
#2303=CARTESIAN_POINT('',(57.600000327826,0.,40.3474125202911));
#2304=CARTESIAN_POINT('Origin',(57.600000327826,0.,41.3474125202911));
#2305=CARTESIAN_POINT('Origin',(57.600000327826,8.,41.3474125202911));
#2306=CARTESIAN_POINT('Origin',(63.0000003278259,0.,52.6474125202911));
#2307=CARTESIAN_POINT('',(63.0000003278259,0.,52.6474125202911));
#2308=CARTESIAN_POINT('',(63.0000003278259,0.,7.64741252029106));
#2309=CARTESIAN_POINT('',(63.0000003278259,0.,52.6474125202911));
#2310=CARTESIAN_POINT('',(63.0000003278259,8.,7.64741252029106));
#2311=CARTESIAN_POINT('',(63.0000003278259,0.,7.64741252029106));
#2312=CARTESIAN_POINT('',(63.0000003278259,8.,15.5974125202911));
#2313=CARTESIAN_POINT('',(63.0000003278259,8.,52.6474125202911));
#2314=CARTESIAN_POINT('',(63.0000003278259,0.,15.5974125202911));
#2315=CARTESIAN_POINT('',(63.0000003278259,8.,52.6474125202911));
#2316=CARTESIAN_POINT('',(63.0000003278259,8.,52.6474125202911));
#2317=CARTESIAN_POINT('',(63.0000003278259,8.,52.6474125202911));
#2318=CARTESIAN_POINT('',(63.0000003278259,0.,52.6474125202911));
#2319=CARTESIAN_POINT('Origin',(8.00000032782589,0.,52.6474125202911));
#2320=CARTESIAN_POINT('',(8.00000032782589,0.,52.6474125202911));
#2321=CARTESIAN_POINT('',(8.00000032782589,0.,52.6474125202911));
#2322=CARTESIAN_POINT('',(8.00000032782589,8.,52.6474125202911));
#2323=CARTESIAN_POINT('',(8.00000032782589,8.,52.6474125202911));
#2324=CARTESIAN_POINT('',(8.00000032782589,0.,52.6474125202911));
#2325=CARTESIAN_POINT('Origin',(10.0000003278259,0.,44.697412520291));
#2326=CARTESIAN_POINT('',(8.00000032782589,8.,44.697412520291));
#2327=CARTESIAN_POINT('',(8.00000032782589,0.,44.697412520291));
#2328=CARTESIAN_POINT('',(10.0000003278259,8.,44.697412520291));
#2329=CARTESIAN_POINT('',(10.0000003278259,8.,44.697412520291));
#2330=CARTESIAN_POINT('',(10.0000003278259,0.,44.697412520291));
#2331=CARTESIAN_POINT('Origin',(10.0000003278259,0.,44.947412520291));
#2332=CARTESIAN_POINT('',(10.0000003278259,8.,44.697412520291));
#2333=CARTESIAN_POINT('Origin',(8.00000032782589,0.,7.64741252029106));
#2334=CARTESIAN_POINT('',(8.00000032782589,0.,7.64741252029106));
#2335=CARTESIAN_POINT('',(8.00000032782589,0.,7.64741252029106));
#2336=CARTESIAN_POINT('',(8.00000032782589,8.,7.64741252029106));
#2337=CARTESIAN_POINT('',(8.00000032782589,8.,7.64741252029106));
#2338=CARTESIAN_POINT('',(8.00000032782589,8.,7.64741252029106));
#2339=CARTESIAN_POINT('',(8.00000032782589,8.,7.64741252029106));
#2340=CARTESIAN_POINT('',(8.00000032782589,0.,7.64741252029106));
#2341=CARTESIAN_POINT('Origin',(63.0000003278259,0.,7.64741252029106));
#2342=CARTESIAN_POINT('',(63.0000003278259,0.,7.64741252029106));
#2343=CARTESIAN_POINT('',(63.0000003278259,8.,7.64741252029106));
#2344=CARTESIAN_POINT('Origin',(61.0000003278259,0.,15.5974125202911));
#2345=CARTESIAN_POINT('',(61.0000003278259,8.,15.5974125202911));
#2346=CARTESIAN_POINT('Origin',(35.5000003278259,8.,30.1474125202911));
#2347=CARTESIAN_POINT('Origin',(35.5000003278259,0.,30.1474125202911));
#2348=UNCERTAINTY_MEASURE_WITH_UNIT(LENGTH_MEASURE(0.01),#2352,
'DISTANCE_ACCURACY_VALUE',
'Maximum model space distance between geometric entities at asserted c
onnectivities');
#2349=UNCERTAINTY_MEASURE_WITH_UNIT(LENGTH_MEASURE(0.01),#2352,
'DISTANCE_ACCURACY_VALUE',
'Maximum model space distance between geometric entities at asserted c
onnectivities');
#2350=(
GEOMETRIC_REPRESENTATION_CONTEXT(3)
GLOBAL_UNCERTAINTY_ASSIGNED_CONTEXT((#2348))
GLOBAL_UNIT_ASSIGNED_CONTEXT((#2352,#2354,#2355))
REPRESENTATION_CONTEXT('','3D')
);
#2351=(
GEOMETRIC_REPRESENTATION_CONTEXT(3)
GLOBAL_UNCERTAINTY_ASSIGNED_CONTEXT((#2349))
GLOBAL_UNIT_ASSIGNED_CONTEXT((#2352,#2354,#2355))
REPRESENTATION_CONTEXT('','3D')
);
#2352=(
LENGTH_UNIT()
NAMED_UNIT(*)
SI_UNIT(.MILLI.,.METRE.)
);
#2353=(
LENGTH_UNIT()
NAMED_UNIT(*)
SI_UNIT($,.METRE.)
);
#2354=(
NAMED_UNIT(*)
PLANE_ANGLE_UNIT()
SI_UNIT($,.RADIAN.)
);
#2355=(
NAMED_UNIT(*)
SI_UNIT($,.STERADIAN.)
SOLID_ANGLE_UNIT()
);
#2356=SHAPE_DEFINITION_REPRESENTATION(#2357,#2358);
#2357=PRODUCT_DEFINITION_SHAPE('',$,#2360);
#2358=SHAPE_REPRESENTATION('',(#1419),#2350);
#2359=PRODUCT_DEFINITION_CONTEXT('part definition',#2364,'design');
#2360=PRODUCT_DEFINITION('\X2\683754C15E7353F0\X0\','\X2\683754C15E7353F0\X0\ 
v1',#2361,#2359);
#2361=PRODUCT_DEFINITION_FORMATION('',$,#2366);
#2362=PRODUCT_RELATED_PRODUCT_CATEGORY('\X2\683754C15E7353F0\X0\ v1',
'\X2\683754C15E7353F0\X0\ v1',(#2366));
#2363=APPLICATION_PROTOCOL_DEFINITION('international standard',
'automotive_design',2009,#2364);
#2364=APPLICATION_CONTEXT(
'Core Data for Automotive Mechanical Design Process');
#2365=PRODUCT_CONTEXT('part definition',#2364,'mechanical');
#2366=PRODUCT('\X2\683754C15E7353F0\X0\','\X2\683754C15E7353F0\X0\ v1',
$,(#2365));
#2367=PRESENTATION_STYLE_ASSIGNMENT((#2368));
#2368=SURFACE_STYLE_USAGE(.BOTH.,#2369);
#2369=SURFACE_SIDE_STYLE('',(#2370));
#2370=SURFACE_STYLE_FILL_AREA(#2371);
#2371=FILL_AREA_STYLE('\X2\94A2\X0\ - \X2\7F0E5149\X0\',(#2372));
#2372=FILL_AREA_STYLE_COLOUR('\X2\94A2\X0\ - \X2\7F0E5149\X0\',#2373);
#2373=COLOUR_RGB('\X2\94A2\X0\ - \X2\7F0E5149\X0\',0.627450980392157,0.627450980392157,
0.627450980392157);
ENDSEC;
END-ISO-10303-21;
