ISO-10303-21;
HEADER;
/* Generated by software containing ST-Developer
 * from STEP Tools, Inc. (www.steptools.com) 
 */

FILE_DESCRIPTION(
/* description */ (''),
/* implementation_level */ '2;1');

FILE_NAME(
/* name */ '',
/* time_stamp */ '2026-05-10T13:57:23+08:00',
/* author */ (''),
/* organization */ (''),
/* preprocessor_version */ 'ST-DEVELOPER v20.1',
/* originating_system */ 'Autodesk Translation Framework v15.8.0.0',
/* authorisation */ '');

FILE_SCHEMA (('AUTOMOTIVE_DESIGN { 1 0 10303 214 3 1 1 }'));
ENDSEC;

DATA;
#10=MECHANICAL_DESIGN_GEOMETRIC_PRESENTATION_REPRESENTATION('',(#13),#2436);
#11=SHAPE_REPRESENTATION_RELATIONSHIP('SRR','None',#2442,#12);
#12=ADVANCED_BREP_SHAPE_REPRESENTATION('',(#14),#2435);
#13=STYLED_ITEM('',(#2451),#14);
#14=MANIFOLD_SOLID_BREP('\X2\5B9E4F53\X0\1',#1463);
#15=CONICAL_SURFACE('',#1498,2.,0.785398163397448);
#16=CONICAL_SURFACE('',#1500,2.,0.785398163397448);
#17=CONICAL_SURFACE('',#1502,2.,0.785398163397448);
#18=FACE_BOUND('',#151,.T.);
#19=FACE_BOUND('',#152,.T.);
#20=FACE_BOUND('',#153,.T.);
#21=FACE_BOUND('',#154,.T.);
#22=FACE_BOUND('',#155,.T.);
#23=FACE_BOUND('',#156,.T.);
#24=FACE_BOUND('',#225,.T.);
#25=FACE_BOUND('',#226,.T.);
#26=FACE_BOUND('',#227,.T.);
#27=FACE_BOUND('',#228,.T.);
#28=FACE_BOUND('',#229,.T.);
#29=FACE_BOUND('',#230,.T.);
#30=PLANE('',#1474);
#31=PLANE('',#1475);
#32=PLANE('',#1484);
#33=PLANE('',#1489);
#34=PLANE('',#1492);
#35=PLANE('',#1495);
#36=PLANE('',#1504);
#37=PLANE('',#1509);
#38=PLANE('',#1510);
#39=PLANE('',#1513);
#40=PLANE('',#1516);
#41=PLANE('',#1519);
#42=PLANE('',#1522);
#43=PLANE('',#1527);
#44=PLANE('',#1528);
#45=PLANE('',#1531);
#46=PLANE('',#1534);
#47=PLANE('',#1537);
#48=PLANE('',#1540);
#49=PLANE('',#1545);
#50=PLANE('',#1546);
#51=PLANE('',#1549);
#52=PLANE('',#1552);
#53=PLANE('',#1553);
#54=PLANE('',#1558);
#55=PLANE('',#1559);
#56=PLANE('',#1562);
#57=PLANE('',#1565);
#58=PLANE('',#1568);
#59=PLANE('',#1571);
#60=PLANE('',#1572);
#61=PLANE('',#1579);
#62=PLANE('',#1580);
#63=PLANE('',#1581);
#64=PLANE('',#1584);
#65=PLANE('',#1587);
#66=PLANE('',#1588);
#67=PLANE('',#1589);
#68=PLANE('',#1590);
#69=PLANE('',#1591);
#70=PLANE('',#1592);
#71=PLANE('',#1593);
#72=PLANE('',#1594);
#73=FACE_OUTER_BOUND('',#146,.T.);
#74=FACE_OUTER_BOUND('',#147,.T.);
#75=FACE_OUTER_BOUND('',#148,.T.);
#76=FACE_OUTER_BOUND('',#149,.T.);
#77=FACE_OUTER_BOUND('',#150,.T.);
#78=FACE_OUTER_BOUND('',#157,.T.);
#79=FACE_OUTER_BOUND('',#158,.T.);
#80=FACE_OUTER_BOUND('',#159,.T.);
#81=FACE_OUTER_BOUND('',#160,.T.);
#82=FACE_OUTER_BOUND('',#161,.T.);
#83=FACE_OUTER_BOUND('',#162,.T.);
#84=FACE_OUTER_BOUND('',#163,.T.);
#85=FACE_OUTER_BOUND('',#164,.T.);
#86=FACE_OUTER_BOUND('',#165,.T.);
#87=FACE_OUTER_BOUND('',#166,.T.);
#88=FACE_OUTER_BOUND('',#167,.T.);
#89=FACE_OUTER_BOUND('',#168,.T.);
#90=FACE_OUTER_BOUND('',#169,.T.);
#91=FACE_OUTER_BOUND('',#170,.T.);
#92=FACE_OUTER_BOUND('',#171,.T.);
#93=FACE_OUTER_BOUND('',#172,.T.);
#94=FACE_OUTER_BOUND('',#173,.T.);
#95=FACE_OUTER_BOUND('',#174,.T.);
#96=FACE_OUTER_BOUND('',#175,.T.);
#97=FACE_OUTER_BOUND('',#176,.T.);
#98=FACE_OUTER_BOUND('',#177,.T.);
#99=FACE_OUTER_BOUND('',#178,.T.);
#100=FACE_OUTER_BOUND('',#179,.T.);
#101=FACE_OUTER_BOUND('',#180,.T.);
#102=FACE_OUTER_BOUND('',#181,.T.);
#103=FACE_OUTER_BOUND('',#182,.T.);
#104=FACE_OUTER_BOUND('',#183,.T.);
#105=FACE_OUTER_BOUND('',#184,.T.);
#106=FACE_OUTER_BOUND('',#185,.T.);
#107=FACE_OUTER_BOUND('',#186,.T.);
#108=FACE_OUTER_BOUND('',#187,.T.);
#109=FACE_OUTER_BOUND('',#188,.T.);
#110=FACE_OUTER_BOUND('',#189,.T.);
#111=FACE_OUTER_BOUND('',#190,.T.);
#112=FACE_OUTER_BOUND('',#191,.T.);
#113=FACE_OUTER_BOUND('',#192,.T.);
#114=FACE_OUTER_BOUND('',#193,.T.);
#115=FACE_OUTER_BOUND('',#194,.T.);
#116=FACE_OUTER_BOUND('',#195,.T.);
#117=FACE_OUTER_BOUND('',#196,.T.);
#118=FACE_OUTER_BOUND('',#197,.T.);
#119=FACE_OUTER_BOUND('',#198,.T.);
#120=FACE_OUTER_BOUND('',#199,.T.);
#121=FACE_OUTER_BOUND('',#200,.T.);
#122=FACE_OUTER_BOUND('',#201,.T.);
#123=FACE_OUTER_BOUND('',#202,.T.);
#124=FACE_OUTER_BOUND('',#203,.T.);
#125=FACE_OUTER_BOUND('',#204,.T.);
#126=FACE_OUTER_BOUND('',#205,.T.);
#127=FACE_OUTER_BOUND('',#206,.T.);
#128=FACE_OUTER_BOUND('',#207,.T.);
#129=FACE_OUTER_BOUND('',#208,.T.);
#130=FACE_OUTER_BOUND('',#209,.T.);
#131=FACE_OUTER_BOUND('',#210,.T.);
#132=FACE_OUTER_BOUND('',#211,.T.);
#133=FACE_OUTER_BOUND('',#212,.T.);
#134=FACE_OUTER_BOUND('',#213,.T.);
#135=FACE_OUTER_BOUND('',#214,.T.);
#136=FACE_OUTER_BOUND('',#215,.T.);
#137=FACE_OUTER_BOUND('',#216,.T.);
#138=FACE_OUTER_BOUND('',#217,.T.);
#139=FACE_OUTER_BOUND('',#218,.T.);
#140=FACE_OUTER_BOUND('',#219,.T.);
#141=FACE_OUTER_BOUND('',#220,.T.);
#142=FACE_OUTER_BOUND('',#221,.T.);
#143=FACE_OUTER_BOUND('',#222,.T.);
#144=FACE_OUTER_BOUND('',#223,.T.);
#145=FACE_OUTER_BOUND('',#224,.T.);
#146=EDGE_LOOP('',(#943,#944,#945,#946));
#147=EDGE_LOOP('',(#947,#948,#949,#950));
#148=EDGE_LOOP('',(#951,#952,#953,#954));
#149=EDGE_LOOP('',(#955,#956,#957,#958));
#150=EDGE_LOOP('',(#959,#960,#961,#962));
#151=EDGE_LOOP('',(#963));
#152=EDGE_LOOP('',(#964));
#153=EDGE_LOOP('',(#965));
#154=EDGE_LOOP('',(#966,#967,#968,#969,#970,#971,#972,#973,#974,#975,#976));
#155=EDGE_LOOP('',(#977));
#156=EDGE_LOOP('',(#978));
#157=EDGE_LOOP('',(#979,#980,#981,#982));
#158=EDGE_LOOP('',(#983,#984,#985,#986));
#159=EDGE_LOOP('',(#987,#988,#989,#990));
#160=EDGE_LOOP('',(#991,#992,#993,#994));
#161=EDGE_LOOP('',(#995,#996,#997,#998));
#162=EDGE_LOOP('',(#999,#1000,#1001,#1002));
#163=EDGE_LOOP('',(#1003,#1004,#1005,#1006));
#164=EDGE_LOOP('',(#1007,#1008,#1009,#1010));
#165=EDGE_LOOP('',(#1011,#1012,#1013,#1014));
#166=EDGE_LOOP('',(#1015,#1016,#1017,#1018));
#167=EDGE_LOOP('',(#1019,#1020,#1021,#1022));
#168=EDGE_LOOP('',(#1023,#1024,#1025,#1026));
#169=EDGE_LOOP('',(#1027,#1028,#1029,#1030,#1031,#1032,#1033,#1034,#1035,
#1036,#1037,#1038));
#170=EDGE_LOOP('',(#1039,#1040,#1041,#1042));
#171=EDGE_LOOP('',(#1043,#1044,#1045,#1046));
#172=EDGE_LOOP('',(#1047,#1048,#1049,#1050));
#173=EDGE_LOOP('',(#1051,#1052,#1053,#1054));
#174=EDGE_LOOP('',(#1055,#1056,#1057,#1058));
#175=EDGE_LOOP('',(#1059,#1060,#1061,#1062));
#176=EDGE_LOOP('',(#1063,#1064,#1065,#1066));
#177=EDGE_LOOP('',(#1067,#1068,#1069,#1070));
#178=EDGE_LOOP('',(#1071,#1072,#1073,#1074));
#179=EDGE_LOOP('',(#1075,#1076,#1077,#1078,#1079,#1080,#1081,#1082,#1083,
#1084,#1085,#1086));
#180=EDGE_LOOP('',(#1087,#1088,#1089,#1090));
#181=EDGE_LOOP('',(#1091,#1092,#1093,#1094));
#182=EDGE_LOOP('',(#1095,#1096,#1097,#1098));
#183=EDGE_LOOP('',(#1099,#1100,#1101,#1102));
#184=EDGE_LOOP('',(#1103,#1104,#1105,#1106));
#185=EDGE_LOOP('',(#1107,#1108,#1109,#1110));
#186=EDGE_LOOP('',(#1111,#1112,#1113,#1114));
#187=EDGE_LOOP('',(#1115,#1116,#1117,#1118));
#188=EDGE_LOOP('',(#1119,#1120,#1121,#1122));
#189=EDGE_LOOP('',(#1123,#1124,#1125,#1126,#1127,#1128,#1129,#1130,#1131,
#1132,#1133,#1134));
#190=EDGE_LOOP('',(#1135,#1136,#1137,#1138));
#191=EDGE_LOOP('',(#1139,#1140,#1141,#1142));
#192=EDGE_LOOP('',(#1143,#1144,#1145,#1146));
#193=EDGE_LOOP('',(#1147,#1148,#1149,#1150));
#194=EDGE_LOOP('',(#1151,#1152,#1153,#1154));
#195=EDGE_LOOP('',(#1155,#1156,#1157,#1158));
#196=EDGE_LOOP('',(#1159,#1160,#1161,#1162,#1163,#1164,#1165,#1166,#1167,
#1168,#1169,#1170));
#197=EDGE_LOOP('',(#1171,#1172,#1173,#1174));
#198=EDGE_LOOP('',(#1175,#1176,#1177,#1178));
#199=EDGE_LOOP('',(#1179,#1180,#1181,#1182));
#200=EDGE_LOOP('',(#1183,#1184,#1185,#1186));
#201=EDGE_LOOP('',(#1187,#1188,#1189,#1190));
#202=EDGE_LOOP('',(#1191,#1192,#1193,#1194));
#203=EDGE_LOOP('',(#1195,#1196,#1197,#1198));
#204=EDGE_LOOP('',(#1199,#1200,#1201,#1202));
#205=EDGE_LOOP('',(#1203,#1204,#1205,#1206));
#206=EDGE_LOOP('',(#1207,#1208,#1209,#1210));
#207=EDGE_LOOP('',(#1211,#1212,#1213,#1214));
#208=EDGE_LOOP('',(#1215,#1216,#1217,#1218));
#209=EDGE_LOOP('',(#1219,#1220,#1221,#1222));
#210=EDGE_LOOP('',(#1223,#1224,#1225,#1226));
#211=EDGE_LOOP('',(#1227,#1228,#1229,#1230));
#212=EDGE_LOOP('',(#1231,#1232,#1233,#1234));
#213=EDGE_LOOP('',(#1235,#1236,#1237,#1238));
#214=EDGE_LOOP('',(#1239,#1240,#1241,#1242));
#215=EDGE_LOOP('',(#1243,#1244,#1245,#1246));
#216=EDGE_LOOP('',(#1247,#1248,#1249,#1250));
#217=EDGE_LOOP('',(#1251,#1252,#1253,#1254,#1255,#1256,#1257,#1258,#1259,
#1260,#1261,#1262));
#218=EDGE_LOOP('',(#1263,#1264,#1265,#1266));
#219=EDGE_LOOP('',(#1267,#1268,#1269,#1270));
#220=EDGE_LOOP('',(#1271,#1272,#1273,#1274));
#221=EDGE_LOOP('',(#1275,#1276,#1277,#1278,#1279,#1280,#1281,#1282,#1283,
#1284,#1285,#1286));
#222=EDGE_LOOP('',(#1287,#1288,#1289,#1290));
#223=EDGE_LOOP('',(#1291,#1292,#1293,#1294));
#224=EDGE_LOOP('',(#1295,#1296,#1297,#1298,#1299,#1300,#1301,#1302,#1303,
#1304,#1305,#1306,#1307,#1308,#1309,#1310,#1311,#1312,#1313,#1314,#1315,
#1316,#1317,#1318,#1319,#1320,#1321,#1322,#1323,#1324,#1325,#1326,#1327,
#1328,#1329,#1330,#1331,#1332,#1333,#1334,#1335,#1336,#1337,#1338,#1339,
#1340,#1341,#1342,#1343,#1344,#1345,#1346));
#225=EDGE_LOOP('',(#1347,#1348,#1349,#1350,#1351,#1352,#1353,#1354,#1355,
#1356,#1357));
#226=EDGE_LOOP('',(#1358));
#227=EDGE_LOOP('',(#1359));
#228=EDGE_LOOP('',(#1360));
#229=EDGE_LOOP('',(#1361));
#230=EDGE_LOOP('',(#1362));
#231=LINE('',#2016,#384);
#232=LINE('',#2019,#385);
#233=LINE('',#2025,#386);
#234=LINE('',#2028,#387);
#235=LINE('',#2034,#388);
#236=LINE('',#2036,#389);
#237=LINE('',#2037,#390);
#238=LINE('',#2041,#391);
#239=LINE('',#2043,#392);
#240=LINE('',#2045,#393);
#241=LINE('',#2046,#394);
#242=LINE('',#2054,#395);
#243=LINE('',#2056,#396);
#244=LINE('',#2060,#397);
#245=LINE('',#2064,#398);
#246=LINE('',#2072,#399);
#247=LINE('',#2073,#400);
#248=LINE('',#2077,#401);
#249=LINE('',#2081,#402);
#250=LINE('',#2084,#403);
#251=LINE('',#2085,#404);
#252=LINE('',#2088,#405);
#253=LINE('',#2092,#406);
#254=LINE('',#2093,#407);
#255=LINE('',#2096,#408);
#256=LINE('',#2100,#409);
#257=LINE('',#2101,#410);
#258=LINE('',#2106,#411);
#259=LINE('',#2110,#412);
#260=LINE('',#2114,#413);
#261=LINE('',#2119,#414);
#262=LINE('',#2123,#415);
#263=LINE('',#2127,#416);
#264=LINE('',#2131,#417);
#265=LINE('',#2135,#418);
#266=LINE('',#2137,#419);
#267=LINE('',#2139,#420);
#268=LINE('',#2140,#421);
#269=LINE('',#2143,#422);
#270=LINE('',#2145,#423);
#271=LINE('',#2146,#424);
#272=LINE('',#2149,#425);
#273=LINE('',#2150,#426);
#274=LINE('',#2153,#427);
#275=LINE('',#2157,#428);
#276=LINE('',#2158,#429);
#277=LINE('',#2161,#430);
#278=LINE('',#2165,#431);
#279=LINE('',#2166,#432);
#280=LINE('',#2169,#433);
#281=LINE('',#2173,#434);
#282=LINE('',#2174,#435);
#283=LINE('',#2177,#436);
#284=LINE('',#2182,#437);
#285=LINE('',#2186,#438);
#286=LINE('',#2190,#439);
#287=LINE('',#2194,#440);
#288=LINE('',#2198,#441);
#289=LINE('',#2200,#442);
#290=LINE('',#2202,#443);
#291=LINE('',#2203,#444);
#292=LINE('',#2206,#445);
#293=LINE('',#2208,#446);
#294=LINE('',#2209,#447);
#295=LINE('',#2212,#448);
#296=LINE('',#2213,#449);
#297=LINE('',#2216,#450);
#298=LINE('',#2220,#451);
#299=LINE('',#2221,#452);
#300=LINE('',#2224,#453);
#301=LINE('',#2228,#454);
#302=LINE('',#2229,#455);
#303=LINE('',#2232,#456);
#304=LINE('',#2236,#457);
#305=LINE('',#2237,#458);
#306=LINE('',#2240,#459);
#307=LINE('',#2247,#460);
#308=LINE('',#2251,#461);
#309=LINE('',#2255,#462);
#310=LINE('',#2257,#463);
#311=LINE('',#2259,#464);
#312=LINE('',#2261,#465);
#313=LINE('',#2263,#466);
#314=LINE('',#2266,#467);
#315=LINE('',#2269,#468);
#316=LINE('',#2271,#469);
#317=LINE('',#2272,#470);
#318=LINE('',#2275,#471);
#319=LINE('',#2276,#472);
#320=LINE('',#2279,#473);
#321=LINE('',#2283,#474);
#322=LINE('',#2284,#475);
#323=LINE('',#2287,#476);
#324=LINE('',#2291,#477);
#325=LINE('',#2292,#478);
#326=LINE('',#2296,#479);
#327=LINE('',#2298,#480);
#328=LINE('',#2300,#481);
#329=LINE('',#2304,#482);
#330=LINE('',#2308,#483);
#331=LINE('',#2312,#484);
#332=LINE('',#2316,#485);
#333=LINE('',#2317,#486);
#334=LINE('',#2320,#487);
#335=LINE('',#2322,#488);
#336=LINE('',#2323,#489);
#337=LINE('',#2326,#490);
#338=LINE('',#2327,#491);
#339=LINE('',#2330,#492);
#340=LINE('',#2334,#493);
#341=LINE('',#2335,#494);
#342=LINE('',#2338,#495);
#343=LINE('',#2342,#496);
#344=LINE('',#2343,#497);
#345=LINE('',#2346,#498);
#346=LINE('',#2350,#499);
#347=LINE('',#2351,#500);
#348=LINE('',#2354,#501);
#349=LINE('',#2358,#502);
#350=LINE('',#2359,#503);
#351=LINE('',#2362,#504);
#352=LINE('',#2363,#505);
#353=LINE('',#2367,#506);
#354=LINE('',#2371,#507);
#355=LINE('',#2375,#508);
#356=LINE('',#2378,#509);
#357=LINE('',#2379,#510);
#358=LINE('',#2382,#511);
#359=LINE('',#2384,#512);
#360=LINE('',#2385,#513);
#361=LINE('',#2388,#514);
#362=LINE('',#2389,#515);
#363=LINE('',#2393,#516);
#364=LINE('',#2396,#517);
#365=LINE('',#2397,#518);
#366=LINE('',#2402,#519);
#367=LINE('',#2404,#520);
#368=LINE('',#2405,#521);
#369=LINE('',#2406,#522);
#370=LINE('',#2408,#523);
#371=LINE('',#2409,#524);
#372=LINE('',#2412,#525);
#373=LINE('',#2413,#526);
#374=LINE('',#2416,#527);
#375=LINE('',#2418,#528);
#376=LINE('',#2419,#529);
#377=LINE('',#2421,#530);
#378=LINE('',#2423,#531);
#379=LINE('',#2424,#532);
#380=LINE('',#2426,#533);
#381=LINE('',#2427,#534);
#382=LINE('',#2429,#535);
#383=LINE('',#2431,#536);
#384=VECTOR('',#1601,10.);
#385=VECTOR('',#1604,10.);
#386=VECTOR('',#1609,10.);
#387=VECTOR('',#1612,10.);
#388=VECTOR('',#1619,10.);
#389=VECTOR('',#1622,10.);
#390=VECTOR('',#1623,10.);
#391=VECTOR('',#1626,10.);
#392=VECTOR('',#1627,10.);
#393=VECTOR('',#1628,10.);
#394=VECTOR('',#1629,10.);
#395=VECTOR('',#1636,10.);
#396=VECTOR('',#1637,10.);
#397=VECTOR('',#1640,10.);
#398=VECTOR('',#1643,10.);
#399=VECTOR('',#1652,10.);
#400=VECTOR('',#1653,10.);
#401=VECTOR('',#1658,1.25);
#402=VECTOR('',#1663,1.25);
#403=VECTOR('',#1666,10.);
#404=VECTOR('',#1667,10.);
#405=VECTOR('',#1670,10.);
#406=VECTOR('',#1675,10.);
#407=VECTOR('',#1676,10.);
#408=VECTOR('',#1679,10.);
#409=VECTOR('',#1684,10.);
#410=VECTOR('',#1685,10.);
#411=VECTOR('',#1692,2.);
#412=VECTOR('',#1697,2.);
#413=VECTOR('',#1702,2.);
#414=VECTOR('',#1707,10.);
#415=VECTOR('',#1710,10.);
#416=VECTOR('',#1713,10.);
#417=VECTOR('',#1716,10.);
#418=VECTOR('',#1719,10.);
#419=VECTOR('',#1720,10.);
#420=VECTOR('',#1721,10.);
#421=VECTOR('',#1722,10.);
#422=VECTOR('',#1725,10.);
#423=VECTOR('',#1726,10.);
#424=VECTOR('',#1727,10.);
#425=VECTOR('',#1730,10.);
#426=VECTOR('',#1731,10.);
#427=VECTOR('',#1734,10.);
#428=VECTOR('',#1739,10.);
#429=VECTOR('',#1740,10.);
#430=VECTOR('',#1743,10.);
#431=VECTOR('',#1748,10.);
#432=VECTOR('',#1749,10.);
#433=VECTOR('',#1752,10.);
#434=VECTOR('',#1757,10.);
#435=VECTOR('',#1758,10.);
#436=VECTOR('',#1761,10.);
#437=VECTOR('',#1766,10.);
#438=VECTOR('',#1769,10.);
#439=VECTOR('',#1772,10.);
#440=VECTOR('',#1775,10.);
#441=VECTOR('',#1778,10.);
#442=VECTOR('',#1779,10.);
#443=VECTOR('',#1780,10.);
#444=VECTOR('',#1781,10.);
#445=VECTOR('',#1784,10.);
#446=VECTOR('',#1785,10.);
#447=VECTOR('',#1786,10.);
#448=VECTOR('',#1789,10.);
#449=VECTOR('',#1790,10.);
#450=VECTOR('',#1793,10.);
#451=VECTOR('',#1798,10.);
#452=VECTOR('',#1799,10.);
#453=VECTOR('',#1802,10.);
#454=VECTOR('',#1807,10.);
#455=VECTOR('',#1808,10.);
#456=VECTOR('',#1811,10.);
#457=VECTOR('',#1816,10.);
#458=VECTOR('',#1817,10.);
#459=VECTOR('',#1820,10.);
#460=VECTOR('',#1827,10.);
#461=VECTOR('',#1830,10.);
#462=VECTOR('',#1833,10.);
#463=VECTOR('',#1834,10.);
#464=VECTOR('',#1835,10.);
#465=VECTOR('',#1836,10.);
#466=VECTOR('',#1837,10.);
#467=VECTOR('',#1840,10.);
#468=VECTOR('',#1843,10.);
#469=VECTOR('',#1844,10.);
#470=VECTOR('',#1845,10.);
#471=VECTOR('',#1848,10.);
#472=VECTOR('',#1849,10.);
#473=VECTOR('',#1852,10.);
#474=VECTOR('',#1857,10.);
#475=VECTOR('',#1858,10.);
#476=VECTOR('',#1861,10.);
#477=VECTOR('',#1866,10.);
#478=VECTOR('',#1867,10.);
#479=VECTOR('',#1870,10.);
#480=VECTOR('',#1871,10.);
#481=VECTOR('',#1872,10.);
#482=VECTOR('',#1875,10.);
#483=VECTOR('',#1878,10.);
#484=VECTOR('',#1881,10.);
#485=VECTOR('',#1884,10.);
#486=VECTOR('',#1885,10.);
#487=VECTOR('',#1888,10.);
#488=VECTOR('',#1889,10.);
#489=VECTOR('',#1890,10.);
#490=VECTOR('',#1893,10.);
#491=VECTOR('',#1894,10.);
#492=VECTOR('',#1897,10.);
#493=VECTOR('',#1902,10.);
#494=VECTOR('',#1903,10.);
#495=VECTOR('',#1906,10.);
#496=VECTOR('',#1911,10.);
#497=VECTOR('',#1912,10.);
#498=VECTOR('',#1915,10.);
#499=VECTOR('',#1920,10.);
#500=VECTOR('',#1921,10.);
#501=VECTOR('',#1924,10.);
#502=VECTOR('',#1929,10.);
#503=VECTOR('',#1930,10.);
#504=VECTOR('',#1933,10.);
#505=VECTOR('',#1934,10.);
#506=VECTOR('',#1939,1.);
#507=VECTOR('',#1944,1.00000000000001);
#508=VECTOR('',#1949,1.);
#509=VECTOR('',#1952,10.);
#510=VECTOR('',#1953,10.);
#511=VECTOR('',#1956,10.);
#512=VECTOR('',#1957,10.);
#513=VECTOR('',#1958,10.);
#514=VECTOR('',#1961,10.);
#515=VECTOR('',#1962,10.);
#516=VECTOR('',#1967,10.);
#517=VECTOR('',#1970,10.);
#518=VECTOR('',#1971,10.);
#519=VECTOR('',#1978,10.);
#520=VECTOR('',#1979,10.);
#521=VECTOR('',#1980,10.);
#522=VECTOR('',#1981,10.);
#523=VECTOR('',#1982,10.);
#524=VECTOR('',#1983,10.);
#525=VECTOR('',#1986,10.);
#526=VECTOR('',#1987,10.);
#527=VECTOR('',#1990,10.);
#528=VECTOR('',#1991,10.);
#529=VECTOR('',#1992,10.);
#530=VECTOR('',#1995,10.);
#531=VECTOR('',#1998,10.);
#532=VECTOR('',#1999,10.);
#533=VECTOR('',#2000,10.);
#534=VECTOR('',#2001,10.);
#535=VECTOR('',#2004,10.);
#536=VECTOR('',#2007,10.);
#537=CIRCLE('',#1466,2.);
#538=CIRCLE('',#1467,2.);
#539=CIRCLE('',#1469,2.);
#540=CIRCLE('',#1470,2.);
#541=CIRCLE('',#1472,2.);
#542=CIRCLE('',#1473,2.);
#543=CIRCLE('',#1476,2.);
#544=CIRCLE('',#1477,2.);
#545=CIRCLE('',#1478,2.);
#546=CIRCLE('',#1479,2.);
#547=CIRCLE('',#1480,2.00000000000001);
#548=CIRCLE('',#1481,2.00000000000001);
#549=CIRCLE('',#1482,1.25);
#550=CIRCLE('',#1483,1.25);
#551=CIRCLE('',#1486,1.25);
#552=CIRCLE('',#1488,1.25);
#553=CIRCLE('',#1491,2.00000000000001);
#554=CIRCLE('',#1494,2.00000000000001);
#555=CIRCLE('',#1497,2.);
#556=CIRCLE('',#1499,1.00000000000001);
#557=CIRCLE('',#1501,1.);
#558=CIRCLE('',#1503,1.);
#559=CIRCLE('',#1505,1.00000000000001);
#560=CIRCLE('',#1506,0.999999999999999);
#561=CIRCLE('',#1507,0.999999999999996);
#562=CIRCLE('',#1508,1.00000000000001);
#563=CIRCLE('',#1512,1.00000000000001);
#564=CIRCLE('',#1515,0.999999999999996);
#565=CIRCLE('',#1518,0.999999999999999);
#566=CIRCLE('',#1521,1.00000000000001);
#567=CIRCLE('',#1523,0.999999999999985);
#568=CIRCLE('',#1524,0.999999999999996);
#569=CIRCLE('',#1525,0.999999999999992);
#570=CIRCLE('',#1526,0.999999999999996);
#571=CIRCLE('',#1530,0.999999999999996);
#572=CIRCLE('',#1533,0.999999999999992);
#573=CIRCLE('',#1536,0.999999999999996);
#574=CIRCLE('',#1539,0.999999999999985);
#575=CIRCLE('',#1541,0.999999999999996);
#576=CIRCLE('',#1542,1.00000000000001);
#577=CIRCLE('',#1543,0.999999999999988);
#578=CIRCLE('',#1544,0.999999999999996);
#579=CIRCLE('',#1548,0.999999999999988);
#580=CIRCLE('',#1551,1.00000000000001);
#581=CIRCLE('',#1554,1.);
#582=CIRCLE('',#1555,0.999999999999994);
#583=CIRCLE('',#1556,1.);
#584=CIRCLE('',#1557,0.999999999999996);
#585=CIRCLE('',#1561,0.999999999999996);
#586=CIRCLE('',#1564,1.);
#587=CIRCLE('',#1567,0.999999999999994);
#588=CIRCLE('',#1570,1.);
#589=CIRCLE('',#1574,1.);
#590=CIRCLE('',#1576,1.00000000000001);
#591=CIRCLE('',#1578,1.);
#592=CIRCLE('',#1583,0.999999999999996);
#593=CIRCLE('',#1586,0.999999999999996);
#594=VERTEX_POINT('',#2012);
#595=VERTEX_POINT('',#2013);
#596=VERTEX_POINT('',#2015);
#597=VERTEX_POINT('',#2017);
#598=VERTEX_POINT('',#2021);
#599=VERTEX_POINT('',#2022);
#600=VERTEX_POINT('',#2024);
#601=VERTEX_POINT('',#2026);
#602=VERTEX_POINT('',#2030);
#603=VERTEX_POINT('',#2032);
#604=VERTEX_POINT('',#2039);
#605=VERTEX_POINT('',#2040);
#606=VERTEX_POINT('',#2042);
#607=VERTEX_POINT('',#2044);
#608=VERTEX_POINT('',#2047);
#609=VERTEX_POINT('',#2049);
#610=VERTEX_POINT('',#2051);
#611=VERTEX_POINT('',#2053);
#612=VERTEX_POINT('',#2055);
#613=VERTEX_POINT('',#2057);
#614=VERTEX_POINT('',#2059);
#615=VERTEX_POINT('',#2061);
#616=VERTEX_POINT('',#2063);
#617=VERTEX_POINT('',#2066);
#618=VERTEX_POINT('',#2068);
#619=VERTEX_POINT('',#2071);
#620=VERTEX_POINT('',#2075);
#621=VERTEX_POINT('',#2079);
#622=VERTEX_POINT('',#2083);
#623=VERTEX_POINT('',#2087);
#624=VERTEX_POINT('',#2091);
#625=VERTEX_POINT('',#2095);
#626=VERTEX_POINT('',#2099);
#627=VERTEX_POINT('',#2105);
#628=VERTEX_POINT('',#2109);
#629=VERTEX_POINT('',#2113);
#630=VERTEX_POINT('',#2117);
#631=VERTEX_POINT('',#2118);
#632=VERTEX_POINT('',#2120);
#633=VERTEX_POINT('',#2122);
#634=VERTEX_POINT('',#2124);
#635=VERTEX_POINT('',#2126);
#636=VERTEX_POINT('',#2128);
#637=VERTEX_POINT('',#2130);
#638=VERTEX_POINT('',#2132);
#639=VERTEX_POINT('',#2134);
#640=VERTEX_POINT('',#2136);
#641=VERTEX_POINT('',#2138);
#642=VERTEX_POINT('',#2142);
#643=VERTEX_POINT('',#2144);
#644=VERTEX_POINT('',#2148);
#645=VERTEX_POINT('',#2152);
#646=VERTEX_POINT('',#2156);
#647=VERTEX_POINT('',#2160);
#648=VERTEX_POINT('',#2164);
#649=VERTEX_POINT('',#2168);
#650=VERTEX_POINT('',#2172);
#651=VERTEX_POINT('',#2176);
#652=VERTEX_POINT('',#2180);
#653=VERTEX_POINT('',#2181);
#654=VERTEX_POINT('',#2183);
#655=VERTEX_POINT('',#2185);
#656=VERTEX_POINT('',#2187);
#657=VERTEX_POINT('',#2189);
#658=VERTEX_POINT('',#2191);
#659=VERTEX_POINT('',#2193);
#660=VERTEX_POINT('',#2195);
#661=VERTEX_POINT('',#2197);
#662=VERTEX_POINT('',#2199);
#663=VERTEX_POINT('',#2201);
#664=VERTEX_POINT('',#2205);
#665=VERTEX_POINT('',#2207);
#666=VERTEX_POINT('',#2211);
#667=VERTEX_POINT('',#2215);
#668=VERTEX_POINT('',#2219);
#669=VERTEX_POINT('',#2223);
#670=VERTEX_POINT('',#2227);
#671=VERTEX_POINT('',#2231);
#672=VERTEX_POINT('',#2235);
#673=VERTEX_POINT('',#2239);
#674=VERTEX_POINT('',#2243);
#675=VERTEX_POINT('',#2244);
#676=VERTEX_POINT('',#2246);
#677=VERTEX_POINT('',#2248);
#678=VERTEX_POINT('',#2250);
#679=VERTEX_POINT('',#2252);
#680=VERTEX_POINT('',#2254);
#681=VERTEX_POINT('',#2256);
#682=VERTEX_POINT('',#2258);
#683=VERTEX_POINT('',#2260);
#684=VERTEX_POINT('',#2262);
#685=VERTEX_POINT('',#2264);
#686=VERTEX_POINT('',#2268);
#687=VERTEX_POINT('',#2270);
#688=VERTEX_POINT('',#2274);
#689=VERTEX_POINT('',#2278);
#690=VERTEX_POINT('',#2282);
#691=VERTEX_POINT('',#2286);
#692=VERTEX_POINT('',#2290);
#693=VERTEX_POINT('',#2294);
#694=VERTEX_POINT('',#2295);
#695=VERTEX_POINT('',#2297);
#696=VERTEX_POINT('',#2299);
#697=VERTEX_POINT('',#2301);
#698=VERTEX_POINT('',#2303);
#699=VERTEX_POINT('',#2305);
#700=VERTEX_POINT('',#2307);
#701=VERTEX_POINT('',#2309);
#702=VERTEX_POINT('',#2311);
#703=VERTEX_POINT('',#2313);
#704=VERTEX_POINT('',#2315);
#705=VERTEX_POINT('',#2319);
#706=VERTEX_POINT('',#2321);
#707=VERTEX_POINT('',#2325);
#708=VERTEX_POINT('',#2329);
#709=VERTEX_POINT('',#2333);
#710=VERTEX_POINT('',#2337);
#711=VERTEX_POINT('',#2341);
#712=VERTEX_POINT('',#2345);
#713=VERTEX_POINT('',#2349);
#714=VERTEX_POINT('',#2353);
#715=VERTEX_POINT('',#2357);
#716=VERTEX_POINT('',#2361);
#717=VERTEX_POINT('',#2365);
#718=VERTEX_POINT('',#2369);
#719=VERTEX_POINT('',#2373);
#720=VERTEX_POINT('',#2377);
#721=VERTEX_POINT('',#2381);
#722=VERTEX_POINT('',#2383);
#723=VERTEX_POINT('',#2387);
#724=VERTEX_POINT('',#2391);
#725=VERTEX_POINT('',#2395);
#726=VERTEX_POINT('',#2401);
#727=VERTEX_POINT('',#2403);
#728=VERTEX_POINT('',#2407);
#729=VERTEX_POINT('',#2411);
#730=VERTEX_POINT('',#2415);
#731=VERTEX_POINT('',#2417);
#732=VERTEX_POINT('',#2425);
#733=EDGE_CURVE('',#594,#595,#537,.T.);
#734=EDGE_CURVE('',#596,#594,#231,.T.);
#735=EDGE_CURVE('',#597,#596,#538,.T.);
#736=EDGE_CURVE('',#597,#595,#232,.T.);
#737=EDGE_CURVE('',#598,#599,#539,.T.);
#738=EDGE_CURVE('',#598,#600,#233,.T.);
#739=EDGE_CURVE('',#601,#600,#540,.T.);
#740=EDGE_CURVE('',#601,#599,#234,.T.);
#741=EDGE_CURVE('',#599,#602,#541,.T.);
#742=EDGE_CURVE('',#603,#601,#542,.T.);
#743=EDGE_CURVE('',#603,#602,#235,.T.);
#744=EDGE_CURVE('',#602,#594,#236,.T.);
#745=EDGE_CURVE('',#596,#603,#237,.T.);
#746=EDGE_CURVE('',#604,#605,#238,.T.);
#747=EDGE_CURVE('',#606,#604,#239,.T.);
#748=EDGE_CURVE('',#607,#606,#240,.T.);
#749=EDGE_CURVE('',#605,#607,#241,.T.);
#750=EDGE_CURVE('',#608,#608,#543,.T.);
#751=EDGE_CURVE('',#609,#609,#544,.T.);
#752=EDGE_CURVE('',#610,#610,#545,.T.);
#753=EDGE_CURVE('',#611,#597,#242,.T.);
#754=EDGE_CURVE('',#600,#612,#243,.T.);
#755=EDGE_CURVE('',#612,#613,#546,.T.);
#756=EDGE_CURVE('',#613,#614,#244,.T.);
#757=EDGE_CURVE('',#614,#615,#547,.T.);
#758=EDGE_CURVE('',#615,#616,#245,.T.);
#759=EDGE_CURVE('',#616,#611,#548,.T.);
#760=EDGE_CURVE('',#617,#617,#549,.T.);
#761=EDGE_CURVE('',#618,#618,#550,.T.);
#762=EDGE_CURVE('',#619,#598,#246,.T.);
#763=EDGE_CURVE('',#612,#619,#247,.T.);
#764=EDGE_CURVE('',#620,#620,#551,.T.);
#765=EDGE_CURVE('',#620,#618,#248,.T.);
#766=EDGE_CURVE('',#621,#621,#552,.T.);
#767=EDGE_CURVE('',#621,#617,#249,.T.);
#768=EDGE_CURVE('',#611,#622,#250,.T.);
#769=EDGE_CURVE('',#595,#622,#251,.T.);
#770=EDGE_CURVE('',#616,#623,#252,.T.);
#771=EDGE_CURVE('',#622,#623,#553,.T.);
#772=EDGE_CURVE('',#615,#624,#253,.T.);
#773=EDGE_CURVE('',#623,#624,#254,.T.);
#774=EDGE_CURVE('',#614,#625,#255,.T.);
#775=EDGE_CURVE('',#624,#625,#554,.T.);
#776=EDGE_CURVE('',#613,#626,#256,.T.);
#777=EDGE_CURVE('',#625,#626,#257,.T.);
#778=EDGE_CURVE('',#626,#619,#555,.T.);
#779=EDGE_CURVE('',#610,#627,#258,.T.);
#780=EDGE_CURVE('',#627,#627,#556,.T.);
#781=EDGE_CURVE('',#609,#628,#259,.T.);
#782=EDGE_CURVE('',#628,#628,#557,.T.);
#783=EDGE_CURVE('',#608,#629,#260,.T.);
#784=EDGE_CURVE('',#629,#629,#558,.T.);
#785=EDGE_CURVE('',#630,#631,#261,.T.);
#786=EDGE_CURVE('',#632,#630,#559,.T.);
#787=EDGE_CURVE('',#633,#632,#262,.T.);
#788=EDGE_CURVE('',#634,#633,#560,.T.);
#789=EDGE_CURVE('',#635,#634,#263,.T.);
#790=EDGE_CURVE('',#636,#635,#561,.T.);
#791=EDGE_CURVE('',#637,#636,#264,.T.);
#792=EDGE_CURVE('',#638,#637,#562,.T.);
#793=EDGE_CURVE('',#639,#638,#265,.T.);
#794=EDGE_CURVE('',#640,#639,#266,.T.);
#795=EDGE_CURVE('',#640,#641,#267,.T.);
#796=EDGE_CURVE('',#631,#641,#268,.T.);
#797=EDGE_CURVE('',#639,#642,#269,.T.);
#798=EDGE_CURVE('',#643,#642,#270,.T.);
#799=EDGE_CURVE('',#640,#643,#271,.T.);
#800=EDGE_CURVE('',#638,#644,#272,.T.);
#801=EDGE_CURVE('',#642,#644,#273,.T.);
#802=EDGE_CURVE('',#637,#645,#274,.T.);
#803=EDGE_CURVE('',#644,#645,#563,.T.);
#804=EDGE_CURVE('',#636,#646,#275,.T.);
#805=EDGE_CURVE('',#645,#646,#276,.T.);
#806=EDGE_CURVE('',#635,#647,#277,.T.);
#807=EDGE_CURVE('',#646,#647,#564,.T.);
#808=EDGE_CURVE('',#634,#648,#278,.T.);
#809=EDGE_CURVE('',#647,#648,#279,.T.);
#810=EDGE_CURVE('',#633,#649,#280,.T.);
#811=EDGE_CURVE('',#648,#649,#565,.T.);
#812=EDGE_CURVE('',#632,#650,#281,.T.);
#813=EDGE_CURVE('',#649,#650,#282,.T.);
#814=EDGE_CURVE('',#630,#651,#283,.T.);
#815=EDGE_CURVE('',#650,#651,#566,.T.);
#816=EDGE_CURVE('',#652,#653,#284,.T.);
#817=EDGE_CURVE('',#654,#652,#567,.T.);
#818=EDGE_CURVE('',#655,#654,#285,.T.);
#819=EDGE_CURVE('',#656,#655,#568,.T.);
#820=EDGE_CURVE('',#657,#656,#286,.T.);
#821=EDGE_CURVE('',#658,#657,#569,.T.);
#822=EDGE_CURVE('',#659,#658,#287,.T.);
#823=EDGE_CURVE('',#660,#659,#570,.T.);
#824=EDGE_CURVE('',#661,#660,#288,.T.);
#825=EDGE_CURVE('',#662,#661,#289,.T.);
#826=EDGE_CURVE('',#662,#663,#290,.T.);
#827=EDGE_CURVE('',#653,#663,#291,.T.);
#828=EDGE_CURVE('',#661,#664,#292,.T.);
#829=EDGE_CURVE('',#665,#664,#293,.T.);
#830=EDGE_CURVE('',#662,#665,#294,.T.);
#831=EDGE_CURVE('',#660,#666,#295,.T.);
#832=EDGE_CURVE('',#664,#666,#296,.T.);
#833=EDGE_CURVE('',#659,#667,#297,.T.);
#834=EDGE_CURVE('',#666,#667,#571,.T.);
#835=EDGE_CURVE('',#658,#668,#298,.T.);
#836=EDGE_CURVE('',#667,#668,#299,.T.);
#837=EDGE_CURVE('',#657,#669,#300,.T.);
#838=EDGE_CURVE('',#668,#669,#572,.T.);
#839=EDGE_CURVE('',#656,#670,#301,.T.);
#840=EDGE_CURVE('',#669,#670,#302,.T.);
#841=EDGE_CURVE('',#655,#671,#303,.T.);
#842=EDGE_CURVE('',#670,#671,#573,.T.);
#843=EDGE_CURVE('',#654,#672,#304,.T.);
#844=EDGE_CURVE('',#671,#672,#305,.T.);
#845=EDGE_CURVE('',#652,#673,#306,.T.);
#846=EDGE_CURVE('',#672,#673,#574,.T.);
#847=EDGE_CURVE('',#674,#675,#575,.T.);
#848=EDGE_CURVE('',#676,#674,#307,.T.);
#849=EDGE_CURVE('',#677,#676,#576,.T.);
#850=EDGE_CURVE('',#678,#677,#308,.T.);
#851=EDGE_CURVE('',#679,#678,#577,.T.);
#852=EDGE_CURVE('',#680,#679,#309,.T.);
#853=EDGE_CURVE('',#681,#680,#310,.T.);
#854=EDGE_CURVE('',#681,#682,#311,.T.);
#855=EDGE_CURVE('',#683,#682,#312,.T.);
#856=EDGE_CURVE('',#684,#683,#313,.T.);
#857=EDGE_CURVE('',#685,#684,#578,.T.);
#858=EDGE_CURVE('',#675,#685,#314,.T.);
#859=EDGE_CURVE('',#680,#686,#315,.T.);
#860=EDGE_CURVE('',#687,#686,#316,.T.);
#861=EDGE_CURVE('',#681,#687,#317,.T.);
#862=EDGE_CURVE('',#679,#688,#318,.T.);
#863=EDGE_CURVE('',#686,#688,#319,.T.);
#864=EDGE_CURVE('',#678,#689,#320,.T.);
#865=EDGE_CURVE('',#688,#689,#579,.T.);
#866=EDGE_CURVE('',#677,#690,#321,.T.);
#867=EDGE_CURVE('',#689,#690,#322,.T.);
#868=EDGE_CURVE('',#676,#691,#323,.T.);
#869=EDGE_CURVE('',#690,#691,#580,.T.);
#870=EDGE_CURVE('',#674,#692,#324,.T.);
#871=EDGE_CURVE('',#691,#692,#325,.T.);
#872=EDGE_CURVE('',#693,#694,#326,.T.);
#873=EDGE_CURVE('',#695,#694,#327,.T.);
#874=EDGE_CURVE('',#696,#695,#328,.T.);
#875=EDGE_CURVE('',#697,#696,#581,.T.);
#876=EDGE_CURVE('',#698,#697,#329,.T.);
#877=EDGE_CURVE('',#699,#698,#582,.T.);
#878=EDGE_CURVE('',#700,#699,#330,.T.);
#879=EDGE_CURVE('',#701,#700,#583,.T.);
#880=EDGE_CURVE('',#702,#701,#331,.T.);
#881=EDGE_CURVE('',#703,#702,#584,.T.);
#882=EDGE_CURVE('',#704,#703,#332,.T.);
#883=EDGE_CURVE('',#693,#704,#333,.T.);
#884=EDGE_CURVE('',#704,#705,#334,.T.);
#885=EDGE_CURVE('',#706,#705,#335,.T.);
#886=EDGE_CURVE('',#693,#706,#336,.T.);
#887=EDGE_CURVE('',#703,#707,#337,.T.);
#888=EDGE_CURVE('',#705,#707,#338,.T.);
#889=EDGE_CURVE('',#702,#708,#339,.T.);
#890=EDGE_CURVE('',#707,#708,#585,.T.);
#891=EDGE_CURVE('',#701,#709,#340,.T.);
#892=EDGE_CURVE('',#708,#709,#341,.T.);
#893=EDGE_CURVE('',#700,#710,#342,.T.);
#894=EDGE_CURVE('',#709,#710,#586,.T.);
#895=EDGE_CURVE('',#699,#711,#343,.T.);
#896=EDGE_CURVE('',#710,#711,#344,.T.);
#897=EDGE_CURVE('',#698,#712,#345,.T.);
#898=EDGE_CURVE('',#711,#712,#587,.T.);
#899=EDGE_CURVE('',#697,#713,#346,.T.);
#900=EDGE_CURVE('',#712,#713,#347,.T.);
#901=EDGE_CURVE('',#696,#714,#348,.T.);
#902=EDGE_CURVE('',#713,#714,#588,.T.);
#903=EDGE_CURVE('',#695,#715,#349,.T.);
#904=EDGE_CURVE('',#714,#715,#350,.T.);
#905=EDGE_CURVE('',#694,#716,#351,.T.);
#906=EDGE_CURVE('',#715,#716,#352,.T.);
#907=EDGE_CURVE('',#717,#717,#589,.T.);
#908=EDGE_CURVE('',#717,#628,#353,.T.);
#909=EDGE_CURVE('',#718,#718,#590,.T.);
#910=EDGE_CURVE('',#718,#627,#354,.T.);
#911=EDGE_CURVE('',#719,#719,#591,.T.);
#912=EDGE_CURVE('',#719,#629,#355,.T.);
#913=EDGE_CURVE('',#631,#720,#356,.T.);
#914=EDGE_CURVE('',#651,#720,#357,.T.);
#915=EDGE_CURVE('',#682,#721,#358,.T.);
#916=EDGE_CURVE('',#722,#721,#359,.T.);
#917=EDGE_CURVE('',#683,#722,#360,.T.);
#918=EDGE_CURVE('',#723,#722,#361,.T.);
#919=EDGE_CURVE('',#684,#723,#362,.T.);
#920=EDGE_CURVE('',#724,#723,#592,.T.);
#921=EDGE_CURVE('',#685,#724,#363,.T.);
#922=EDGE_CURVE('',#725,#724,#364,.T.);
#923=EDGE_CURVE('',#675,#725,#365,.T.);
#924=EDGE_CURVE('',#692,#725,#593,.T.);
#925=EDGE_CURVE('',#605,#726,#366,.T.);
#926=EDGE_CURVE('',#727,#726,#367,.T.);
#927=EDGE_CURVE('',#641,#727,#368,.T.);
#928=EDGE_CURVE('',#721,#643,#369,.T.);
#929=EDGE_CURVE('',#728,#687,#370,.T.);
#930=EDGE_CURVE('',#604,#728,#371,.T.);
#931=EDGE_CURVE('',#729,#728,#372,.T.);
#932=EDGE_CURVE('',#606,#729,#373,.T.);
#933=EDGE_CURVE('',#663,#730,#374,.T.);
#934=EDGE_CURVE('',#731,#730,#375,.T.);
#935=EDGE_CURVE('',#653,#731,#376,.T.);
#936=EDGE_CURVE('',#673,#731,#377,.T.);
#937=EDGE_CURVE('',#730,#729,#378,.T.);
#938=EDGE_CURVE('',#716,#665,#379,.T.);
#939=EDGE_CURVE('',#732,#706,#380,.T.);
#940=EDGE_CURVE('',#607,#732,#381,.T.);
#941=EDGE_CURVE('',#726,#732,#382,.T.);
#942=EDGE_CURVE('',#720,#727,#383,.T.);
#943=ORIENTED_EDGE('',*,*,#733,.F.);
#944=ORIENTED_EDGE('',*,*,#734,.F.);
#945=ORIENTED_EDGE('',*,*,#735,.F.);
#946=ORIENTED_EDGE('',*,*,#736,.T.);
#947=ORIENTED_EDGE('',*,*,#737,.F.);
#948=ORIENTED_EDGE('',*,*,#738,.T.);
#949=ORIENTED_EDGE('',*,*,#739,.F.);
#950=ORIENTED_EDGE('',*,*,#740,.T.);
#951=ORIENTED_EDGE('',*,*,#741,.F.);
#952=ORIENTED_EDGE('',*,*,#740,.F.);
#953=ORIENTED_EDGE('',*,*,#742,.F.);
#954=ORIENTED_EDGE('',*,*,#743,.T.);
#955=ORIENTED_EDGE('',*,*,#744,.F.);
#956=ORIENTED_EDGE('',*,*,#743,.F.);
#957=ORIENTED_EDGE('',*,*,#745,.F.);
#958=ORIENTED_EDGE('',*,*,#734,.T.);
#959=ORIENTED_EDGE('',*,*,#746,.F.);
#960=ORIENTED_EDGE('',*,*,#747,.F.);
#961=ORIENTED_EDGE('',*,*,#748,.F.);
#962=ORIENTED_EDGE('',*,*,#749,.F.);
#963=ORIENTED_EDGE('',*,*,#750,.T.);
#964=ORIENTED_EDGE('',*,*,#751,.T.);
#965=ORIENTED_EDGE('',*,*,#752,.T.);
#966=ORIENTED_EDGE('',*,*,#753,.T.);
#967=ORIENTED_EDGE('',*,*,#735,.T.);
#968=ORIENTED_EDGE('',*,*,#745,.T.);
#969=ORIENTED_EDGE('',*,*,#742,.T.);
#970=ORIENTED_EDGE('',*,*,#739,.T.);
#971=ORIENTED_EDGE('',*,*,#754,.T.);
#972=ORIENTED_EDGE('',*,*,#755,.T.);
#973=ORIENTED_EDGE('',*,*,#756,.T.);
#974=ORIENTED_EDGE('',*,*,#757,.T.);
#975=ORIENTED_EDGE('',*,*,#758,.T.);
#976=ORIENTED_EDGE('',*,*,#759,.T.);
#977=ORIENTED_EDGE('',*,*,#760,.T.);
#978=ORIENTED_EDGE('',*,*,#761,.T.);
#979=ORIENTED_EDGE('',*,*,#738,.F.);
#980=ORIENTED_EDGE('',*,*,#762,.F.);
#981=ORIENTED_EDGE('',*,*,#763,.F.);
#982=ORIENTED_EDGE('',*,*,#754,.F.);
#983=ORIENTED_EDGE('',*,*,#764,.F.);
#984=ORIENTED_EDGE('',*,*,#765,.T.);
#985=ORIENTED_EDGE('',*,*,#761,.F.);
#986=ORIENTED_EDGE('',*,*,#765,.F.);
#987=ORIENTED_EDGE('',*,*,#766,.F.);
#988=ORIENTED_EDGE('',*,*,#767,.T.);
#989=ORIENTED_EDGE('',*,*,#760,.F.);
#990=ORIENTED_EDGE('',*,*,#767,.F.);
#991=ORIENTED_EDGE('',*,*,#753,.F.);
#992=ORIENTED_EDGE('',*,*,#768,.T.);
#993=ORIENTED_EDGE('',*,*,#769,.F.);
#994=ORIENTED_EDGE('',*,*,#736,.F.);
#995=ORIENTED_EDGE('',*,*,#759,.F.);
#996=ORIENTED_EDGE('',*,*,#770,.T.);
#997=ORIENTED_EDGE('',*,*,#771,.F.);
#998=ORIENTED_EDGE('',*,*,#768,.F.);
#999=ORIENTED_EDGE('',*,*,#758,.F.);
#1000=ORIENTED_EDGE('',*,*,#772,.T.);
#1001=ORIENTED_EDGE('',*,*,#773,.F.);
#1002=ORIENTED_EDGE('',*,*,#770,.F.);
#1003=ORIENTED_EDGE('',*,*,#757,.F.);
#1004=ORIENTED_EDGE('',*,*,#774,.T.);
#1005=ORIENTED_EDGE('',*,*,#775,.F.);
#1006=ORIENTED_EDGE('',*,*,#772,.F.);
#1007=ORIENTED_EDGE('',*,*,#756,.F.);
#1008=ORIENTED_EDGE('',*,*,#776,.T.);
#1009=ORIENTED_EDGE('',*,*,#777,.F.);
#1010=ORIENTED_EDGE('',*,*,#774,.F.);
#1011=ORIENTED_EDGE('',*,*,#755,.F.);
#1012=ORIENTED_EDGE('',*,*,#763,.T.);
#1013=ORIENTED_EDGE('',*,*,#778,.F.);
#1014=ORIENTED_EDGE('',*,*,#776,.F.);
#1015=ORIENTED_EDGE('',*,*,#752,.F.);
#1016=ORIENTED_EDGE('',*,*,#779,.T.);
#1017=ORIENTED_EDGE('',*,*,#780,.F.);
#1018=ORIENTED_EDGE('',*,*,#779,.F.);
#1019=ORIENTED_EDGE('',*,*,#751,.F.);
#1020=ORIENTED_EDGE('',*,*,#781,.T.);
#1021=ORIENTED_EDGE('',*,*,#782,.F.);
#1022=ORIENTED_EDGE('',*,*,#781,.F.);
#1023=ORIENTED_EDGE('',*,*,#750,.F.);
#1024=ORIENTED_EDGE('',*,*,#783,.T.);
#1025=ORIENTED_EDGE('',*,*,#784,.F.);
#1026=ORIENTED_EDGE('',*,*,#783,.F.);
#1027=ORIENTED_EDGE('',*,*,#785,.F.);
#1028=ORIENTED_EDGE('',*,*,#786,.F.);
#1029=ORIENTED_EDGE('',*,*,#787,.F.);
#1030=ORIENTED_EDGE('',*,*,#788,.F.);
#1031=ORIENTED_EDGE('',*,*,#789,.F.);
#1032=ORIENTED_EDGE('',*,*,#790,.F.);
#1033=ORIENTED_EDGE('',*,*,#791,.F.);
#1034=ORIENTED_EDGE('',*,*,#792,.F.);
#1035=ORIENTED_EDGE('',*,*,#793,.F.);
#1036=ORIENTED_EDGE('',*,*,#794,.F.);
#1037=ORIENTED_EDGE('',*,*,#795,.T.);
#1038=ORIENTED_EDGE('',*,*,#796,.F.);
#1039=ORIENTED_EDGE('',*,*,#794,.T.);
#1040=ORIENTED_EDGE('',*,*,#797,.T.);
#1041=ORIENTED_EDGE('',*,*,#798,.F.);
#1042=ORIENTED_EDGE('',*,*,#799,.F.);
#1043=ORIENTED_EDGE('',*,*,#793,.T.);
#1044=ORIENTED_EDGE('',*,*,#800,.T.);
#1045=ORIENTED_EDGE('',*,*,#801,.F.);
#1046=ORIENTED_EDGE('',*,*,#797,.F.);
#1047=ORIENTED_EDGE('',*,*,#792,.T.);
#1048=ORIENTED_EDGE('',*,*,#802,.T.);
#1049=ORIENTED_EDGE('',*,*,#803,.F.);
#1050=ORIENTED_EDGE('',*,*,#800,.F.);
#1051=ORIENTED_EDGE('',*,*,#791,.T.);
#1052=ORIENTED_EDGE('',*,*,#804,.T.);
#1053=ORIENTED_EDGE('',*,*,#805,.F.);
#1054=ORIENTED_EDGE('',*,*,#802,.F.);
#1055=ORIENTED_EDGE('',*,*,#790,.T.);
#1056=ORIENTED_EDGE('',*,*,#806,.T.);
#1057=ORIENTED_EDGE('',*,*,#807,.F.);
#1058=ORIENTED_EDGE('',*,*,#804,.F.);
#1059=ORIENTED_EDGE('',*,*,#789,.T.);
#1060=ORIENTED_EDGE('',*,*,#808,.T.);
#1061=ORIENTED_EDGE('',*,*,#809,.F.);
#1062=ORIENTED_EDGE('',*,*,#806,.F.);
#1063=ORIENTED_EDGE('',*,*,#788,.T.);
#1064=ORIENTED_EDGE('',*,*,#810,.T.);
#1065=ORIENTED_EDGE('',*,*,#811,.F.);
#1066=ORIENTED_EDGE('',*,*,#808,.F.);
#1067=ORIENTED_EDGE('',*,*,#787,.T.);
#1068=ORIENTED_EDGE('',*,*,#812,.T.);
#1069=ORIENTED_EDGE('',*,*,#813,.F.);
#1070=ORIENTED_EDGE('',*,*,#810,.F.);
#1071=ORIENTED_EDGE('',*,*,#786,.T.);
#1072=ORIENTED_EDGE('',*,*,#814,.T.);
#1073=ORIENTED_EDGE('',*,*,#815,.F.);
#1074=ORIENTED_EDGE('',*,*,#812,.F.);
#1075=ORIENTED_EDGE('',*,*,#816,.F.);
#1076=ORIENTED_EDGE('',*,*,#817,.F.);
#1077=ORIENTED_EDGE('',*,*,#818,.F.);
#1078=ORIENTED_EDGE('',*,*,#819,.F.);
#1079=ORIENTED_EDGE('',*,*,#820,.F.);
#1080=ORIENTED_EDGE('',*,*,#821,.F.);
#1081=ORIENTED_EDGE('',*,*,#822,.F.);
#1082=ORIENTED_EDGE('',*,*,#823,.F.);
#1083=ORIENTED_EDGE('',*,*,#824,.F.);
#1084=ORIENTED_EDGE('',*,*,#825,.F.);
#1085=ORIENTED_EDGE('',*,*,#826,.T.);
#1086=ORIENTED_EDGE('',*,*,#827,.F.);
#1087=ORIENTED_EDGE('',*,*,#825,.T.);
#1088=ORIENTED_EDGE('',*,*,#828,.T.);
#1089=ORIENTED_EDGE('',*,*,#829,.F.);
#1090=ORIENTED_EDGE('',*,*,#830,.F.);
#1091=ORIENTED_EDGE('',*,*,#824,.T.);
#1092=ORIENTED_EDGE('',*,*,#831,.T.);
#1093=ORIENTED_EDGE('',*,*,#832,.F.);
#1094=ORIENTED_EDGE('',*,*,#828,.F.);
#1095=ORIENTED_EDGE('',*,*,#823,.T.);
#1096=ORIENTED_EDGE('',*,*,#833,.T.);
#1097=ORIENTED_EDGE('',*,*,#834,.F.);
#1098=ORIENTED_EDGE('',*,*,#831,.F.);
#1099=ORIENTED_EDGE('',*,*,#822,.T.);
#1100=ORIENTED_EDGE('',*,*,#835,.T.);
#1101=ORIENTED_EDGE('',*,*,#836,.F.);
#1102=ORIENTED_EDGE('',*,*,#833,.F.);
#1103=ORIENTED_EDGE('',*,*,#821,.T.);
#1104=ORIENTED_EDGE('',*,*,#837,.T.);
#1105=ORIENTED_EDGE('',*,*,#838,.F.);
#1106=ORIENTED_EDGE('',*,*,#835,.F.);
#1107=ORIENTED_EDGE('',*,*,#820,.T.);
#1108=ORIENTED_EDGE('',*,*,#839,.T.);
#1109=ORIENTED_EDGE('',*,*,#840,.F.);
#1110=ORIENTED_EDGE('',*,*,#837,.F.);
#1111=ORIENTED_EDGE('',*,*,#819,.T.);
#1112=ORIENTED_EDGE('',*,*,#841,.T.);
#1113=ORIENTED_EDGE('',*,*,#842,.F.);
#1114=ORIENTED_EDGE('',*,*,#839,.F.);
#1115=ORIENTED_EDGE('',*,*,#818,.T.);
#1116=ORIENTED_EDGE('',*,*,#843,.T.);
#1117=ORIENTED_EDGE('',*,*,#844,.F.);
#1118=ORIENTED_EDGE('',*,*,#841,.F.);
#1119=ORIENTED_EDGE('',*,*,#817,.T.);
#1120=ORIENTED_EDGE('',*,*,#845,.T.);
#1121=ORIENTED_EDGE('',*,*,#846,.F.);
#1122=ORIENTED_EDGE('',*,*,#843,.F.);
#1123=ORIENTED_EDGE('',*,*,#847,.F.);
#1124=ORIENTED_EDGE('',*,*,#848,.F.);
#1125=ORIENTED_EDGE('',*,*,#849,.F.);
#1126=ORIENTED_EDGE('',*,*,#850,.F.);
#1127=ORIENTED_EDGE('',*,*,#851,.F.);
#1128=ORIENTED_EDGE('',*,*,#852,.F.);
#1129=ORIENTED_EDGE('',*,*,#853,.F.);
#1130=ORIENTED_EDGE('',*,*,#854,.T.);
#1131=ORIENTED_EDGE('',*,*,#855,.F.);
#1132=ORIENTED_EDGE('',*,*,#856,.F.);
#1133=ORIENTED_EDGE('',*,*,#857,.F.);
#1134=ORIENTED_EDGE('',*,*,#858,.F.);
#1135=ORIENTED_EDGE('',*,*,#853,.T.);
#1136=ORIENTED_EDGE('',*,*,#859,.T.);
#1137=ORIENTED_EDGE('',*,*,#860,.F.);
#1138=ORIENTED_EDGE('',*,*,#861,.F.);
#1139=ORIENTED_EDGE('',*,*,#852,.T.);
#1140=ORIENTED_EDGE('',*,*,#862,.T.);
#1141=ORIENTED_EDGE('',*,*,#863,.F.);
#1142=ORIENTED_EDGE('',*,*,#859,.F.);
#1143=ORIENTED_EDGE('',*,*,#851,.T.);
#1144=ORIENTED_EDGE('',*,*,#864,.T.);
#1145=ORIENTED_EDGE('',*,*,#865,.F.);
#1146=ORIENTED_EDGE('',*,*,#862,.F.);
#1147=ORIENTED_EDGE('',*,*,#850,.T.);
#1148=ORIENTED_EDGE('',*,*,#866,.T.);
#1149=ORIENTED_EDGE('',*,*,#867,.F.);
#1150=ORIENTED_EDGE('',*,*,#864,.F.);
#1151=ORIENTED_EDGE('',*,*,#849,.T.);
#1152=ORIENTED_EDGE('',*,*,#868,.T.);
#1153=ORIENTED_EDGE('',*,*,#869,.F.);
#1154=ORIENTED_EDGE('',*,*,#866,.F.);
#1155=ORIENTED_EDGE('',*,*,#848,.T.);
#1156=ORIENTED_EDGE('',*,*,#870,.T.);
#1157=ORIENTED_EDGE('',*,*,#871,.F.);
#1158=ORIENTED_EDGE('',*,*,#868,.F.);
#1159=ORIENTED_EDGE('',*,*,#872,.T.);
#1160=ORIENTED_EDGE('',*,*,#873,.F.);
#1161=ORIENTED_EDGE('',*,*,#874,.F.);
#1162=ORIENTED_EDGE('',*,*,#875,.F.);
#1163=ORIENTED_EDGE('',*,*,#876,.F.);
#1164=ORIENTED_EDGE('',*,*,#877,.F.);
#1165=ORIENTED_EDGE('',*,*,#878,.F.);
#1166=ORIENTED_EDGE('',*,*,#879,.F.);
#1167=ORIENTED_EDGE('',*,*,#880,.F.);
#1168=ORIENTED_EDGE('',*,*,#881,.F.);
#1169=ORIENTED_EDGE('',*,*,#882,.F.);
#1170=ORIENTED_EDGE('',*,*,#883,.F.);
#1171=ORIENTED_EDGE('',*,*,#883,.T.);
#1172=ORIENTED_EDGE('',*,*,#884,.T.);
#1173=ORIENTED_EDGE('',*,*,#885,.F.);
#1174=ORIENTED_EDGE('',*,*,#886,.F.);
#1175=ORIENTED_EDGE('',*,*,#882,.T.);
#1176=ORIENTED_EDGE('',*,*,#887,.T.);
#1177=ORIENTED_EDGE('',*,*,#888,.F.);
#1178=ORIENTED_EDGE('',*,*,#884,.F.);
#1179=ORIENTED_EDGE('',*,*,#881,.T.);
#1180=ORIENTED_EDGE('',*,*,#889,.T.);
#1181=ORIENTED_EDGE('',*,*,#890,.F.);
#1182=ORIENTED_EDGE('',*,*,#887,.F.);
#1183=ORIENTED_EDGE('',*,*,#880,.T.);
#1184=ORIENTED_EDGE('',*,*,#891,.T.);
#1185=ORIENTED_EDGE('',*,*,#892,.F.);
#1186=ORIENTED_EDGE('',*,*,#889,.F.);
#1187=ORIENTED_EDGE('',*,*,#879,.T.);
#1188=ORIENTED_EDGE('',*,*,#893,.T.);
#1189=ORIENTED_EDGE('',*,*,#894,.F.);
#1190=ORIENTED_EDGE('',*,*,#891,.F.);
#1191=ORIENTED_EDGE('',*,*,#878,.T.);
#1192=ORIENTED_EDGE('',*,*,#895,.T.);
#1193=ORIENTED_EDGE('',*,*,#896,.F.);
#1194=ORIENTED_EDGE('',*,*,#893,.F.);
#1195=ORIENTED_EDGE('',*,*,#877,.T.);
#1196=ORIENTED_EDGE('',*,*,#897,.T.);
#1197=ORIENTED_EDGE('',*,*,#898,.F.);
#1198=ORIENTED_EDGE('',*,*,#895,.F.);
#1199=ORIENTED_EDGE('',*,*,#876,.T.);
#1200=ORIENTED_EDGE('',*,*,#899,.T.);
#1201=ORIENTED_EDGE('',*,*,#900,.F.);
#1202=ORIENTED_EDGE('',*,*,#897,.F.);
#1203=ORIENTED_EDGE('',*,*,#875,.T.);
#1204=ORIENTED_EDGE('',*,*,#901,.T.);
#1205=ORIENTED_EDGE('',*,*,#902,.F.);
#1206=ORIENTED_EDGE('',*,*,#899,.F.);
#1207=ORIENTED_EDGE('',*,*,#874,.T.);
#1208=ORIENTED_EDGE('',*,*,#903,.T.);
#1209=ORIENTED_EDGE('',*,*,#904,.F.);
#1210=ORIENTED_EDGE('',*,*,#901,.F.);
#1211=ORIENTED_EDGE('',*,*,#873,.T.);
#1212=ORIENTED_EDGE('',*,*,#905,.T.);
#1213=ORIENTED_EDGE('',*,*,#906,.F.);
#1214=ORIENTED_EDGE('',*,*,#903,.F.);
#1215=ORIENTED_EDGE('',*,*,#907,.F.);
#1216=ORIENTED_EDGE('',*,*,#908,.T.);
#1217=ORIENTED_EDGE('',*,*,#782,.T.);
#1218=ORIENTED_EDGE('',*,*,#908,.F.);
#1219=ORIENTED_EDGE('',*,*,#909,.F.);
#1220=ORIENTED_EDGE('',*,*,#910,.T.);
#1221=ORIENTED_EDGE('',*,*,#780,.T.);
#1222=ORIENTED_EDGE('',*,*,#910,.F.);
#1223=ORIENTED_EDGE('',*,*,#911,.F.);
#1224=ORIENTED_EDGE('',*,*,#912,.T.);
#1225=ORIENTED_EDGE('',*,*,#784,.T.);
#1226=ORIENTED_EDGE('',*,*,#912,.F.);
#1227=ORIENTED_EDGE('',*,*,#785,.T.);
#1228=ORIENTED_EDGE('',*,*,#913,.T.);
#1229=ORIENTED_EDGE('',*,*,#914,.F.);
#1230=ORIENTED_EDGE('',*,*,#814,.F.);
#1231=ORIENTED_EDGE('',*,*,#855,.T.);
#1232=ORIENTED_EDGE('',*,*,#915,.T.);
#1233=ORIENTED_EDGE('',*,*,#916,.F.);
#1234=ORIENTED_EDGE('',*,*,#917,.F.);
#1235=ORIENTED_EDGE('',*,*,#856,.T.);
#1236=ORIENTED_EDGE('',*,*,#917,.T.);
#1237=ORIENTED_EDGE('',*,*,#918,.F.);
#1238=ORIENTED_EDGE('',*,*,#919,.F.);
#1239=ORIENTED_EDGE('',*,*,#857,.T.);
#1240=ORIENTED_EDGE('',*,*,#919,.T.);
#1241=ORIENTED_EDGE('',*,*,#920,.F.);
#1242=ORIENTED_EDGE('',*,*,#921,.F.);
#1243=ORIENTED_EDGE('',*,*,#858,.T.);
#1244=ORIENTED_EDGE('',*,*,#921,.T.);
#1245=ORIENTED_EDGE('',*,*,#922,.F.);
#1246=ORIENTED_EDGE('',*,*,#923,.F.);
#1247=ORIENTED_EDGE('',*,*,#847,.T.);
#1248=ORIENTED_EDGE('',*,*,#923,.T.);
#1249=ORIENTED_EDGE('',*,*,#924,.F.);
#1250=ORIENTED_EDGE('',*,*,#870,.F.);
#1251=ORIENTED_EDGE('',*,*,#746,.T.);
#1252=ORIENTED_EDGE('',*,*,#925,.T.);
#1253=ORIENTED_EDGE('',*,*,#926,.F.);
#1254=ORIENTED_EDGE('',*,*,#927,.F.);
#1255=ORIENTED_EDGE('',*,*,#795,.F.);
#1256=ORIENTED_EDGE('',*,*,#799,.T.);
#1257=ORIENTED_EDGE('',*,*,#928,.F.);
#1258=ORIENTED_EDGE('',*,*,#915,.F.);
#1259=ORIENTED_EDGE('',*,*,#854,.F.);
#1260=ORIENTED_EDGE('',*,*,#861,.T.);
#1261=ORIENTED_EDGE('',*,*,#929,.F.);
#1262=ORIENTED_EDGE('',*,*,#930,.F.);
#1263=ORIENTED_EDGE('',*,*,#747,.T.);
#1264=ORIENTED_EDGE('',*,*,#930,.T.);
#1265=ORIENTED_EDGE('',*,*,#931,.F.);
#1266=ORIENTED_EDGE('',*,*,#932,.F.);
#1267=ORIENTED_EDGE('',*,*,#827,.T.);
#1268=ORIENTED_EDGE('',*,*,#933,.T.);
#1269=ORIENTED_EDGE('',*,*,#934,.F.);
#1270=ORIENTED_EDGE('',*,*,#935,.F.);
#1271=ORIENTED_EDGE('',*,*,#816,.T.);
#1272=ORIENTED_EDGE('',*,*,#935,.T.);
#1273=ORIENTED_EDGE('',*,*,#936,.F.);
#1274=ORIENTED_EDGE('',*,*,#845,.F.);
#1275=ORIENTED_EDGE('',*,*,#748,.T.);
#1276=ORIENTED_EDGE('',*,*,#932,.T.);
#1277=ORIENTED_EDGE('',*,*,#937,.F.);
#1278=ORIENTED_EDGE('',*,*,#933,.F.);
#1279=ORIENTED_EDGE('',*,*,#826,.F.);
#1280=ORIENTED_EDGE('',*,*,#830,.T.);
#1281=ORIENTED_EDGE('',*,*,#938,.F.);
#1282=ORIENTED_EDGE('',*,*,#905,.F.);
#1283=ORIENTED_EDGE('',*,*,#872,.F.);
#1284=ORIENTED_EDGE('',*,*,#886,.T.);
#1285=ORIENTED_EDGE('',*,*,#939,.F.);
#1286=ORIENTED_EDGE('',*,*,#940,.F.);
#1287=ORIENTED_EDGE('',*,*,#749,.T.);
#1288=ORIENTED_EDGE('',*,*,#940,.T.);
#1289=ORIENTED_EDGE('',*,*,#941,.F.);
#1290=ORIENTED_EDGE('',*,*,#925,.F.);
#1291=ORIENTED_EDGE('',*,*,#796,.T.);
#1292=ORIENTED_EDGE('',*,*,#927,.T.);
#1293=ORIENTED_EDGE('',*,*,#942,.F.);
#1294=ORIENTED_EDGE('',*,*,#913,.F.);
#1295=ORIENTED_EDGE('',*,*,#942,.T.);
#1296=ORIENTED_EDGE('',*,*,#926,.T.);
#1297=ORIENTED_EDGE('',*,*,#941,.T.);
#1298=ORIENTED_EDGE('',*,*,#939,.T.);
#1299=ORIENTED_EDGE('',*,*,#885,.T.);
#1300=ORIENTED_EDGE('',*,*,#888,.T.);
#1301=ORIENTED_EDGE('',*,*,#890,.T.);
#1302=ORIENTED_EDGE('',*,*,#892,.T.);
#1303=ORIENTED_EDGE('',*,*,#894,.T.);
#1304=ORIENTED_EDGE('',*,*,#896,.T.);
#1305=ORIENTED_EDGE('',*,*,#898,.T.);
#1306=ORIENTED_EDGE('',*,*,#900,.T.);
#1307=ORIENTED_EDGE('',*,*,#902,.T.);
#1308=ORIENTED_EDGE('',*,*,#904,.T.);
#1309=ORIENTED_EDGE('',*,*,#906,.T.);
#1310=ORIENTED_EDGE('',*,*,#938,.T.);
#1311=ORIENTED_EDGE('',*,*,#829,.T.);
#1312=ORIENTED_EDGE('',*,*,#832,.T.);
#1313=ORIENTED_EDGE('',*,*,#834,.T.);
#1314=ORIENTED_EDGE('',*,*,#836,.T.);
#1315=ORIENTED_EDGE('',*,*,#838,.T.);
#1316=ORIENTED_EDGE('',*,*,#840,.T.);
#1317=ORIENTED_EDGE('',*,*,#842,.T.);
#1318=ORIENTED_EDGE('',*,*,#844,.T.);
#1319=ORIENTED_EDGE('',*,*,#846,.T.);
#1320=ORIENTED_EDGE('',*,*,#936,.T.);
#1321=ORIENTED_EDGE('',*,*,#934,.T.);
#1322=ORIENTED_EDGE('',*,*,#937,.T.);
#1323=ORIENTED_EDGE('',*,*,#931,.T.);
#1324=ORIENTED_EDGE('',*,*,#929,.T.);
#1325=ORIENTED_EDGE('',*,*,#860,.T.);
#1326=ORIENTED_EDGE('',*,*,#863,.T.);
#1327=ORIENTED_EDGE('',*,*,#865,.T.);
#1328=ORIENTED_EDGE('',*,*,#867,.T.);
#1329=ORIENTED_EDGE('',*,*,#869,.T.);
#1330=ORIENTED_EDGE('',*,*,#871,.T.);
#1331=ORIENTED_EDGE('',*,*,#924,.T.);
#1332=ORIENTED_EDGE('',*,*,#922,.T.);
#1333=ORIENTED_EDGE('',*,*,#920,.T.);
#1334=ORIENTED_EDGE('',*,*,#918,.T.);
#1335=ORIENTED_EDGE('',*,*,#916,.T.);
#1336=ORIENTED_EDGE('',*,*,#928,.T.);
#1337=ORIENTED_EDGE('',*,*,#798,.T.);
#1338=ORIENTED_EDGE('',*,*,#801,.T.);
#1339=ORIENTED_EDGE('',*,*,#803,.T.);
#1340=ORIENTED_EDGE('',*,*,#805,.T.);
#1341=ORIENTED_EDGE('',*,*,#807,.T.);
#1342=ORIENTED_EDGE('',*,*,#809,.T.);
#1343=ORIENTED_EDGE('',*,*,#811,.T.);
#1344=ORIENTED_EDGE('',*,*,#813,.T.);
#1345=ORIENTED_EDGE('',*,*,#815,.T.);
#1346=ORIENTED_EDGE('',*,*,#914,.T.);
#1347=ORIENTED_EDGE('',*,*,#769,.T.);
#1348=ORIENTED_EDGE('',*,*,#771,.T.);
#1349=ORIENTED_EDGE('',*,*,#773,.T.);
#1350=ORIENTED_EDGE('',*,*,#775,.T.);
#1351=ORIENTED_EDGE('',*,*,#777,.T.);
#1352=ORIENTED_EDGE('',*,*,#778,.T.);
#1353=ORIENTED_EDGE('',*,*,#762,.T.);
#1354=ORIENTED_EDGE('',*,*,#737,.T.);
#1355=ORIENTED_EDGE('',*,*,#741,.T.);
#1356=ORIENTED_EDGE('',*,*,#744,.T.);
#1357=ORIENTED_EDGE('',*,*,#733,.T.);
#1358=ORIENTED_EDGE('',*,*,#764,.T.);
#1359=ORIENTED_EDGE('',*,*,#766,.T.);
#1360=ORIENTED_EDGE('',*,*,#911,.T.);
#1361=ORIENTED_EDGE('',*,*,#909,.T.);
#1362=ORIENTED_EDGE('',*,*,#907,.T.);
#1363=CYLINDRICAL_SURFACE('',#1465,2.);
#1364=CYLINDRICAL_SURFACE('',#1468,2.);
#1365=CYLINDRICAL_SURFACE('',#1471,2.);
#1366=CYLINDRICAL_SURFACE('',#1485,1.25);
#1367=CYLINDRICAL_SURFACE('',#1487,1.25);
#1368=CYLINDRICAL_SURFACE('',#1490,2.00000000000001);
#1369=CYLINDRICAL_SURFACE('',#1493,2.00000000000001);
#1370=CYLINDRICAL_SURFACE('',#1496,2.);
#1371=CYLINDRICAL_SURFACE('',#1511,1.00000000000001);
#1372=CYLINDRICAL_SURFACE('',#1514,0.999999999999996);
#1373=CYLINDRICAL_SURFACE('',#1517,0.999999999999999);
#1374=CYLINDRICAL_SURFACE('',#1520,1.00000000000001);
#1375=CYLINDRICAL_SURFACE('',#1529,0.999999999999996);
#1376=CYLINDRICAL_SURFACE('',#1532,0.999999999999992);
#1377=CYLINDRICAL_SURFACE('',#1535,0.999999999999996);
#1378=CYLINDRICAL_SURFACE('',#1538,0.999999999999985);
#1379=CYLINDRICAL_SURFACE('',#1547,0.999999999999988);
#1380=CYLINDRICAL_SURFACE('',#1550,1.00000000000001);
#1381=CYLINDRICAL_SURFACE('',#1560,0.999999999999996);
#1382=CYLINDRICAL_SURFACE('',#1563,1.);
#1383=CYLINDRICAL_SURFACE('',#1566,0.999999999999994);
#1384=CYLINDRICAL_SURFACE('',#1569,1.);
#1385=CYLINDRICAL_SURFACE('',#1573,1.);
#1386=CYLINDRICAL_SURFACE('',#1575,1.00000000000001);
#1387=CYLINDRICAL_SURFACE('',#1577,1.);
#1388=CYLINDRICAL_SURFACE('',#1582,0.999999999999996);
#1389=CYLINDRICAL_SURFACE('',#1585,0.999999999999996);
#1390=ADVANCED_FACE('',(#73),#1363,.F.);
#1391=ADVANCED_FACE('',(#74),#1364,.T.);
#1392=ADVANCED_FACE('',(#75),#1365,.F.);
#1393=ADVANCED_FACE('',(#76),#30,.F.);
#1394=ADVANCED_FACE('',(#77,#18,#19,#20,#21,#22,#23),#31,.F.);
#1395=ADVANCED_FACE('',(#78),#32,.F.);
#1396=ADVANCED_FACE('',(#79),#1366,.F.);
#1397=ADVANCED_FACE('',(#80),#1367,.F.);
#1398=ADVANCED_FACE('',(#81),#33,.F.);
#1399=ADVANCED_FACE('',(#82),#1368,.F.);
#1400=ADVANCED_FACE('',(#83),#34,.F.);
#1401=ADVANCED_FACE('',(#84),#1369,.F.);
#1402=ADVANCED_FACE('',(#85),#35,.F.);
#1403=ADVANCED_FACE('',(#86),#1370,.F.);
#1404=ADVANCED_FACE('',(#87),#15,.F.);
#1405=ADVANCED_FACE('',(#88),#16,.F.);
#1406=ADVANCED_FACE('',(#89),#17,.F.);
#1407=ADVANCED_FACE('',(#90),#36,.T.);
#1408=ADVANCED_FACE('',(#91),#37,.T.);
#1409=ADVANCED_FACE('',(#92),#38,.T.);
#1410=ADVANCED_FACE('',(#93),#1371,.F.);
#1411=ADVANCED_FACE('',(#94),#39,.T.);
#1412=ADVANCED_FACE('',(#95),#1372,.F.);
#1413=ADVANCED_FACE('',(#96),#40,.T.);
#1414=ADVANCED_FACE('',(#97),#1373,.F.);
#1415=ADVANCED_FACE('',(#98),#41,.T.);
#1416=ADVANCED_FACE('',(#99),#1374,.F.);
#1417=ADVANCED_FACE('',(#100),#42,.T.);
#1418=ADVANCED_FACE('',(#101),#43,.T.);
#1419=ADVANCED_FACE('',(#102),#44,.T.);
#1420=ADVANCED_FACE('',(#103),#1375,.F.);
#1421=ADVANCED_FACE('',(#104),#45,.T.);
#1422=ADVANCED_FACE('',(#105),#1376,.F.);
#1423=ADVANCED_FACE('',(#106),#46,.T.);
#1424=ADVANCED_FACE('',(#107),#1377,.F.);
#1425=ADVANCED_FACE('',(#108),#47,.T.);
#1426=ADVANCED_FACE('',(#109),#1378,.F.);
#1427=ADVANCED_FACE('',(#110),#48,.T.);
#1428=ADVANCED_FACE('',(#111),#49,.T.);
#1429=ADVANCED_FACE('',(#112),#50,.T.);
#1430=ADVANCED_FACE('',(#113),#1379,.F.);
#1431=ADVANCED_FACE('',(#114),#51,.T.);
#1432=ADVANCED_FACE('',(#115),#1380,.F.);
#1433=ADVANCED_FACE('',(#116),#52,.T.);
#1434=ADVANCED_FACE('',(#117),#53,.T.);
#1435=ADVANCED_FACE('',(#118),#54,.T.);
#1436=ADVANCED_FACE('',(#119),#55,.T.);
#1437=ADVANCED_FACE('',(#120),#1381,.F.);
#1438=ADVANCED_FACE('',(#121),#56,.T.);
#1439=ADVANCED_FACE('',(#122),#1382,.F.);
#1440=ADVANCED_FACE('',(#123),#57,.T.);
#1441=ADVANCED_FACE('',(#124),#1383,.F.);
#1442=ADVANCED_FACE('',(#125),#58,.T.);
#1443=ADVANCED_FACE('',(#126),#1384,.F.);
#1444=ADVANCED_FACE('',(#127),#59,.T.);
#1445=ADVANCED_FACE('',(#128),#60,.T.);
#1446=ADVANCED_FACE('',(#129),#1385,.F.);
#1447=ADVANCED_FACE('',(#130),#1386,.F.);
#1448=ADVANCED_FACE('',(#131),#1387,.F.);
#1449=ADVANCED_FACE('',(#132),#61,.T.);
#1450=ADVANCED_FACE('',(#133),#62,.T.);
#1451=ADVANCED_FACE('',(#134),#63,.T.);
#1452=ADVANCED_FACE('',(#135),#1388,.F.);
#1453=ADVANCED_FACE('',(#136),#64,.T.);
#1454=ADVANCED_FACE('',(#137),#1389,.F.);
#1455=ADVANCED_FACE('',(#138),#65,.T.);
#1456=ADVANCED_FACE('',(#139),#66,.T.);
#1457=ADVANCED_FACE('',(#140),#67,.T.);
#1458=ADVANCED_FACE('',(#141),#68,.T.);
#1459=ADVANCED_FACE('',(#142),#69,.T.);
#1460=ADVANCED_FACE('',(#143),#70,.T.);
#1461=ADVANCED_FACE('',(#144),#71,.T.);
#1462=ADVANCED_FACE('',(#145,#24,#25,#26,#27,#28,#29),#72,.T.);
#1463=CLOSED_SHELL('',(#1390,#1391,#1392,#1393,#1394,#1395,#1396,#1397,
#1398,#1399,#1400,#1401,#1402,#1403,#1404,#1405,#1406,#1407,#1408,#1409,
#1410,#1411,#1412,#1413,#1414,#1415,#1416,#1417,#1418,#1419,#1420,#1421,
#1422,#1423,#1424,#1425,#1426,#1427,#1428,#1429,#1430,#1431,#1432,#1433,
#1434,#1435,#1436,#1437,#1438,#1439,#1440,#1441,#1442,#1443,#1444,#1445,
#1446,#1447,#1448,#1449,#1450,#1451,#1452,#1453,#1454,#1455,#1456,#1457,
#1458,#1459,#1460,#1461,#1462));
#1464=AXIS2_PLACEMENT_3D('',#2010,#1595,#1596);
#1465=AXIS2_PLACEMENT_3D('',#2011,#1597,#1598);
#1466=AXIS2_PLACEMENT_3D('',#2014,#1599,#1600);
#1467=AXIS2_PLACEMENT_3D('',#2018,#1602,#1603);
#1468=AXIS2_PLACEMENT_3D('',#2020,#1605,#1606);
#1469=AXIS2_PLACEMENT_3D('',#2023,#1607,#1608);
#1470=AXIS2_PLACEMENT_3D('',#2027,#1610,#1611);
#1471=AXIS2_PLACEMENT_3D('',#2029,#1613,#1614);
#1472=AXIS2_PLACEMENT_3D('',#2031,#1615,#1616);
#1473=AXIS2_PLACEMENT_3D('',#2033,#1617,#1618);
#1474=AXIS2_PLACEMENT_3D('',#2035,#1620,#1621);
#1475=AXIS2_PLACEMENT_3D('',#2038,#1624,#1625);
#1476=AXIS2_PLACEMENT_3D('',#2048,#1630,#1631);
#1477=AXIS2_PLACEMENT_3D('',#2050,#1632,#1633);
#1478=AXIS2_PLACEMENT_3D('',#2052,#1634,#1635);
#1479=AXIS2_PLACEMENT_3D('',#2058,#1638,#1639);
#1480=AXIS2_PLACEMENT_3D('',#2062,#1641,#1642);
#1481=AXIS2_PLACEMENT_3D('',#2065,#1644,#1645);
#1482=AXIS2_PLACEMENT_3D('',#2067,#1646,#1647);
#1483=AXIS2_PLACEMENT_3D('',#2069,#1648,#1649);
#1484=AXIS2_PLACEMENT_3D('',#2070,#1650,#1651);
#1485=AXIS2_PLACEMENT_3D('',#2074,#1654,#1655);
#1486=AXIS2_PLACEMENT_3D('',#2076,#1656,#1657);
#1487=AXIS2_PLACEMENT_3D('',#2078,#1659,#1660);
#1488=AXIS2_PLACEMENT_3D('',#2080,#1661,#1662);
#1489=AXIS2_PLACEMENT_3D('',#2082,#1664,#1665);
#1490=AXIS2_PLACEMENT_3D('',#2086,#1668,#1669);
#1491=AXIS2_PLACEMENT_3D('',#2089,#1671,#1672);
#1492=AXIS2_PLACEMENT_3D('',#2090,#1673,#1674);
#1493=AXIS2_PLACEMENT_3D('',#2094,#1677,#1678);
#1494=AXIS2_PLACEMENT_3D('',#2097,#1680,#1681);
#1495=AXIS2_PLACEMENT_3D('',#2098,#1682,#1683);
#1496=AXIS2_PLACEMENT_3D('',#2102,#1686,#1687);
#1497=AXIS2_PLACEMENT_3D('',#2103,#1688,#1689);
#1498=AXIS2_PLACEMENT_3D('',#2104,#1690,#1691);
#1499=AXIS2_PLACEMENT_3D('',#2107,#1693,#1694);
#1500=AXIS2_PLACEMENT_3D('',#2108,#1695,#1696);
#1501=AXIS2_PLACEMENT_3D('',#2111,#1698,#1699);
#1502=AXIS2_PLACEMENT_3D('',#2112,#1700,#1701);
#1503=AXIS2_PLACEMENT_3D('',#2115,#1703,#1704);
#1504=AXIS2_PLACEMENT_3D('',#2116,#1705,#1706);
#1505=AXIS2_PLACEMENT_3D('',#2121,#1708,#1709);
#1506=AXIS2_PLACEMENT_3D('',#2125,#1711,#1712);
#1507=AXIS2_PLACEMENT_3D('',#2129,#1714,#1715);
#1508=AXIS2_PLACEMENT_3D('',#2133,#1717,#1718);
#1509=AXIS2_PLACEMENT_3D('',#2141,#1723,#1724);
#1510=AXIS2_PLACEMENT_3D('',#2147,#1728,#1729);
#1511=AXIS2_PLACEMENT_3D('',#2151,#1732,#1733);
#1512=AXIS2_PLACEMENT_3D('',#2154,#1735,#1736);
#1513=AXIS2_PLACEMENT_3D('',#2155,#1737,#1738);
#1514=AXIS2_PLACEMENT_3D('',#2159,#1741,#1742);
#1515=AXIS2_PLACEMENT_3D('',#2162,#1744,#1745);
#1516=AXIS2_PLACEMENT_3D('',#2163,#1746,#1747);
#1517=AXIS2_PLACEMENT_3D('',#2167,#1750,#1751);
#1518=AXIS2_PLACEMENT_3D('',#2170,#1753,#1754);
#1519=AXIS2_PLACEMENT_3D('',#2171,#1755,#1756);
#1520=AXIS2_PLACEMENT_3D('',#2175,#1759,#1760);
#1521=AXIS2_PLACEMENT_3D('',#2178,#1762,#1763);
#1522=AXIS2_PLACEMENT_3D('',#2179,#1764,#1765);
#1523=AXIS2_PLACEMENT_3D('',#2184,#1767,#1768);
#1524=AXIS2_PLACEMENT_3D('',#2188,#1770,#1771);
#1525=AXIS2_PLACEMENT_3D('',#2192,#1773,#1774);
#1526=AXIS2_PLACEMENT_3D('',#2196,#1776,#1777);
#1527=AXIS2_PLACEMENT_3D('',#2204,#1782,#1783);
#1528=AXIS2_PLACEMENT_3D('',#2210,#1787,#1788);
#1529=AXIS2_PLACEMENT_3D('',#2214,#1791,#1792);
#1530=AXIS2_PLACEMENT_3D('',#2217,#1794,#1795);
#1531=AXIS2_PLACEMENT_3D('',#2218,#1796,#1797);
#1532=AXIS2_PLACEMENT_3D('',#2222,#1800,#1801);
#1533=AXIS2_PLACEMENT_3D('',#2225,#1803,#1804);
#1534=AXIS2_PLACEMENT_3D('',#2226,#1805,#1806);
#1535=AXIS2_PLACEMENT_3D('',#2230,#1809,#1810);
#1536=AXIS2_PLACEMENT_3D('',#2233,#1812,#1813);
#1537=AXIS2_PLACEMENT_3D('',#2234,#1814,#1815);
#1538=AXIS2_PLACEMENT_3D('',#2238,#1818,#1819);
#1539=AXIS2_PLACEMENT_3D('',#2241,#1821,#1822);
#1540=AXIS2_PLACEMENT_3D('',#2242,#1823,#1824);
#1541=AXIS2_PLACEMENT_3D('',#2245,#1825,#1826);
#1542=AXIS2_PLACEMENT_3D('',#2249,#1828,#1829);
#1543=AXIS2_PLACEMENT_3D('',#2253,#1831,#1832);
#1544=AXIS2_PLACEMENT_3D('',#2265,#1838,#1839);
#1545=AXIS2_PLACEMENT_3D('',#2267,#1841,#1842);
#1546=AXIS2_PLACEMENT_3D('',#2273,#1846,#1847);
#1547=AXIS2_PLACEMENT_3D('',#2277,#1850,#1851);
#1548=AXIS2_PLACEMENT_3D('',#2280,#1853,#1854);
#1549=AXIS2_PLACEMENT_3D('',#2281,#1855,#1856);
#1550=AXIS2_PLACEMENT_3D('',#2285,#1859,#1860);
#1551=AXIS2_PLACEMENT_3D('',#2288,#1862,#1863);
#1552=AXIS2_PLACEMENT_3D('',#2289,#1864,#1865);
#1553=AXIS2_PLACEMENT_3D('',#2293,#1868,#1869);
#1554=AXIS2_PLACEMENT_3D('',#2302,#1873,#1874);
#1555=AXIS2_PLACEMENT_3D('',#2306,#1876,#1877);
#1556=AXIS2_PLACEMENT_3D('',#2310,#1879,#1880);
#1557=AXIS2_PLACEMENT_3D('',#2314,#1882,#1883);
#1558=AXIS2_PLACEMENT_3D('',#2318,#1886,#1887);
#1559=AXIS2_PLACEMENT_3D('',#2324,#1891,#1892);
#1560=AXIS2_PLACEMENT_3D('',#2328,#1895,#1896);
#1561=AXIS2_PLACEMENT_3D('',#2331,#1898,#1899);
#1562=AXIS2_PLACEMENT_3D('',#2332,#1900,#1901);
#1563=AXIS2_PLACEMENT_3D('',#2336,#1904,#1905);
#1564=AXIS2_PLACEMENT_3D('',#2339,#1907,#1908);
#1565=AXIS2_PLACEMENT_3D('',#2340,#1909,#1910);
#1566=AXIS2_PLACEMENT_3D('',#2344,#1913,#1914);
#1567=AXIS2_PLACEMENT_3D('',#2347,#1916,#1917);
#1568=AXIS2_PLACEMENT_3D('',#2348,#1918,#1919);
#1569=AXIS2_PLACEMENT_3D('',#2352,#1922,#1923);
#1570=AXIS2_PLACEMENT_3D('',#2355,#1925,#1926);
#1571=AXIS2_PLACEMENT_3D('',#2356,#1927,#1928);
#1572=AXIS2_PLACEMENT_3D('',#2360,#1931,#1932);
#1573=AXIS2_PLACEMENT_3D('',#2364,#1935,#1936);
#1574=AXIS2_PLACEMENT_3D('',#2366,#1937,#1938);
#1575=AXIS2_PLACEMENT_3D('',#2368,#1940,#1941);
#1576=AXIS2_PLACEMENT_3D('',#2370,#1942,#1943);
#1577=AXIS2_PLACEMENT_3D('',#2372,#1945,#1946);
#1578=AXIS2_PLACEMENT_3D('',#2374,#1947,#1948);
#1579=AXIS2_PLACEMENT_3D('',#2376,#1950,#1951);
#1580=AXIS2_PLACEMENT_3D('',#2380,#1954,#1955);
#1581=AXIS2_PLACEMENT_3D('',#2386,#1959,#1960);
#1582=AXIS2_PLACEMENT_3D('',#2390,#1963,#1964);
#1583=AXIS2_PLACEMENT_3D('',#2392,#1965,#1966);
#1584=AXIS2_PLACEMENT_3D('',#2394,#1968,#1969);
#1585=AXIS2_PLACEMENT_3D('',#2398,#1972,#1973);
#1586=AXIS2_PLACEMENT_3D('',#2399,#1974,#1975);
#1587=AXIS2_PLACEMENT_3D('',#2400,#1976,#1977);
#1588=AXIS2_PLACEMENT_3D('',#2410,#1984,#1985);
#1589=AXIS2_PLACEMENT_3D('',#2414,#1988,#1989);
#1590=AXIS2_PLACEMENT_3D('',#2420,#1993,#1994);
#1591=AXIS2_PLACEMENT_3D('',#2422,#1996,#1997);
#1592=AXIS2_PLACEMENT_3D('',#2428,#2002,#2003);
#1593=AXIS2_PLACEMENT_3D('',#2430,#2005,#2006);
#1594=AXIS2_PLACEMENT_3D('',#2432,#2008,#2009);
#1595=DIRECTION('axis',(0.,0.,1.));
#1596=DIRECTION('refdir',(1.,0.,0.));
#1597=DIRECTION('center_axis',(0.,1.,0.));
#1598=DIRECTION('ref_axis',(0.,0.,-1.));
#1599=DIRECTION('center_axis',(0.,-1.,0.));
#1600=DIRECTION('ref_axis',(0.,0.,-1.));
#1601=DIRECTION('',(0.,1.,0.));
#1602=DIRECTION('center_axis',(0.,1.,0.));
#1603=DIRECTION('ref_axis',(0.,0.,-1.));
#1604=DIRECTION('',(0.,1.,0.));
#1605=DIRECTION('center_axis',(0.,1.,0.));
#1606=DIRECTION('ref_axis',(1.,0.,-1.11022302462516E-15));
#1607=DIRECTION('center_axis',(0.,1.,0.));
#1608=DIRECTION('ref_axis',(1.,0.,-1.11022302462516E-15));
#1609=DIRECTION('',(0.,-1.,0.));
#1610=DIRECTION('center_axis',(0.,-1.,0.));
#1611=DIRECTION('ref_axis',(1.,0.,-1.11022302462516E-15));
#1612=DIRECTION('',(0.,1.,0.));
#1613=DIRECTION('center_axis',(0.,1.,0.));
#1614=DIRECTION('ref_axis',(-1.,0.,1.11022302462516E-15));
#1615=DIRECTION('center_axis',(0.,-1.,0.));
#1616=DIRECTION('ref_axis',(-1.,0.,1.11022302462516E-15));
#1617=DIRECTION('center_axis',(0.,1.,0.));
#1618=DIRECTION('ref_axis',(-1.,0.,1.11022302462516E-15));
#1619=DIRECTION('',(0.,1.,0.));
#1620=DIRECTION('center_axis',(0.,0.,-1.));
#1621=DIRECTION('ref_axis',(-1.,0.,0.));
#1622=DIRECTION('',(1.,0.,0.));
#1623=DIRECTION('',(-1.,0.,0.));
#1624=DIRECTION('center_axis',(0.,1.,0.));
#1625=DIRECTION('ref_axis',(1.,0.,0.));
#1626=DIRECTION('',(9.86864910777917E-16,0.,-1.));
#1627=DIRECTION('',(1.,0.,3.22973970800046E-16));
#1628=DIRECTION('',(0.,0.,1.));
#1629=DIRECTION('',(-1.,0.,-4.03717463500057E-17));
#1630=DIRECTION('center_axis',(0.,1.,0.));
#1631=DIRECTION('ref_axis',(1.,0.,0.));
#1632=DIRECTION('center_axis',(0.,1.,0.));
#1633=DIRECTION('ref_axis',(1.,0.,0.));
#1634=DIRECTION('center_axis',(0.,1.,0.));
#1635=DIRECTION('ref_axis',(1.,0.,0.));
#1636=DIRECTION('',(-8.88178419700125E-16,0.,-1.));
#1637=DIRECTION('',(-1.,0.,0.));
#1638=DIRECTION('center_axis',(0.,1.,0.));
#1639=DIRECTION('ref_axis',(3.33066907387547E-15,0.,-1.));
#1640=DIRECTION('',(2.368475785867E-15,0.,1.));
#1641=DIRECTION('center_axis',(0.,1.,0.));
#1642=DIRECTION('ref_axis',(-1.,0.,6.66133814775092E-15));
#1643=DIRECTION('',(1.,0.,0.));
#1644=DIRECTION('center_axis',(0.,1.,0.));
#1645=DIRECTION('ref_axis',(2.22044604925031E-15,0.,1.));
#1646=DIRECTION('center_axis',(0.,1.,0.));
#1647=DIRECTION('ref_axis',(-1.,0.,0.));
#1648=DIRECTION('center_axis',(0.,1.,0.));
#1649=DIRECTION('ref_axis',(-1.,0.,0.));
#1650=DIRECTION('center_axis',(0.,0.,-1.));
#1651=DIRECTION('ref_axis',(-1.,0.,0.));
#1652=DIRECTION('',(1.,0.,0.));
#1653=DIRECTION('',(0.,1.,0.));
#1654=DIRECTION('center_axis',(0.,-1.,0.));
#1655=DIRECTION('ref_axis',(-1.,0.,0.));
#1656=DIRECTION('center_axis',(0.,-1.,0.));
#1657=DIRECTION('ref_axis',(-1.,0.,0.));
#1658=DIRECTION('',(0.,-1.,0.));
#1659=DIRECTION('center_axis',(0.,-1.,0.));
#1660=DIRECTION('ref_axis',(-1.,0.,0.));
#1661=DIRECTION('center_axis',(0.,-1.,0.));
#1662=DIRECTION('ref_axis',(-1.,0.,0.));
#1663=DIRECTION('',(0.,-1.,0.));
#1664=DIRECTION('center_axis',(1.,0.,-8.88178419700125E-16));
#1665=DIRECTION('ref_axis',(-8.88178419700125E-16,0.,-1.));
#1666=DIRECTION('',(0.,1.,0.));
#1667=DIRECTION('',(8.88178419700125E-16,0.,1.));
#1668=DIRECTION('center_axis',(0.,1.,0.));
#1669=DIRECTION('ref_axis',(2.22044604925031E-15,0.,1.));
#1670=DIRECTION('',(0.,1.,0.));
#1671=DIRECTION('center_axis',(0.,-1.,0.));
#1672=DIRECTION('ref_axis',(2.22044604925031E-15,0.,1.));
#1673=DIRECTION('center_axis',(0.,0.,1.));
#1674=DIRECTION('ref_axis',(1.,0.,0.));
#1675=DIRECTION('',(0.,1.,0.));
#1676=DIRECTION('',(-1.,0.,0.));
#1677=DIRECTION('center_axis',(0.,1.,0.));
#1678=DIRECTION('ref_axis',(-1.,0.,6.66133814775092E-15));
#1679=DIRECTION('',(0.,1.,0.));
#1680=DIRECTION('center_axis',(0.,-1.,0.));
#1681=DIRECTION('ref_axis',(-1.,0.,6.66133814775092E-15));
#1682=DIRECTION('center_axis',(-1.,0.,2.368475785867E-15));
#1683=DIRECTION('ref_axis',(2.368475785867E-15,0.,1.));
#1684=DIRECTION('',(0.,1.,0.));
#1685=DIRECTION('',(-2.368475785867E-15,0.,-1.));
#1686=DIRECTION('center_axis',(0.,1.,0.));
#1687=DIRECTION('ref_axis',(3.33066907387547E-15,0.,-1.));
#1688=DIRECTION('center_axis',(0.,-1.,0.));
#1689=DIRECTION('ref_axis',(3.33066907387547E-15,0.,-1.));
#1690=DIRECTION('center_axis',(0.,-1.,0.));
#1691=DIRECTION('ref_axis',(1.,0.,0.));
#1692=DIRECTION('',(0.707106781186548,0.707106781186548,-8.65956056235493E-17));
#1693=DIRECTION('center_axis',(0.,-1.,0.));
#1694=DIRECTION('ref_axis',(1.,0.,0.));
#1695=DIRECTION('center_axis',(0.,-1.,0.));
#1696=DIRECTION('ref_axis',(1.,0.,0.));
#1697=DIRECTION('',(0.707106781186548,0.707106781186548,-8.65956056235493E-17));
#1698=DIRECTION('center_axis',(0.,-1.,0.));
#1699=DIRECTION('ref_axis',(1.,0.,0.));
#1700=DIRECTION('center_axis',(0.,-1.,0.));
#1701=DIRECTION('ref_axis',(1.,0.,0.));
#1702=DIRECTION('',(0.707106781186548,0.707106781186548,-8.65956056235493E-17));
#1703=DIRECTION('center_axis',(0.,-1.,0.));
#1704=DIRECTION('ref_axis',(1.,0.,0.));
#1705=DIRECTION('center_axis',(0.,1.,0.));
#1706=DIRECTION('ref_axis',(1.,0.,0.));
#1707=DIRECTION('',(3.55271367880036E-14,0.,1.));
#1708=DIRECTION('center_axis',(0.,-1.,0.));
#1709=DIRECTION('ref_axis',(1.,0.,-8.88178419700113E-15));
#1710=DIRECTION('',(1.,0.,9.25185853854355E-16));
#1711=DIRECTION('center_axis',(0.,-1.,0.));
#1712=DIRECTION('ref_axis',(0.,0.,-1.));
#1713=DIRECTION('',(9.8686491077791E-15,0.,-1.));
#1714=DIRECTION('center_axis',(0.,-1.,0.));
#1715=DIRECTION('ref_axis',(-1.,0.,-2.22044604925032E-15));
#1716=DIRECTION('',(-1.,0.,-7.40148683083437E-15));
#1717=DIRECTION('center_axis',(0.,-1.,0.));
#1718=DIRECTION('ref_axis',(0.,0.,1.));
#1719=DIRECTION('',(0.,0.,1.));
#1720=DIRECTION('',(-1.,0.,0.));
#1721=DIRECTION('',(9.86864910777917E-16,0.,-1.));
#1722=DIRECTION('',(1.,0.,8.88178419700128E-15));
#1723=DIRECTION('center_axis',(0.,0.,-1.));
#1724=DIRECTION('ref_axis',(-1.,0.,0.));
#1725=DIRECTION('',(0.,1.,0.));
#1726=DIRECTION('',(-1.,0.,0.));
#1727=DIRECTION('',(0.,1.,0.));
#1728=DIRECTION('center_axis',(-1.,0.,0.));
#1729=DIRECTION('ref_axis',(0.,0.,1.));
#1730=DIRECTION('',(0.,1.,0.));
#1731=DIRECTION('',(0.,0.,1.));
#1732=DIRECTION('center_axis',(0.,1.,0.));
#1733=DIRECTION('ref_axis',(0.,0.,1.));
#1734=DIRECTION('',(0.,1.,0.));
#1735=DIRECTION('center_axis',(0.,-1.,0.));
#1736=DIRECTION('ref_axis',(0.,0.,1.));
#1737=DIRECTION('center_axis',(7.40148683083437E-15,0.,-1.));
#1738=DIRECTION('ref_axis',(-1.,0.,-7.40148683083437E-15));
#1739=DIRECTION('',(0.,1.,0.));
#1740=DIRECTION('',(-1.,0.,-7.40148683083437E-15));
#1741=DIRECTION('center_axis',(0.,1.,0.));
#1742=DIRECTION('ref_axis',(-1.,0.,-2.22044604925032E-15));
#1743=DIRECTION('',(0.,1.,0.));
#1744=DIRECTION('center_axis',(0.,-1.,0.));
#1745=DIRECTION('ref_axis',(-1.,0.,-2.22044604925032E-15));
#1746=DIRECTION('center_axis',(1.,0.,9.8686491077791E-15));
#1747=DIRECTION('ref_axis',(9.8686491077791E-15,0.,-1.));
#1748=DIRECTION('',(0.,1.,0.));
#1749=DIRECTION('',(9.8686491077791E-15,0.,-1.));
#1750=DIRECTION('center_axis',(0.,1.,0.));
#1751=DIRECTION('ref_axis',(0.,0.,-1.));
#1752=DIRECTION('',(0.,1.,0.));
#1753=DIRECTION('center_axis',(0.,-1.,0.));
#1754=DIRECTION('ref_axis',(0.,0.,-1.));
#1755=DIRECTION('center_axis',(-9.25185853854355E-16,0.,1.));
#1756=DIRECTION('ref_axis',(1.,0.,9.25185853854355E-16));
#1757=DIRECTION('',(0.,1.,0.));
#1758=DIRECTION('',(1.,0.,9.25185853854355E-16));
#1759=DIRECTION('center_axis',(0.,1.,0.));
#1760=DIRECTION('ref_axis',(1.,0.,-8.88178419700113E-15));
#1761=DIRECTION('',(0.,1.,0.));
#1762=DIRECTION('center_axis',(0.,-1.,0.));
#1763=DIRECTION('ref_axis',(1.,0.,-8.88178419700113E-15));
#1764=DIRECTION('center_axis',(0.,1.,0.));
#1765=DIRECTION('ref_axis',(1.,0.,0.));
#1766=DIRECTION('',(2.66453525910034E-14,0.,-1.));
#1767=DIRECTION('center_axis',(0.,-1.,0.));
#1768=DIRECTION('ref_axis',(-1.,0.,8.88178419700138E-15));
#1769=DIRECTION('',(-1.,0.,-1.11022302462522E-14));
#1770=DIRECTION('center_axis',(0.,-1.,0.));
#1771=DIRECTION('ref_axis',(-2.22044604925032E-15,0.,1.));
#1772=DIRECTION('',(-5.55111512312576E-15,0.,1.));
#1773=DIRECTION('center_axis',(0.,-1.,0.));
#1774=DIRECTION('ref_axis',(1.,0.,0.));
#1775=DIRECTION('',(1.,0.,3.70074341541717E-15));
#1776=DIRECTION('center_axis',(0.,-1.,0.));
#1777=DIRECTION('ref_axis',(-4.44089209850064E-15,0.,-1.));
#1778=DIRECTION('',(-8.88178419700113E-15,0.,-1.));
#1779=DIRECTION('',(1.,0.,0.));
#1780=DIRECTION('',(0.,0.,1.));
#1781=DIRECTION('',(-1.,0.,-8.88178419700123E-15));
#1782=DIRECTION('center_axis',(0.,0.,1.));
#1783=DIRECTION('ref_axis',(1.,0.,0.));
#1784=DIRECTION('',(0.,1.,0.));
#1785=DIRECTION('',(1.,0.,0.));
#1786=DIRECTION('',(0.,1.,0.));
#1787=DIRECTION('center_axis',(1.,0.,-8.88178419700113E-15));
#1788=DIRECTION('ref_axis',(-8.88178419700113E-15,0.,-1.));
#1789=DIRECTION('',(0.,1.,0.));
#1790=DIRECTION('',(-8.88178419700113E-15,0.,-1.));
#1791=DIRECTION('center_axis',(0.,1.,0.));
#1792=DIRECTION('ref_axis',(-4.44089209850064E-15,0.,-1.));
#1793=DIRECTION('',(0.,1.,0.));
#1794=DIRECTION('center_axis',(0.,-1.,0.));
#1795=DIRECTION('ref_axis',(-4.44089209850064E-15,0.,-1.));
#1796=DIRECTION('center_axis',(-3.70074341541717E-15,0.,1.));
#1797=DIRECTION('ref_axis',(1.,0.,3.70074341541717E-15));
#1798=DIRECTION('',(0.,1.,0.));
#1799=DIRECTION('',(1.,0.,3.70074341541717E-15));
#1800=DIRECTION('center_axis',(0.,1.,0.));
#1801=DIRECTION('ref_axis',(1.,0.,0.));
#1802=DIRECTION('',(0.,1.,0.));
#1803=DIRECTION('center_axis',(0.,-1.,0.));
#1804=DIRECTION('ref_axis',(1.,0.,0.));
#1805=DIRECTION('center_axis',(-1.,0.,-5.55111512312576E-15));
#1806=DIRECTION('ref_axis',(-5.55111512312576E-15,0.,1.));
#1807=DIRECTION('',(0.,1.,0.));
#1808=DIRECTION('',(-5.55111512312576E-15,0.,1.));
#1809=DIRECTION('center_axis',(0.,1.,0.));
#1810=DIRECTION('ref_axis',(-2.22044604925032E-15,0.,1.));
#1811=DIRECTION('',(0.,1.,0.));
#1812=DIRECTION('center_axis',(0.,-1.,0.));
#1813=DIRECTION('ref_axis',(-2.22044604925032E-15,0.,1.));
#1814=DIRECTION('center_axis',(1.11022302462522E-14,0.,-1.));
#1815=DIRECTION('ref_axis',(-1.,0.,-1.11022302462522E-14));
#1816=DIRECTION('',(0.,1.,0.));
#1817=DIRECTION('',(-1.,0.,-1.11022302462522E-14));
#1818=DIRECTION('center_axis',(0.,1.,0.));
#1819=DIRECTION('ref_axis',(-1.,0.,8.88178419700138E-15));
#1820=DIRECTION('',(0.,1.,0.));
#1821=DIRECTION('center_axis',(0.,-1.,0.));
#1822=DIRECTION('ref_axis',(-1.,0.,8.88178419700138E-15));
#1823=DIRECTION('center_axis',(0.,1.,0.));
#1824=DIRECTION('ref_axis',(1.,0.,0.));
#1825=DIRECTION('center_axis',(0.,-1.,0.));
#1826=DIRECTION('ref_axis',(0.,0.,-1.));
#1827=DIRECTION('',(0.,0.,-1.));
#1828=DIRECTION('center_axis',(0.,-1.,0.));
#1829=DIRECTION('ref_axis',(-1.,0.,0.));
#1830=DIRECTION('',(-1.,0.,3.70074341541736E-15));
#1831=DIRECTION('center_axis',(0.,-1.,0.));
#1832=DIRECTION('ref_axis',(0.,0.,1.));
#1833=DIRECTION('',(3.55271367880045E-14,0.,1.));
#1834=DIRECTION('',(-1.,0.,8.88178419700124E-15));
#1835=DIRECTION('',(9.86864910777917E-16,0.,-1.));
#1836=DIRECTION('',(1.,0.,0.));
#1837=DIRECTION('',(0.,0.,1.));
#1838=DIRECTION('center_axis',(0.,-1.,0.));
#1839=DIRECTION('ref_axis',(1.,0.,0.));
#1840=DIRECTION('',(1.,0.,0.));
#1841=DIRECTION('center_axis',(-8.88178419700124E-15,0.,-1.));
#1842=DIRECTION('ref_axis',(-1.,0.,8.88178419700124E-15));
#1843=DIRECTION('',(0.,1.,0.));
#1844=DIRECTION('',(-1.,0.,8.88178419700124E-15));
#1845=DIRECTION('',(0.,1.,0.));
#1846=DIRECTION('center_axis',(-1.,0.,3.55271367880045E-14));
#1847=DIRECTION('ref_axis',(3.55271367880045E-14,0.,1.));
#1848=DIRECTION('',(0.,1.,0.));
#1849=DIRECTION('',(3.55271367880045E-14,0.,1.));
#1850=DIRECTION('center_axis',(0.,1.,0.));
#1851=DIRECTION('ref_axis',(0.,0.,1.));
#1852=DIRECTION('',(0.,1.,0.));
#1853=DIRECTION('center_axis',(0.,-1.,0.));
#1854=DIRECTION('ref_axis',(0.,0.,1.));
#1855=DIRECTION('center_axis',(-3.70074341541736E-15,0.,-1.));
#1856=DIRECTION('ref_axis',(-1.,0.,3.70074341541736E-15));
#1857=DIRECTION('',(0.,1.,0.));
#1858=DIRECTION('',(-1.,0.,3.70074341541736E-15));
#1859=DIRECTION('center_axis',(0.,1.,0.));
#1860=DIRECTION('ref_axis',(-1.,0.,0.));
#1861=DIRECTION('',(0.,1.,0.));
#1862=DIRECTION('center_axis',(0.,-1.,0.));
#1863=DIRECTION('ref_axis',(-1.,0.,0.));
#1864=DIRECTION('center_axis',(1.,0.,0.));
#1865=DIRECTION('ref_axis',(0.,0.,-1.));
#1866=DIRECTION('',(0.,1.,0.));
#1867=DIRECTION('',(0.,0.,-1.));
#1868=DIRECTION('center_axis',(0.,1.,0.));
#1869=DIRECTION('ref_axis',(1.,0.,0.));
#1870=DIRECTION('',(0.,0.,1.));
#1871=DIRECTION('',(-1.,0.,-6.96806465112422E-16));
#1872=DIRECTION('',(-2.66453525910036E-14,0.,-1.));
#1873=DIRECTION('center_axis',(0.,-1.,0.));
#1874=DIRECTION('ref_axis',(-1.,0.,-1.55431223447522E-14));
#1875=DIRECTION('',(-1.,0.,8.32667268468869E-15));
#1876=DIRECTION('center_axis',(0.,-1.,0.));
#1877=DIRECTION('ref_axis',(4.44089209850065E-15,0.,1.));
#1878=DIRECTION('',(-1.23358113847239E-15,0.,1.));
#1879=DIRECTION('center_axis',(0.,-1.,0.));
#1880=DIRECTION('ref_axis',(1.,0.,-4.44089209850062E-15));
#1881=DIRECTION('',(1.,0.,0.));
#1882=DIRECTION('center_axis',(0.,-1.,0.));
#1883=DIRECTION('ref_axis',(1.77635683940026E-14,0.,-1.));
#1884=DIRECTION('',(5.32907051820053E-14,0.,-1.));
#1885=DIRECTION('',(1.,0.,-7.77156117237609E-15));
#1886=DIRECTION('center_axis',(7.77156117237609E-15,0.,1.));
#1887=DIRECTION('ref_axis',(1.,0.,-7.77156117237609E-15));
#1888=DIRECTION('',(0.,1.,0.));
#1889=DIRECTION('',(1.,0.,-7.77156117237609E-15));
#1890=DIRECTION('',(0.,1.,0.));
#1891=DIRECTION('center_axis',(1.,0.,5.32907051820053E-14));
#1892=DIRECTION('ref_axis',(5.32907051820053E-14,0.,-1.));
#1893=DIRECTION('',(0.,1.,0.));
#1894=DIRECTION('',(5.32907051820053E-14,0.,-1.));
#1895=DIRECTION('center_axis',(0.,1.,0.));
#1896=DIRECTION('ref_axis',(1.77635683940026E-14,0.,-1.));
#1897=DIRECTION('',(0.,1.,0.));
#1898=DIRECTION('center_axis',(0.,-1.,0.));
#1899=DIRECTION('ref_axis',(1.77635683940026E-14,0.,-1.));
#1900=DIRECTION('center_axis',(0.,0.,1.));
#1901=DIRECTION('ref_axis',(1.,0.,0.));
#1902=DIRECTION('',(0.,1.,0.));
#1903=DIRECTION('',(1.,0.,0.));
#1904=DIRECTION('center_axis',(0.,1.,0.));
#1905=DIRECTION('ref_axis',(1.,0.,-4.44089209850062E-15));
#1906=DIRECTION('',(0.,1.,0.));
#1907=DIRECTION('center_axis',(0.,-1.,0.));
#1908=DIRECTION('ref_axis',(1.,0.,-4.44089209850062E-15));
#1909=DIRECTION('center_axis',(-1.,0.,-1.23358113847239E-15));
#1910=DIRECTION('ref_axis',(-1.23358113847239E-15,0.,1.));
#1911=DIRECTION('',(0.,1.,0.));
#1912=DIRECTION('',(-1.23358113847239E-15,0.,1.));
#1913=DIRECTION('center_axis',(0.,1.,0.));
#1914=DIRECTION('ref_axis',(4.44089209850065E-15,0.,1.));
#1915=DIRECTION('',(0.,1.,0.));
#1916=DIRECTION('center_axis',(0.,-1.,0.));
#1917=DIRECTION('ref_axis',(4.44089209850065E-15,0.,1.));
#1918=DIRECTION('center_axis',(-8.32667268468869E-15,0.,-1.));
#1919=DIRECTION('ref_axis',(-1.,0.,8.32667268468869E-15));
#1920=DIRECTION('',(0.,1.,0.));
#1921=DIRECTION('',(-1.,0.,8.32667268468869E-15));
#1922=DIRECTION('center_axis',(0.,1.,0.));
#1923=DIRECTION('ref_axis',(-1.,0.,-1.55431223447522E-14));
#1924=DIRECTION('',(0.,1.,0.));
#1925=DIRECTION('center_axis',(0.,-1.,0.));
#1926=DIRECTION('ref_axis',(-1.,0.,-1.55431223447522E-14));
#1927=DIRECTION('center_axis',(1.,0.,-2.66453525910036E-14));
#1928=DIRECTION('ref_axis',(-2.66453525910036E-14,0.,-1.));
#1929=DIRECTION('',(0.,1.,0.));
#1930=DIRECTION('',(-2.66453525910036E-14,0.,-1.));
#1931=DIRECTION('center_axis',(6.96806465112422E-16,0.,-1.));
#1932=DIRECTION('ref_axis',(-1.,0.,-6.96806465112422E-16));
#1933=DIRECTION('',(0.,1.,0.));
#1934=DIRECTION('',(-1.,0.,-6.96806465112422E-16));
#1935=DIRECTION('center_axis',(0.,1.,0.));
#1936=DIRECTION('ref_axis',(1.,0.,0.));
#1937=DIRECTION('center_axis',(0.,-1.,0.));
#1938=DIRECTION('ref_axis',(1.,0.,0.));
#1939=DIRECTION('',(0.,-1.,0.));
#1940=DIRECTION('center_axis',(0.,1.,0.));
#1941=DIRECTION('ref_axis',(1.,0.,0.));
#1942=DIRECTION('center_axis',(0.,-1.,0.));
#1943=DIRECTION('ref_axis',(1.,0.,0.));
#1944=DIRECTION('',(0.,-1.,0.));
#1945=DIRECTION('center_axis',(0.,1.,0.));
#1946=DIRECTION('ref_axis',(1.,0.,0.));
#1947=DIRECTION('center_axis',(0.,-1.,0.));
#1948=DIRECTION('ref_axis',(1.,0.,0.));
#1949=DIRECTION('',(0.,-1.,0.));
#1950=DIRECTION('center_axis',(-1.,0.,3.55271367880036E-14));
#1951=DIRECTION('ref_axis',(3.55271367880036E-14,0.,1.));
#1952=DIRECTION('',(0.,1.,0.));
#1953=DIRECTION('',(3.55271367880036E-14,0.,1.));
#1954=DIRECTION('center_axis',(0.,0.,1.));
#1955=DIRECTION('ref_axis',(1.,0.,0.));
#1956=DIRECTION('',(0.,1.,0.));
#1957=DIRECTION('',(1.,0.,0.));
#1958=DIRECTION('',(0.,1.,0.));
#1959=DIRECTION('center_axis',(-1.,0.,0.));
#1960=DIRECTION('ref_axis',(0.,0.,1.));
#1961=DIRECTION('',(0.,0.,1.));
#1962=DIRECTION('',(0.,1.,0.));
#1963=DIRECTION('center_axis',(0.,1.,0.));
#1964=DIRECTION('ref_axis',(1.,0.,0.));
#1965=DIRECTION('center_axis',(0.,-1.,0.));
#1966=DIRECTION('ref_axis',(1.,0.,0.));
#1967=DIRECTION('',(0.,1.,0.));
#1968=DIRECTION('center_axis',(0.,0.,1.));
#1969=DIRECTION('ref_axis',(1.,0.,0.));
#1970=DIRECTION('',(1.,0.,0.));
#1971=DIRECTION('',(0.,1.,0.));
#1972=DIRECTION('center_axis',(0.,1.,0.));
#1973=DIRECTION('ref_axis',(0.,0.,-1.));
#1974=DIRECTION('center_axis',(0.,-1.,0.));
#1975=DIRECTION('ref_axis',(0.,0.,-1.));
#1976=DIRECTION('center_axis',(1.,0.,9.86864910777917E-16));
#1977=DIRECTION('ref_axis',(9.86864910777917E-16,0.,-1.));
#1978=DIRECTION('',(0.,1.,0.));
#1979=DIRECTION('',(9.86864910777917E-16,0.,-1.));
#1980=DIRECTION('',(0.,1.,0.));
#1981=DIRECTION('',(9.86864910777917E-16,0.,-1.));
#1982=DIRECTION('',(9.86864910777917E-16,0.,-1.));
#1983=DIRECTION('',(0.,1.,0.));
#1984=DIRECTION('center_axis',(-3.22973970800046E-16,0.,1.));
#1985=DIRECTION('ref_axis',(1.,0.,3.22973970800046E-16));
#1986=DIRECTION('',(1.,0.,3.22973970800046E-16));
#1987=DIRECTION('',(0.,1.,0.));
#1988=DIRECTION('center_axis',(8.88178419700123E-15,0.,-1.));
#1989=DIRECTION('ref_axis',(-1.,0.,-8.88178419700123E-15));
#1990=DIRECTION('',(0.,1.,0.));
#1991=DIRECTION('',(-1.,0.,-8.88178419700123E-15));
#1992=DIRECTION('',(0.,1.,0.));
#1993=DIRECTION('center_axis',(1.,0.,2.66453525910034E-14));
#1994=DIRECTION('ref_axis',(2.66453525910034E-14,0.,-1.));
#1995=DIRECTION('',(2.66453525910034E-14,0.,-1.));
#1996=DIRECTION('center_axis',(-1.,0.,0.));
#1997=DIRECTION('ref_axis',(0.,0.,1.));
#1998=DIRECTION('',(0.,0.,1.));
#1999=DIRECTION('',(0.,0.,1.));
#2000=DIRECTION('',(0.,0.,1.));
#2001=DIRECTION('',(0.,1.,0.));
#2002=DIRECTION('center_axis',(4.03717463500057E-17,0.,-1.));
#2003=DIRECTION('ref_axis',(-1.,0.,-4.03717463500057E-17));
#2004=DIRECTION('',(-1.,0.,-4.03717463500057E-17));
#2005=DIRECTION('center_axis',(-8.88178419700128E-15,0.,1.));
#2006=DIRECTION('ref_axis',(1.,0.,8.88178419700128E-15));
#2007=DIRECTION('',(1.,0.,8.88178419700128E-15));
#2008=DIRECTION('center_axis',(0.,1.,0.));
#2009=DIRECTION('ref_axis',(1.,0.,0.));
#2010=CARTESIAN_POINT('',(0.,0.,0.));
#2011=CARTESIAN_POINT('Origin',(29.5000003278259,0.,17.6474125202911));
#2012=CARTESIAN_POINT('',(29.5000003278259,7.,15.6474125202911));
#2013=CARTESIAN_POINT('',(31.5000003278259,7.,17.6474125202911));
#2014=CARTESIAN_POINT('Origin',(29.5000003278259,7.,17.6474125202911));
#2015=CARTESIAN_POINT('',(29.5000003278259,0.,15.6474125202911));
#2016=CARTESIAN_POINT('',(29.5000003278259,0.,15.6474125202911));
#2017=CARTESIAN_POINT('',(31.5000003278259,0.,17.6474125202911));
#2018=CARTESIAN_POINT('Origin',(29.5000003278259,0.,17.6474125202911));
#2019=CARTESIAN_POINT('',(31.5000003278259,0.,17.6474125202911));
#2020=CARTESIAN_POINT('Origin',(23.9234979617932,0.,17.6474125202911));
#2021=CARTESIAN_POINT('',(23.9234979617932,7.,19.6474125202911));
#2022=CARTESIAN_POINT('',(25.9234979617932,7.,17.6474125202911));
#2023=CARTESIAN_POINT('Origin',(23.9234979617932,7.,17.6474125202911));
#2024=CARTESIAN_POINT('',(23.9234979617932,0.,19.6474125202911));
#2025=CARTESIAN_POINT('',(23.9234979617932,0.,19.6474125202911));
#2026=CARTESIAN_POINT('',(25.9234979617932,0.,17.6474125202911));
#2027=CARTESIAN_POINT('Origin',(23.9234979617932,0.,17.6474125202911));
#2028=CARTESIAN_POINT('',(25.9234979617932,0.,17.6474125202911));
#2029=CARTESIAN_POINT('Origin',(27.9234979617932,0.,17.6474125202911));
#2030=CARTESIAN_POINT('',(27.9234979617932,7.,15.6474125202911));
#2031=CARTESIAN_POINT('Origin',(27.9234979617932,7.,17.6474125202911));
#2032=CARTESIAN_POINT('',(27.9234979617932,0.,15.6474125202911));
#2033=CARTESIAN_POINT('Origin',(27.9234979617932,0.,17.6474125202911));
#2034=CARTESIAN_POINT('',(27.9234979617932,0.,15.6474125202911));
#2035=CARTESIAN_POINT('Origin',(29.5000003278259,0.,15.6474125202911));
#2036=CARTESIAN_POINT('',(32.5000003278259,7.,15.6474125202911));
#2037=CARTESIAN_POINT('',(32.5000003278259,0.,15.6474125202911));
#2038=CARTESIAN_POINT('Origin',(35.5000003278259,0.,30.1474125202911));
#2039=CARTESIAN_POINT('',(63.0000003278259,0.,52.6474125202911));
#2040=CARTESIAN_POINT('',(63.0000003278259,0.,7.64741252029106));
#2041=CARTESIAN_POINT('',(63.0000003278259,0.,52.6474125202911));
#2042=CARTESIAN_POINT('',(8.00000032782589,0.,52.6474125202911));
#2043=CARTESIAN_POINT('',(8.00000032782589,0.,52.6474125202911));
#2044=CARTESIAN_POINT('',(8.00000032782589,0.,7.64741252029106));
#2045=CARTESIAN_POINT('',(8.00000032782589,0.,7.64741252029106));
#2046=CARTESIAN_POINT('',(63.0000003278259,0.,7.64741252029106));
#2047=CARTESIAN_POINT('',(20.0000003278254,0.,47.6474125202911));
#2048=CARTESIAN_POINT('Origin',(22.0000003278254,0.,47.6474125202911));
#2049=CARTESIAN_POINT('',(20.0000003278254,0.,12.6474125202911));
#2050=CARTESIAN_POINT('Origin',(22.0000003278254,0.,12.6474125202911));
#2051=CARTESIAN_POINT('',(51.0000003278259,0.,30.1474125202911));
#2052=CARTESIAN_POINT('Origin',(53.0000003278259,0.,30.1474125202911));
#2053=CARTESIAN_POINT('',(31.5000003278259,0.,36.6474125202911));
#2054=CARTESIAN_POINT('',(31.5000003278259,0.,33.3974125202911));
#2055=CARTESIAN_POINT('',(16.5000003278259,0.,19.6474125202911));
#2056=CARTESIAN_POINT('',(32.5000003278259,0.,19.6474125202911));
#2057=CARTESIAN_POINT('',(14.5000003278259,0.,21.6474125202911));
#2058=CARTESIAN_POINT('Origin',(16.5000003278259,0.,21.6474125202911));
#2059=CARTESIAN_POINT('',(14.5000003278259,0.,36.6474125202911));
#2060=CARTESIAN_POINT('',(14.5000003278259,0.,25.8974125202911));
#2061=CARTESIAN_POINT('',(16.5000003278259,0.,38.6474125202911));
#2062=CARTESIAN_POINT('Origin',(16.5000003278259,0.,36.6474125202911));
#2063=CARTESIAN_POINT('',(29.5000003278259,0.,38.6474125202911));
#2064=CARTESIAN_POINT('',(26.0000003278259,0.,38.6474125202911));
#2065=CARTESIAN_POINT('Origin',(29.5000003278259,0.,36.6474125202911));
#2066=CARTESIAN_POINT('',(35.2500003278259,0.,21.8140791869577));
#2067=CARTESIAN_POINT('Origin',(34.0000003278259,0.,21.8140791869577));
#2068=CARTESIAN_POINT('',(13.2500003278259,0.,36.4807458536244));
#2069=CARTESIAN_POINT('Origin',(12.0000003278259,0.,36.4807458536244));
#2070=CARTESIAN_POINT('Origin',(29.5000003278259,0.,19.6474125202911));
#2071=CARTESIAN_POINT('',(16.5000003278259,7.,19.6474125202911));
#2072=CARTESIAN_POINT('',(26.0000003278259,7.,19.6474125202911));
#2073=CARTESIAN_POINT('',(16.5000003278259,0.,19.6474125202911));
#2074=CARTESIAN_POINT('Origin',(12.0000003278259,7.,36.4807458536244));
#2075=CARTESIAN_POINT('',(13.2500003278259,7.,36.4807458536244));
#2076=CARTESIAN_POINT('Origin',(12.0000003278259,7.,36.4807458536244));
#2077=CARTESIAN_POINT('',(13.2500003278259,7.,36.4807458536244));
#2078=CARTESIAN_POINT('Origin',(34.0000003278259,7.,21.8140791869577));
#2079=CARTESIAN_POINT('',(35.2500003278259,7.,21.8140791869577));
#2080=CARTESIAN_POINT('Origin',(34.0000003278259,7.,21.8140791869577));
#2081=CARTESIAN_POINT('',(35.2500003278259,7.,21.8140791869577));
#2082=CARTESIAN_POINT('Origin',(31.5000003278259,0.,36.6474125202911));
#2083=CARTESIAN_POINT('',(31.5000003278259,7.,36.6474125202911));
#2084=CARTESIAN_POINT('',(31.5000003278259,0.,36.6474125202911));
#2085=CARTESIAN_POINT('',(31.5000003278259,7.,25.8974125202911));
#2086=CARTESIAN_POINT('Origin',(29.5000003278259,0.,36.6474125202911));
#2087=CARTESIAN_POINT('',(29.5000003278259,7.,38.6474125202911));
#2088=CARTESIAN_POINT('',(29.5000003278259,0.,38.6474125202911));
#2089=CARTESIAN_POINT('Origin',(29.5000003278259,7.,36.6474125202911));
#2090=CARTESIAN_POINT('Origin',(16.5000003278259,0.,38.6474125202911));
#2091=CARTESIAN_POINT('',(16.5000003278259,7.,38.6474125202911));
#2092=CARTESIAN_POINT('',(16.5000003278259,0.,38.6474125202911));
#2093=CARTESIAN_POINT('',(32.5000003278259,7.,38.6474125202911));
#2094=CARTESIAN_POINT('Origin',(16.5000003278259,0.,36.6474125202911));
#2095=CARTESIAN_POINT('',(14.5000003278259,7.,36.6474125202911));
#2096=CARTESIAN_POINT('',(14.5000003278259,0.,36.6474125202911));
#2097=CARTESIAN_POINT('Origin',(16.5000003278259,7.,36.6474125202911));
#2098=CARTESIAN_POINT('Origin',(14.5000003278259,0.,21.6474125202911));
#2099=CARTESIAN_POINT('',(14.5000003278259,7.,21.647412520291));
#2100=CARTESIAN_POINT('',(14.5000003278259,0.,21.6474125202911));
#2101=CARTESIAN_POINT('',(14.5000003278259,7.,33.3974125202911));
#2102=CARTESIAN_POINT('Origin',(16.5000003278259,0.,21.6474125202911));
#2103=CARTESIAN_POINT('Origin',(16.5000003278259,7.,21.6474125202911));
#2104=CARTESIAN_POINT('Origin',(53.0000003278259,0.,30.1474125202911));
#2105=CARTESIAN_POINT('',(52.0000003278259,0.999999999999996,30.1474125202911));
#2106=CARTESIAN_POINT('',(51.0000003278259,0.,30.1474125202911));
#2107=CARTESIAN_POINT('Origin',(53.0000003278259,0.999999999999996,30.1474125202911));
#2108=CARTESIAN_POINT('Origin',(22.0000003278254,0.,12.6474125202911));
#2109=CARTESIAN_POINT('',(21.0000003278254,1.,12.6474125202911));
#2110=CARTESIAN_POINT('',(20.0000003278254,0.,12.6474125202911));
#2111=CARTESIAN_POINT('Origin',(22.0000003278254,1.,12.6474125202911));
#2112=CARTESIAN_POINT('Origin',(22.0000003278254,0.,47.6474125202911));
#2113=CARTESIAN_POINT('',(21.0000003278254,1.,47.6474125202911));
#2114=CARTESIAN_POINT('',(20.0000003278254,0.,47.6474125202911));
#2115=CARTESIAN_POINT('Origin',(22.0000003278254,1.,47.6474125202911));
#2116=CARTESIAN_POINT('Origin',(59.8000003278259,1.5,17.1474125202911));
#2117=CARTESIAN_POINT('',(61.0000003278259,1.5,15.3474125202911));
#2118=CARTESIAN_POINT('',(61.0000003278259,1.5,15.5974125202911));
#2119=CARTESIAN_POINT('',(61.0000003278259,1.5,16.2474125202911));
#2120=CARTESIAN_POINT('',(60.0000003278259,1.5,14.3474125202911));
#2121=CARTESIAN_POINT('Origin',(60.0000003278259,1.5,15.3474125202911));
#2122=CARTESIAN_POINT('',(57.600000327826,1.5,14.3474125202911));
#2123=CARTESIAN_POINT('',(58.700000327826,1.5,14.3474125202911));
#2124=CARTESIAN_POINT('',(56.600000327826,1.5,15.3474125202911));
#2125=CARTESIAN_POINT('Origin',(57.600000327826,1.5,15.3474125202911));
#2126=CARTESIAN_POINT('',(56.600000327826,1.5,18.9474125202911));
#2127=CARTESIAN_POINT('',(56.600000327826,1.5,18.0474125202911));
#2128=CARTESIAN_POINT('',(57.600000327826,1.5,19.9474125202911));
#2129=CARTESIAN_POINT('Origin',(57.600000327826,1.5,18.9474125202911));
#2130=CARTESIAN_POINT('',(60.000000327826,1.5,19.9474125202911));
#2131=CARTESIAN_POINT('',(59.900000327826,1.5,19.9474125202911));
#2132=CARTESIAN_POINT('',(61.000000327826,1.5,18.9474125202911));
#2133=CARTESIAN_POINT('Origin',(60.000000327826,1.5,18.9474125202911));
#2134=CARTESIAN_POINT('',(61.000000327826,1.5,18.6974125202911));
#2135=CARTESIAN_POINT('',(61.000000327826,1.5,17.9224125202911));
#2136=CARTESIAN_POINT('',(63.0000003278259,1.5,18.6974125202911));
#2137=CARTESIAN_POINT('',(61.4000003278259,1.5,18.6974125202911));
#2138=CARTESIAN_POINT('',(63.0000003278259,1.5,15.5974125202911));
#2139=CARTESIAN_POINT('',(63.0000003278259,1.5,52.6474125202911));
#2140=CARTESIAN_POINT('',(60.4000003278259,1.5,15.5974125202911));
#2141=CARTESIAN_POINT('Origin',(63.0000003278259,0.,18.6974125202911));
#2142=CARTESIAN_POINT('',(61.000000327826,7.,18.6974125202911));
#2143=CARTESIAN_POINT('',(61.000000327826,0.,18.6974125202911));
#2144=CARTESIAN_POINT('',(63.0000003278259,7.,18.6974125202911));
#2145=CARTESIAN_POINT('',(64.1866040125264,7.,18.6974125202911));
#2146=CARTESIAN_POINT('',(63.0000003278259,0.,18.6974125202911));
#2147=CARTESIAN_POINT('Origin',(61.000000327826,0.,18.6974125202911));
#2148=CARTESIAN_POINT('',(61.000000327826,7.,18.9474125202911));
#2149=CARTESIAN_POINT('',(61.000000327826,0.,18.9474125202911));
#2150=CARTESIAN_POINT('',(61.000000327826,7.,18.9474125202911));
#2151=CARTESIAN_POINT('Origin',(60.000000327826,0.,18.9474125202911));
#2152=CARTESIAN_POINT('',(60.000000327826,7.,19.9474125202911));
#2153=CARTESIAN_POINT('',(60.000000327826,0.,19.9474125202911));
#2154=CARTESIAN_POINT('Origin',(60.000000327826,7.,18.9474125202911));
#2155=CARTESIAN_POINT('Origin',(60.000000327826,0.,19.9474125202911));
#2156=CARTESIAN_POINT('',(57.600000327826,7.,19.9474125202911));
#2157=CARTESIAN_POINT('',(57.600000327826,0.,19.9474125202911));
#2158=CARTESIAN_POINT('',(57.600000327826,7.,19.9474125202911));
#2159=CARTESIAN_POINT('Origin',(57.600000327826,0.,18.9474125202911));
#2160=CARTESIAN_POINT('',(56.600000327826,7.,18.9474125202911));
#2161=CARTESIAN_POINT('',(56.600000327826,0.,18.9474125202911));
#2162=CARTESIAN_POINT('Origin',(57.600000327826,7.,18.9474125202911));
#2163=CARTESIAN_POINT('Origin',(56.600000327826,0.,18.9474125202911));
#2164=CARTESIAN_POINT('',(56.600000327826,7.,15.3474125202911));
#2165=CARTESIAN_POINT('',(56.600000327826,0.,15.3474125202911));
#2166=CARTESIAN_POINT('',(56.600000327826,7.,15.3474125202911));
#2167=CARTESIAN_POINT('Origin',(57.600000327826,0.,15.3474125202911));
#2168=CARTESIAN_POINT('',(57.600000327826,7.,14.3474125202911));
#2169=CARTESIAN_POINT('',(57.600000327826,0.,14.3474125202911));
#2170=CARTESIAN_POINT('Origin',(57.600000327826,7.,15.3474125202911));
#2171=CARTESIAN_POINT('Origin',(57.600000327826,0.,14.3474125202911));
#2172=CARTESIAN_POINT('',(60.0000003278259,7.,14.3474125202911));
#2173=CARTESIAN_POINT('',(60.0000003278259,0.,14.3474125202911));
#2174=CARTESIAN_POINT('',(60.0000003278259,7.,14.3474125202911));
#2175=CARTESIAN_POINT('Origin',(60.0000003278259,0.,15.3474125202911));
#2176=CARTESIAN_POINT('',(61.0000003278259,7.,15.3474125202911));
#2177=CARTESIAN_POINT('',(61.0000003278259,0.,15.3474125202911));
#2178=CARTESIAN_POINT('Origin',(60.0000003278259,7.,15.3474125202911));
#2179=CARTESIAN_POINT('Origin',(11.2000003278258,1.5,43.147412520291));
#2180=CARTESIAN_POINT('',(10.0000003278259,1.5,44.947412520291));
#2181=CARTESIAN_POINT('',(10.0000003278259,1.5,44.697412520291));
#2182=CARTESIAN_POINT('',(10.0000003278259,1.5,44.047412520291));
#2183=CARTESIAN_POINT('',(11.0000003278259,1.5,45.947412520291));
#2184=CARTESIAN_POINT('Origin',(11.0000003278259,1.5,44.947412520291));
#2185=CARTESIAN_POINT('',(13.4000003278258,1.5,45.9474125202911));
#2186=CARTESIAN_POINT('',(12.3000003278258,1.5,45.947412520291));
#2187=CARTESIAN_POINT('',(14.4000003278258,1.5,44.9474125202911));
#2188=CARTESIAN_POINT('Origin',(13.4000003278258,1.5,44.9474125202911));
#2189=CARTESIAN_POINT('',(14.4000003278258,1.5,41.347412520291));
#2190=CARTESIAN_POINT('',(14.4000003278258,1.5,42.2474125202911));
#2191=CARTESIAN_POINT('',(13.4000003278258,1.5,40.347412520291));
#2192=CARTESIAN_POINT('Origin',(13.4000003278258,1.5,41.347412520291));
#2193=CARTESIAN_POINT('',(11.0000003278258,1.5,40.347412520291));
#2194=CARTESIAN_POINT('',(11.1000003278258,1.5,40.347412520291));
#2195=CARTESIAN_POINT('',(10.0000003278258,1.5,41.347412520291));
#2196=CARTESIAN_POINT('Origin',(11.0000003278258,1.5,41.347412520291));
#2197=CARTESIAN_POINT('',(10.0000003278258,1.5,41.597412520291));
#2198=CARTESIAN_POINT('',(10.0000003278258,1.5,42.372412520291));
#2199=CARTESIAN_POINT('',(8.00000032782589,1.5,41.597412520291));
#2200=CARTESIAN_POINT('',(9.60000032782587,1.5,41.597412520291));
#2201=CARTESIAN_POINT('',(8.00000032782589,1.5,44.697412520291));
#2202=CARTESIAN_POINT('',(8.00000032782589,1.5,7.64741252029106));
#2203=CARTESIAN_POINT('',(10.6000003278259,1.5,44.6974125202911));
#2204=CARTESIAN_POINT('Origin',(8.00000032782589,0.,41.597412520291));
#2205=CARTESIAN_POINT('',(10.0000003278258,7.,41.597412520291));
#2206=CARTESIAN_POINT('',(10.0000003278258,0.,41.597412520291));
#2207=CARTESIAN_POINT('',(8.00000032782589,7.,41.597412520291));
#2208=CARTESIAN_POINT('',(6.81339664312538,7.,41.597412520291));
#2209=CARTESIAN_POINT('',(8.00000032782589,0.,41.597412520291));
#2210=CARTESIAN_POINT('Origin',(10.0000003278258,0.,41.597412520291));
#2211=CARTESIAN_POINT('',(10.0000003278258,7.,41.347412520291));
#2212=CARTESIAN_POINT('',(10.0000003278258,0.,41.347412520291));
#2213=CARTESIAN_POINT('',(10.0000003278258,7.,41.347412520291));
#2214=CARTESIAN_POINT('Origin',(11.0000003278258,0.,41.347412520291));
#2215=CARTESIAN_POINT('',(11.0000003278258,7.,40.347412520291));
#2216=CARTESIAN_POINT('',(11.0000003278258,0.,40.347412520291));
#2217=CARTESIAN_POINT('Origin',(11.0000003278258,7.,41.347412520291));
#2218=CARTESIAN_POINT('Origin',(11.0000003278258,0.,40.347412520291));
#2219=CARTESIAN_POINT('',(13.4000003278258,7.,40.347412520291));
#2220=CARTESIAN_POINT('',(13.4000003278258,0.,40.347412520291));
#2221=CARTESIAN_POINT('',(13.4000003278258,7.,40.347412520291));
#2222=CARTESIAN_POINT('Origin',(13.4000003278258,0.,41.347412520291));
#2223=CARTESIAN_POINT('',(14.4000003278258,7.,41.347412520291));
#2224=CARTESIAN_POINT('',(14.4000003278258,0.,41.347412520291));
#2225=CARTESIAN_POINT('Origin',(13.4000003278258,7.,41.347412520291));
#2226=CARTESIAN_POINT('Origin',(14.4000003278258,0.,41.347412520291));
#2227=CARTESIAN_POINT('',(14.4000003278258,7.,44.9474125202911));
#2228=CARTESIAN_POINT('',(14.4000003278258,0.,44.9474125202911));
#2229=CARTESIAN_POINT('',(14.4000003278258,7.,44.9474125202911));
#2230=CARTESIAN_POINT('Origin',(13.4000003278258,0.,44.9474125202911));
#2231=CARTESIAN_POINT('',(13.4000003278258,7.,45.9474125202911));
#2232=CARTESIAN_POINT('',(13.4000003278258,0.,45.9474125202911));
#2233=CARTESIAN_POINT('Origin',(13.4000003278258,7.,44.9474125202911));
#2234=CARTESIAN_POINT('Origin',(13.4000003278258,0.,45.9474125202911));
#2235=CARTESIAN_POINT('',(11.0000003278259,7.,45.947412520291));
#2236=CARTESIAN_POINT('',(11.0000003278259,0.,45.947412520291));
#2237=CARTESIAN_POINT('',(11.0000003278259,7.,45.947412520291));
#2238=CARTESIAN_POINT('Origin',(11.0000003278259,0.,44.947412520291));
#2239=CARTESIAN_POINT('',(10.0000003278259,7.,44.947412520291));
#2240=CARTESIAN_POINT('',(10.0000003278259,0.,44.947412520291));
#2241=CARTESIAN_POINT('Origin',(11.0000003278259,7.,44.947412520291));
#2242=CARTESIAN_POINT('Origin',(59.8000003278259,1.5,43.1474125202911));
#2243=CARTESIAN_POINT('',(56.600000327826,1.5,41.3474125202911));
#2244=CARTESIAN_POINT('',(57.600000327826,1.5,40.3474125202911));
#2245=CARTESIAN_POINT('Origin',(57.600000327826,1.5,41.3474125202911));
#2246=CARTESIAN_POINT('',(56.600000327826,1.5,44.9474125202911));
#2247=CARTESIAN_POINT('',(56.600000327826,1.5,44.0474125202911));
#2248=CARTESIAN_POINT('',(57.600000327826,1.5,45.9474125202911));
#2249=CARTESIAN_POINT('Origin',(57.600000327826,1.5,44.9474125202911));
#2250=CARTESIAN_POINT('',(60.0000003278259,1.5,45.9474125202911));
#2251=CARTESIAN_POINT('',(59.9000003278259,1.5,45.9474125202911));
#2252=CARTESIAN_POINT('',(61.0000003278259,1.5,44.9474125202911));
#2253=CARTESIAN_POINT('Origin',(60.0000003278259,1.5,44.9474125202911));
#2254=CARTESIAN_POINT('',(61.0000003278259,1.5,44.6974125202911));
#2255=CARTESIAN_POINT('',(61.0000003278258,1.5,43.9224125202911));
#2256=CARTESIAN_POINT('',(63.0000003278259,1.5,44.6974125202911));
#2257=CARTESIAN_POINT('',(61.4000003278259,1.5,44.6974125202911));
#2258=CARTESIAN_POINT('',(63.0000003278259,1.5,41.5974125202911));
#2259=CARTESIAN_POINT('',(63.0000003278259,1.5,52.6474125202911));
#2260=CARTESIAN_POINT('',(61.000000327826,1.5,41.5974125202911));
#2261=CARTESIAN_POINT('',(60.4000003278259,1.5,41.5974125202911));
#2262=CARTESIAN_POINT('',(61.000000327826,1.5,41.3474125202911));
#2263=CARTESIAN_POINT('',(61.000000327826,1.5,42.2474125202911));
#2264=CARTESIAN_POINT('',(60.000000327826,1.5,40.3474125202911));
#2265=CARTESIAN_POINT('Origin',(60.000000327826,1.5,41.3474125202911));
#2266=CARTESIAN_POINT('',(58.700000327826,1.5,40.3474125202911));
#2267=CARTESIAN_POINT('Origin',(63.0000003278259,0.,44.6974125202911));
#2268=CARTESIAN_POINT('',(61.0000003278259,7.,44.6974125202911));
#2269=CARTESIAN_POINT('',(61.0000003278259,0.,44.6974125202911));
#2270=CARTESIAN_POINT('',(63.0000003278259,7.,44.6974125202911));
#2271=CARTESIAN_POINT('',(61.0000003278259,7.,44.6974125202911));
#2272=CARTESIAN_POINT('',(63.0000003278259,0.,44.6974125202911));
#2273=CARTESIAN_POINT('Origin',(61.0000003278259,0.,44.6974125202911));
#2274=CARTESIAN_POINT('',(61.0000003278259,7.,44.9474125202911));
#2275=CARTESIAN_POINT('',(61.0000003278259,0.,44.9474125202911));
#2276=CARTESIAN_POINT('',(61.0000003278259,7.,44.6974125202911));
#2277=CARTESIAN_POINT('Origin',(60.0000003278259,0.,44.9474125202911));
#2278=CARTESIAN_POINT('',(60.0000003278259,7.,45.9474125202911));
#2279=CARTESIAN_POINT('',(60.0000003278259,0.,45.9474125202911));
#2280=CARTESIAN_POINT('Origin',(60.0000003278259,7.,44.9474125202911));
#2281=CARTESIAN_POINT('Origin',(60.0000003278259,0.,45.9474125202911));
#2282=CARTESIAN_POINT('',(57.600000327826,7.,45.9474125202911));
#2283=CARTESIAN_POINT('',(57.600000327826,0.,45.9474125202911));
#2284=CARTESIAN_POINT('',(60.0000003278259,7.,45.9474125202911));
#2285=CARTESIAN_POINT('Origin',(57.600000327826,0.,44.9474125202911));
#2286=CARTESIAN_POINT('',(56.600000327826,7.,44.9474125202911));
#2287=CARTESIAN_POINT('',(56.600000327826,0.,44.9474125202911));
#2288=CARTESIAN_POINT('Origin',(57.600000327826,7.,44.9474125202911));
#2289=CARTESIAN_POINT('Origin',(56.600000327826,0.,44.9474125202911));
#2290=CARTESIAN_POINT('',(56.600000327826,7.,41.3474125202911));
#2291=CARTESIAN_POINT('',(56.600000327826,0.,41.3474125202911));
#2292=CARTESIAN_POINT('',(56.600000327826,7.,44.9474125202911));
#2293=CARTESIAN_POINT('Origin',(11.2000003278258,1.5,17.1474125202911));
#2294=CARTESIAN_POINT('',(8.00000032782591,1.5,15.5974125202911));
#2295=CARTESIAN_POINT('',(8.00000032782589,1.5,18.6974125202911));
#2296=CARTESIAN_POINT('',(8.00000032782589,1.5,7.64741252029106));
#2297=CARTESIAN_POINT('',(10.0000003278258,1.5,18.6974125202911));
#2298=CARTESIAN_POINT('',(10.6000003278258,1.5,18.6974125202911));
#2299=CARTESIAN_POINT('',(10.0000003278258,1.5,18.9474125202911));
#2300=CARTESIAN_POINT('',(10.0000003278258,1.5,18.0474125202911));
#2301=CARTESIAN_POINT('',(11.0000003278258,1.5,19.9474125202911));
#2302=CARTESIAN_POINT('Origin',(11.0000003278258,1.5,18.9474125202911));
#2303=CARTESIAN_POINT('',(13.4000003278258,1.5,19.9474125202911));
#2304=CARTESIAN_POINT('',(12.3000003278258,1.5,19.9474125202911));
#2305=CARTESIAN_POINT('',(14.4000003278258,1.5,18.9474125202911));
#2306=CARTESIAN_POINT('Origin',(13.4000003278258,1.5,18.9474125202911));
#2307=CARTESIAN_POINT('',(14.4000003278258,1.5,15.3474125202911));
#2308=CARTESIAN_POINT('',(14.4000003278258,1.5,16.2474125202911));
#2309=CARTESIAN_POINT('',(13.4000003278258,1.5,14.3474125202911));
#2310=CARTESIAN_POINT('Origin',(13.4000003278258,1.5,15.3474125202911));
#2311=CARTESIAN_POINT('',(11.0000003278259,1.5,14.3474125202911));
#2312=CARTESIAN_POINT('',(11.1000003278259,1.5,14.3474125202911));
#2313=CARTESIAN_POINT('',(10.0000003278259,1.5,15.3474125202911));
#2314=CARTESIAN_POINT('Origin',(11.0000003278259,1.5,15.3474125202911));
#2315=CARTESIAN_POINT('',(10.0000003278259,1.5,15.5974125202911));
#2316=CARTESIAN_POINT('',(10.0000003278259,1.5,16.372412520291));
#2317=CARTESIAN_POINT('',(9.60000032782587,1.5,15.5974125202911));
#2318=CARTESIAN_POINT('Origin',(8.00000032782591,0.,15.5974125202911));
#2319=CARTESIAN_POINT('',(10.0000003278259,7.,15.5974125202911));
#2320=CARTESIAN_POINT('',(10.0000003278259,0.,15.5974125202911));
#2321=CARTESIAN_POINT('',(8.00000032782591,7.,15.5974125202911));
#2322=CARTESIAN_POINT('',(10.0000003278259,7.,15.5974125202911));
#2323=CARTESIAN_POINT('',(8.00000032782591,0.,15.5974125202911));
#2324=CARTESIAN_POINT('Origin',(10.0000003278259,0.,15.5974125202911));
#2325=CARTESIAN_POINT('',(10.0000003278259,7.,15.3474125202911));
#2326=CARTESIAN_POINT('',(10.0000003278259,0.,15.3474125202911));
#2327=CARTESIAN_POINT('',(10.0000003278259,7.,15.5974125202911));
#2328=CARTESIAN_POINT('Origin',(11.0000003278259,0.,15.3474125202911));
#2329=CARTESIAN_POINT('',(11.0000003278259,7.,14.3474125202911));
#2330=CARTESIAN_POINT('',(11.0000003278259,0.,14.3474125202911));
#2331=CARTESIAN_POINT('Origin',(11.0000003278259,7.,15.3474125202911));
#2332=CARTESIAN_POINT('Origin',(11.0000003278259,0.,14.3474125202911));
#2333=CARTESIAN_POINT('',(13.4000003278258,7.,14.3474125202911));
#2334=CARTESIAN_POINT('',(13.4000003278258,0.,14.3474125202911));
#2335=CARTESIAN_POINT('',(11.0000003278259,7.,14.3474125202911));
#2336=CARTESIAN_POINT('Origin',(13.4000003278258,0.,15.3474125202911));
#2337=CARTESIAN_POINT('',(14.4000003278258,7.,15.3474125202911));
#2338=CARTESIAN_POINT('',(14.4000003278258,0.,15.3474125202911));
#2339=CARTESIAN_POINT('Origin',(13.4000003278258,7.,15.3474125202911));
#2340=CARTESIAN_POINT('Origin',(14.4000003278258,0.,15.3474125202911));
#2341=CARTESIAN_POINT('',(14.4000003278258,7.,18.9474125202911));
#2342=CARTESIAN_POINT('',(14.4000003278258,0.,18.9474125202911));
#2343=CARTESIAN_POINT('',(14.4000003278258,7.,15.3474125202911));
#2344=CARTESIAN_POINT('Origin',(13.4000003278258,0.,18.9474125202911));
#2345=CARTESIAN_POINT('',(13.4000003278258,7.,19.9474125202911));
#2346=CARTESIAN_POINT('',(13.4000003278258,0.,19.9474125202911));
#2347=CARTESIAN_POINT('Origin',(13.4000003278258,7.,18.9474125202911));
#2348=CARTESIAN_POINT('Origin',(13.4000003278258,0.,19.9474125202911));
#2349=CARTESIAN_POINT('',(11.0000003278258,7.,19.9474125202911));
#2350=CARTESIAN_POINT('',(11.0000003278258,0.,19.9474125202911));
#2351=CARTESIAN_POINT('',(13.4000003278258,7.,19.9474125202911));
#2352=CARTESIAN_POINT('Origin',(11.0000003278258,0.,18.9474125202911));
#2353=CARTESIAN_POINT('',(10.0000003278258,7.,18.9474125202911));
#2354=CARTESIAN_POINT('',(10.0000003278258,0.,18.9474125202911));
#2355=CARTESIAN_POINT('Origin',(11.0000003278258,7.,18.9474125202911));
#2356=CARTESIAN_POINT('Origin',(10.0000003278258,0.,18.9474125202911));
#2357=CARTESIAN_POINT('',(10.0000003278258,7.,18.6974125202911));
#2358=CARTESIAN_POINT('',(10.0000003278258,0.,18.6974125202911));
#2359=CARTESIAN_POINT('',(10.0000003278258,7.,18.9474125202911));
#2360=CARTESIAN_POINT('Origin',(10.0000003278258,0.,18.6974125202911));
#2361=CARTESIAN_POINT('',(8.00000032782589,7.,18.6974125202911));
#2362=CARTESIAN_POINT('',(8.00000032782589,0.,18.6974125202911));
#2363=CARTESIAN_POINT('',(6.81339664312538,7.,18.6974125202911));
#2364=CARTESIAN_POINT('Origin',(22.0000003278254,0.,12.6474125202911));
#2365=CARTESIAN_POINT('',(21.0000003278254,7.,12.6474125202911));
#2366=CARTESIAN_POINT('Origin',(22.0000003278254,7.,12.6474125202911));
#2367=CARTESIAN_POINT('',(21.0000003278254,0.,12.6474125202911));
#2368=CARTESIAN_POINT('Origin',(53.0000003278259,0.,30.1474125202911));
#2369=CARTESIAN_POINT('',(52.0000003278259,7.,30.1474125202911));
#2370=CARTESIAN_POINT('Origin',(53.0000003278259,7.,30.1474125202911));
#2371=CARTESIAN_POINT('',(52.0000003278259,0.,30.1474125202911));
#2372=CARTESIAN_POINT('Origin',(22.0000003278254,0.,47.6474125202911));
#2373=CARTESIAN_POINT('',(21.0000003278254,7.,47.6474125202911));
#2374=CARTESIAN_POINT('Origin',(22.0000003278254,7.,47.6474125202911));
#2375=CARTESIAN_POINT('',(21.0000003278254,0.,47.6474125202911));
#2376=CARTESIAN_POINT('Origin',(61.0000003278259,0.,15.3474125202911));
#2377=CARTESIAN_POINT('',(61.0000003278259,7.,15.5974125202911));
#2378=CARTESIAN_POINT('',(61.0000003278259,0.,15.5974125202911));
#2379=CARTESIAN_POINT('',(61.0000003278259,7.,15.5974125202911));
#2380=CARTESIAN_POINT('Origin',(61.000000327826,0.,41.5974125202911));
#2381=CARTESIAN_POINT('',(63.0000003278259,7.,41.5974125202911));
#2382=CARTESIAN_POINT('',(63.0000003278259,0.,41.5974125202911));
#2383=CARTESIAN_POINT('',(61.000000327826,7.,41.5974125202911));
#2384=CARTESIAN_POINT('',(64.1866040125264,7.,41.5974125202911));
#2385=CARTESIAN_POINT('',(61.000000327826,0.,41.5974125202911));
#2386=CARTESIAN_POINT('Origin',(61.000000327826,0.,41.3474125202911));
#2387=CARTESIAN_POINT('',(61.000000327826,7.,41.3474125202911));
#2388=CARTESIAN_POINT('',(61.000000327826,7.,41.3474125202911));
#2389=CARTESIAN_POINT('',(61.000000327826,0.,41.3474125202911));
#2390=CARTESIAN_POINT('Origin',(60.000000327826,0.,41.3474125202911));
#2391=CARTESIAN_POINT('',(60.000000327826,7.,40.3474125202911));
#2392=CARTESIAN_POINT('Origin',(60.000000327826,7.,41.3474125202911));
#2393=CARTESIAN_POINT('',(60.000000327826,0.,40.3474125202911));
#2394=CARTESIAN_POINT('Origin',(57.600000327826,0.,40.3474125202911));
#2395=CARTESIAN_POINT('',(57.600000327826,7.,40.3474125202911));
#2396=CARTESIAN_POINT('',(57.600000327826,7.,40.3474125202911));
#2397=CARTESIAN_POINT('',(57.600000327826,0.,40.3474125202911));
#2398=CARTESIAN_POINT('Origin',(57.600000327826,0.,41.3474125202911));
#2399=CARTESIAN_POINT('Origin',(57.600000327826,7.,41.3474125202911));
#2400=CARTESIAN_POINT('Origin',(63.0000003278259,0.,52.6474125202911));
#2401=CARTESIAN_POINT('',(63.0000003278259,7.,7.64741252029107));
#2402=CARTESIAN_POINT('',(63.0000003278259,0.,7.64741252029106));
#2403=CARTESIAN_POINT('',(63.0000003278259,7.,15.5974125202911));
#2404=CARTESIAN_POINT('',(63.0000003278259,7.,52.6474125202911));
#2405=CARTESIAN_POINT('',(63.0000003278259,0.,15.5974125202911));
#2406=CARTESIAN_POINT('',(63.0000003278259,7.,52.6474125202911));
#2407=CARTESIAN_POINT('',(63.0000003278259,7.,52.6474125202911));
#2408=CARTESIAN_POINT('',(63.0000003278259,7.,52.6474125202911));
#2409=CARTESIAN_POINT('',(63.0000003278259,0.,52.6474125202911));
#2410=CARTESIAN_POINT('Origin',(8.00000032782589,0.,52.6474125202911));
#2411=CARTESIAN_POINT('',(8.00000032782589,7.,52.6474125202911));
#2412=CARTESIAN_POINT('',(8.00000032782589,7.,52.6474125202911));
#2413=CARTESIAN_POINT('',(8.00000032782589,0.,52.6474125202911));
#2414=CARTESIAN_POINT('Origin',(10.0000003278259,0.,44.697412520291));
#2415=CARTESIAN_POINT('',(8.00000032782589,7.,44.697412520291));
#2416=CARTESIAN_POINT('',(8.00000032782589,0.,44.697412520291));
#2417=CARTESIAN_POINT('',(10.0000003278259,7.,44.697412520291));
#2418=CARTESIAN_POINT('',(10.0000003278259,7.,44.697412520291));
#2419=CARTESIAN_POINT('',(10.0000003278259,0.,44.697412520291));
#2420=CARTESIAN_POINT('Origin',(10.0000003278259,0.,44.947412520291));
#2421=CARTESIAN_POINT('',(10.0000003278259,7.,44.697412520291));
#2422=CARTESIAN_POINT('Origin',(8.00000032782589,0.,7.64741252029106));
#2423=CARTESIAN_POINT('',(8.00000032782589,7.,7.64741252029106));
#2424=CARTESIAN_POINT('',(8.00000032782589,7.,7.64741252029106));
#2425=CARTESIAN_POINT('',(8.00000032782589,7.,7.64741252029106));
#2426=CARTESIAN_POINT('',(8.00000032782589,7.,7.64741252029106));
#2427=CARTESIAN_POINT('',(8.00000032782589,0.,7.64741252029106));
#2428=CARTESIAN_POINT('Origin',(63.0000003278259,0.,7.64741252029106));
#2429=CARTESIAN_POINT('',(63.0000003278259,7.,7.64741252029106));
#2430=CARTESIAN_POINT('Origin',(61.0000003278259,0.,15.5974125202911));
#2431=CARTESIAN_POINT('',(61.0000003278259,7.,15.5974125202911));
#2432=CARTESIAN_POINT('Origin',(35.5000003278259,7.,30.1474125202911));
#2433=UNCERTAINTY_MEASURE_WITH_UNIT(LENGTH_MEASURE(0.01),#2437,
'DISTANCE_ACCURACY_VALUE',
'Maximum model space distance between geometric entities at asserted c
onnectivities');
#2434=UNCERTAINTY_MEASURE_WITH_UNIT(LENGTH_MEASURE(0.01),#2437,
'DISTANCE_ACCURACY_VALUE',
'Maximum model space distance between geometric entities at asserted c
onnectivities');
#2435=(
GEOMETRIC_REPRESENTATION_CONTEXT(3)
GLOBAL_UNCERTAINTY_ASSIGNED_CONTEXT((#2433))
GLOBAL_UNIT_ASSIGNED_CONTEXT((#2437,#2438,#2439))
REPRESENTATION_CONTEXT('','3D')
);
#2436=(
GEOMETRIC_REPRESENTATION_CONTEXT(3)
GLOBAL_UNCERTAINTY_ASSIGNED_CONTEXT((#2434))
GLOBAL_UNIT_ASSIGNED_CONTEXT((#2437,#2438,#2439))
REPRESENTATION_CONTEXT('','3D')
);
#2437=(
LENGTH_UNIT()
NAMED_UNIT(*)
SI_UNIT(.MILLI.,.METRE.)
);
#2438=(
NAMED_UNIT(*)
PLANE_ANGLE_UNIT()
SI_UNIT($,.RADIAN.)
);
#2439=(
NAMED_UNIT(*)
SI_UNIT($,.STERADIAN.)
SOLID_ANGLE_UNIT()
);
#2440=SHAPE_DEFINITION_REPRESENTATION(#2441,#2442);
#2441=PRODUCT_DEFINITION_SHAPE('',$,#2444);
#2442=SHAPE_REPRESENTATION('',(#1464),#2435);
#2443=PRODUCT_DEFINITION_CONTEXT('part definition',#2448,'design');
#2444=PRODUCT_DEFINITION('\X2\683754C15E7353F0\X0\v2',
'\X2\683754C15E7353F0\X0\v2 v3',#2445,#2443);
#2445=PRODUCT_DEFINITION_FORMATION('',$,#2450);
#2446=PRODUCT_RELATED_PRODUCT_CATEGORY('\X2\683754C15E7353F0\X0\v2 v3',
'\X2\683754C15E7353F0\X0\v2 v3',(#2450));
#2447=APPLICATION_PROTOCOL_DEFINITION('international standard',
'automotive_design',2009,#2448);
#2448=APPLICATION_CONTEXT(
'Core Data for Automotive Mechanical Design Process');
#2449=PRODUCT_CONTEXT('part definition',#2448,'mechanical');
#2450=PRODUCT('\X2\683754C15E7353F0\X0\v2','\X2\683754C15E7353F0\X0\v2
 v3',$,(#2449));
#2451=PRESENTATION_STYLE_ASSIGNMENT((#2452));
#2452=SURFACE_STYLE_USAGE(.BOTH.,#2453);
#2453=SURFACE_SIDE_STYLE('',(#2454));
#2454=SURFACE_STYLE_FILL_AREA(#2455);
#2455=FILL_AREA_STYLE('\X2\94A2\X0\ - \X2\7F0E5149\X0\',(#2456));
#2456=FILL_AREA_STYLE_COLOUR('\X2\94A2\X0\ - \X2\7F0E5149\X0\',#2457);
#2457=COLOUR_RGB('\X2\94A2\X0\ - \X2\7F0E5149\X0\',0.627450980392157,0.627450980392157,
0.627450980392157);
ENDSEC;
END-ISO-10303-21;
