ISO-10303-21;
HEADER;
/* Generated by software containing ST-Developer
 * from STEP Tools, Inc. (www.steptools.com) 
 */

FILE_DESCRIPTION(
/* description */ (''),
/* implementation_level */ '2;1');

FILE_NAME(
/* name */ '',
/* time_stamp */ '2026-03-04T09:14:02+08:00',
/* author */ (''),
/* organization */ (''),
/* preprocessor_version */ 'ST-DEVELOPER v20.1',
/* originating_system */ 'Autodesk Translation Framework v14.24.0.0',
/* authorisation */ '');

FILE_SCHEMA (('AUTOMOTIVE_DESIGN { 1 0 10303 214 3 1 1 }'));
ENDSEC;

DATA;
#10=MECHANICAL_DESIGN_GEOMETRIC_PRESENTATION_REPRESENTATION('',(#17),#3261);
#11=ITEM_DEFINED_TRANSFORMATION($,$,#1945,#2136);
#12=(
REPRESENTATION_RELATIONSHIP($,$,#3272,#3271)
REPRESENTATION_RELATIONSHIP_WITH_TRANSFORMATION(#11)
SHAPE_REPRESENTATION_RELATIONSHIP()
);
#13=CONTEXT_DEPENDENT_SHAPE_REPRESENTATION(#12,#3270);
#14=NEXT_ASSEMBLY_USAGE_OCCURRENCE('\X2\96F690E84EF6\X0\2:1',
'\X2\96F690E84EF6\X0\2:1','\X2\96F690E84EF6\X0\2:1',#3274,#3275,
'\X2\96F690E84EF6\X0\2:1');
#15=SHAPE_REPRESENTATION_RELATIONSHIP('SRR','None',#3272,#16);
#16=ADVANCED_BREP_SHAPE_REPRESENTATION('',(#18),#3260);
#17=STYLED_ITEM('',(#3285),#18);
#18=MANIFOLD_SOLID_BREP('\X2\5B9E4F53\X0\1',#1931);
#19=FACE_BOUND('',#213,.T.);
#20=FACE_BOUND('',#216,.T.);
#21=FACE_BOUND('',#221,.T.);
#22=FACE_BOUND('',#222,.T.);
#23=FACE_BOUND('',#223,.T.);
#24=FACE_BOUND('',#224,.T.);
#25=FACE_BOUND('',#225,.T.);
#26=FACE_BOUND('',#226,.T.);
#27=FACE_BOUND('',#227,.T.);
#28=FACE_BOUND('',#228,.T.);
#29=FACE_BOUND('',#229,.T.);
#30=FACE_BOUND('',#230,.T.);
#31=FACE_BOUND('',#231,.T.);
#32=FACE_BOUND('',#232,.T.);
#33=FACE_BOUND('',#236,.T.);
#34=FACE_BOUND('',#290,.T.);
#35=FACE_BOUND('',#293,.T.);
#36=FACE_BOUND('',#296,.T.);
#37=FACE_BOUND('',#299,.T.);
#38=FACE_BOUND('',#309,.T.);
#39=FACE_BOUND('',#312,.T.);
#40=FACE_BOUND('',#320,.T.);
#41=FACE_BOUND('',#333,.T.);
#42=FACE_BOUND('',#334,.T.);
#43=FACE_BOUND('',#335,.T.);
#44=FACE_BOUND('',#336,.T.);
#45=FACE_BOUND('',#337,.T.);
#46=FACE_BOUND('',#338,.T.);
#47=FACE_BOUND('',#339,.T.);
#48=FACE_BOUND('',#340,.T.);
#49=FACE_BOUND('',#341,.T.);
#50=FACE_BOUND('',#342,.T.);
#51=FACE_BOUND('',#343,.T.);
#52=FACE_BOUND('',#344,.T.);
#53=FACE_BOUND('',#345,.T.);
#54=FACE_BOUND('',#346,.T.);
#55=PLANE('',#1949);
#56=PLANE('',#1954);
#57=PLANE('',#1956);
#58=PLANE('',#1957);
#59=PLANE('',#1958);
#60=PLANE('',#1960);
#61=PLANE('',#1976);
#62=PLANE('',#1980);
#63=PLANE('',#1986);
#64=PLANE('',#1990);
#65=PLANE('',#1994);
#66=PLANE('',#1998);
#67=PLANE('',#1999);
#68=PLANE('',#2000);
#69=PLANE('',#2001);
#70=PLANE('',#2002);
#71=PLANE('',#2003);
#72=PLANE('',#2007);
#73=PLANE('',#2011);
#74=PLANE('',#2015);
#75=PLANE('',#2016);
#76=PLANE('',#2017);
#77=PLANE('',#2018);
#78=PLANE('',#2022);
#79=PLANE('',#2023);
#80=PLANE('',#2024);
#81=PLANE('',#2025);
#82=PLANE('',#2026);
#83=PLANE('',#2030);
#84=PLANE('',#2034);
#85=PLANE('',#2038);
#86=PLANE('',#2042);
#87=PLANE('',#2046);
#88=PLANE('',#2050);
#89=PLANE('',#2054);
#90=PLANE('',#2058);
#91=PLANE('',#2059);
#92=PLANE('',#2060);
#93=PLANE('',#2061);
#94=PLANE('',#2062);
#95=PLANE('',#2063);
#96=PLANE('',#2064);
#97=PLANE('',#2068);
#98=PLANE('',#2072);
#99=PLANE('',#2077);
#100=PLANE('',#2082);
#101=PLANE('',#2101);
#102=PLANE('',#2105);
#103=PLANE('',#2114);
#104=PLANE('',#2118);
#105=PLANE('',#2119);
#106=PLANE('',#2122);
#107=PLANE('',#2126);
#108=PLANE('',#2133);
#109=PLANE('',#2134);
#110=PLANE('',#2135);
#111=FACE_OUTER_BOUND('',#211,.T.);
#112=FACE_OUTER_BOUND('',#212,.T.);
#113=FACE_OUTER_BOUND('',#214,.T.);
#114=FACE_OUTER_BOUND('',#215,.T.);
#115=FACE_OUTER_BOUND('',#217,.T.);
#116=FACE_OUTER_BOUND('',#218,.T.);
#117=FACE_OUTER_BOUND('',#219,.T.);
#118=FACE_OUTER_BOUND('',#220,.T.);
#119=FACE_OUTER_BOUND('',#233,.T.);
#120=FACE_OUTER_BOUND('',#234,.T.);
#121=FACE_OUTER_BOUND('',#235,.T.);
#122=FACE_OUTER_BOUND('',#237,.T.);
#123=FACE_OUTER_BOUND('',#238,.T.);
#124=FACE_OUTER_BOUND('',#239,.T.);
#125=FACE_OUTER_BOUND('',#240,.T.);
#126=FACE_OUTER_BOUND('',#241,.T.);
#127=FACE_OUTER_BOUND('',#242,.T.);
#128=FACE_OUTER_BOUND('',#243,.T.);
#129=FACE_OUTER_BOUND('',#244,.T.);
#130=FACE_OUTER_BOUND('',#245,.T.);
#131=FACE_OUTER_BOUND('',#246,.T.);
#132=FACE_OUTER_BOUND('',#247,.T.);
#133=FACE_OUTER_BOUND('',#248,.T.);
#134=FACE_OUTER_BOUND('',#249,.T.);
#135=FACE_OUTER_BOUND('',#250,.T.);
#136=FACE_OUTER_BOUND('',#251,.T.);
#137=FACE_OUTER_BOUND('',#252,.T.);
#138=FACE_OUTER_BOUND('',#253,.T.);
#139=FACE_OUTER_BOUND('',#254,.T.);
#140=FACE_OUTER_BOUND('',#255,.T.);
#141=FACE_OUTER_BOUND('',#256,.T.);
#142=FACE_OUTER_BOUND('',#257,.T.);
#143=FACE_OUTER_BOUND('',#258,.T.);
#144=FACE_OUTER_BOUND('',#259,.T.);
#145=FACE_OUTER_BOUND('',#260,.T.);
#146=FACE_OUTER_BOUND('',#261,.T.);
#147=FACE_OUTER_BOUND('',#262,.T.);
#148=FACE_OUTER_BOUND('',#263,.T.);
#149=FACE_OUTER_BOUND('',#264,.T.);
#150=FACE_OUTER_BOUND('',#265,.T.);
#151=FACE_OUTER_BOUND('',#266,.T.);
#152=FACE_OUTER_BOUND('',#267,.T.);
#153=FACE_OUTER_BOUND('',#268,.T.);
#154=FACE_OUTER_BOUND('',#269,.T.);
#155=FACE_OUTER_BOUND('',#270,.T.);
#156=FACE_OUTER_BOUND('',#271,.T.);
#157=FACE_OUTER_BOUND('',#272,.T.);
#158=FACE_OUTER_BOUND('',#273,.T.);
#159=FACE_OUTER_BOUND('',#274,.T.);
#160=FACE_OUTER_BOUND('',#275,.T.);
#161=FACE_OUTER_BOUND('',#276,.T.);
#162=FACE_OUTER_BOUND('',#277,.T.);
#163=FACE_OUTER_BOUND('',#278,.T.);
#164=FACE_OUTER_BOUND('',#279,.T.);
#165=FACE_OUTER_BOUND('',#280,.T.);
#166=FACE_OUTER_BOUND('',#281,.T.);
#167=FACE_OUTER_BOUND('',#282,.T.);
#168=FACE_OUTER_BOUND('',#283,.T.);
#169=FACE_OUTER_BOUND('',#284,.T.);
#170=FACE_OUTER_BOUND('',#285,.T.);
#171=FACE_OUTER_BOUND('',#286,.T.);
#172=FACE_OUTER_BOUND('',#287,.T.);
#173=FACE_OUTER_BOUND('',#288,.T.);
#174=FACE_OUTER_BOUND('',#289,.T.);
#175=FACE_OUTER_BOUND('',#291,.T.);
#176=FACE_OUTER_BOUND('',#292,.T.);
#177=FACE_OUTER_BOUND('',#294,.T.);
#178=FACE_OUTER_BOUND('',#295,.T.);
#179=FACE_OUTER_BOUND('',#297,.T.);
#180=FACE_OUTER_BOUND('',#298,.T.);
#181=FACE_OUTER_BOUND('',#300,.T.);
#182=FACE_OUTER_BOUND('',#301,.T.);
#183=FACE_OUTER_BOUND('',#302,.T.);
#184=FACE_OUTER_BOUND('',#303,.T.);
#185=FACE_OUTER_BOUND('',#304,.T.);
#186=FACE_OUTER_BOUND('',#305,.T.);
#187=FACE_OUTER_BOUND('',#306,.T.);
#188=FACE_OUTER_BOUND('',#307,.T.);
#189=FACE_OUTER_BOUND('',#308,.T.);
#190=FACE_OUTER_BOUND('',#310,.T.);
#191=FACE_OUTER_BOUND('',#311,.T.);
#192=FACE_OUTER_BOUND('',#313,.T.);
#193=FACE_OUTER_BOUND('',#314,.T.);
#194=FACE_OUTER_BOUND('',#315,.T.);
#195=FACE_OUTER_BOUND('',#316,.T.);
#196=FACE_OUTER_BOUND('',#317,.T.);
#197=FACE_OUTER_BOUND('',#318,.T.);
#198=FACE_OUTER_BOUND('',#319,.T.);
#199=FACE_OUTER_BOUND('',#321,.T.);
#200=FACE_OUTER_BOUND('',#322,.T.);
#201=FACE_OUTER_BOUND('',#323,.T.);
#202=FACE_OUTER_BOUND('',#324,.T.);
#203=FACE_OUTER_BOUND('',#325,.T.);
#204=FACE_OUTER_BOUND('',#326,.T.);
#205=FACE_OUTER_BOUND('',#327,.T.);
#206=FACE_OUTER_BOUND('',#328,.T.);
#207=FACE_OUTER_BOUND('',#329,.T.);
#208=FACE_OUTER_BOUND('',#330,.T.);
#209=FACE_OUTER_BOUND('',#331,.T.);
#210=FACE_OUTER_BOUND('',#332,.T.);
#211=EDGE_LOOP('',(#1247,#1248,#1249,#1250));
#212=EDGE_LOOP('',(#1251));
#213=EDGE_LOOP('',(#1252));
#214=EDGE_LOOP('',(#1253,#1254,#1255,#1256));
#215=EDGE_LOOP('',(#1257));
#216=EDGE_LOOP('',(#1258));
#217=EDGE_LOOP('',(#1259,#1260,#1261,#1262));
#218=EDGE_LOOP('',(#1263,#1264,#1265,#1266));
#219=EDGE_LOOP('',(#1267,#1268,#1269,#1270));
#220=EDGE_LOOP('',(#1271,#1272,#1273,#1274));
#221=EDGE_LOOP('',(#1275));
#222=EDGE_LOOP('',(#1276));
#223=EDGE_LOOP('',(#1277));
#224=EDGE_LOOP('',(#1278));
#225=EDGE_LOOP('',(#1279));
#226=EDGE_LOOP('',(#1280,#1281,#1282,#1283,#1284,#1285,#1286,#1287,#1288,
#1289,#1290,#1291,#1292));
#227=EDGE_LOOP('',(#1293));
#228=EDGE_LOOP('',(#1294));
#229=EDGE_LOOP('',(#1295));
#230=EDGE_LOOP('',(#1296));
#231=EDGE_LOOP('',(#1297));
#232=EDGE_LOOP('',(#1298));
#233=EDGE_LOOP('',(#1299,#1300,#1301,#1302,#1303,#1304,#1305,#1306,#1307,
#1308));
#234=EDGE_LOOP('',(#1309,#1310,#1311,#1312));
#235=EDGE_LOOP('',(#1313));
#236=EDGE_LOOP('',(#1314));
#237=EDGE_LOOP('',(#1315,#1316,#1317,#1318,#1319,#1320,#1321,#1322));
#238=EDGE_LOOP('',(#1323,#1324,#1325,#1326));
#239=EDGE_LOOP('',(#1327,#1328,#1329,#1330));
#240=EDGE_LOOP('',(#1331,#1332,#1333,#1334));
#241=EDGE_LOOP('',(#1335,#1336,#1337,#1338));
#242=EDGE_LOOP('',(#1339,#1340,#1341,#1342));
#243=EDGE_LOOP('',(#1343,#1344,#1345,#1346));
#244=EDGE_LOOP('',(#1347,#1348,#1349,#1350));
#245=EDGE_LOOP('',(#1351,#1352,#1353,#1354));
#246=EDGE_LOOP('',(#1355,#1356,#1357,#1358));
#247=EDGE_LOOP('',(#1359,#1360,#1361,#1362));
#248=EDGE_LOOP('',(#1363,#1364,#1365,#1366));
#249=EDGE_LOOP('',(#1367,#1368,#1369,#1370,#1371,#1372,#1373,#1374,#1375,
#1376,#1377,#1378));
#250=EDGE_LOOP('',(#1379,#1380,#1381,#1382));
#251=EDGE_LOOP('',(#1383,#1384,#1385,#1386));
#252=EDGE_LOOP('',(#1387,#1388,#1389,#1390));
#253=EDGE_LOOP('',(#1391,#1392,#1393,#1394));
#254=EDGE_LOOP('',(#1395,#1396,#1397,#1398));
#255=EDGE_LOOP('',(#1399,#1400,#1401,#1402));
#256=EDGE_LOOP('',(#1403,#1404,#1405,#1406));
#257=EDGE_LOOP('',(#1407,#1408,#1409,#1410));
#258=EDGE_LOOP('',(#1411,#1412,#1413,#1414));
#259=EDGE_LOOP('',(#1415,#1416,#1417,#1418));
#260=EDGE_LOOP('',(#1419,#1420,#1421,#1422));
#261=EDGE_LOOP('',(#1423,#1424,#1425,#1426,#1427,#1428,#1429,#1430,#1431,
#1432,#1433,#1434));
#262=EDGE_LOOP('',(#1435,#1436,#1437,#1438));
#263=EDGE_LOOP('',(#1439,#1440,#1441,#1442));
#264=EDGE_LOOP('',(#1443,#1444,#1445,#1446));
#265=EDGE_LOOP('',(#1447,#1448,#1449,#1450));
#266=EDGE_LOOP('',(#1451,#1452,#1453,#1454));
#267=EDGE_LOOP('',(#1455,#1456,#1457,#1458));
#268=EDGE_LOOP('',(#1459,#1460,#1461,#1462));
#269=EDGE_LOOP('',(#1463,#1464,#1465,#1466));
#270=EDGE_LOOP('',(#1467,#1468,#1469,#1470));
#271=EDGE_LOOP('',(#1471,#1472,#1473,#1474));
#272=EDGE_LOOP('',(#1475,#1476,#1477,#1478));
#273=EDGE_LOOP('',(#1479,#1480,#1481,#1482,#1483,#1484,#1485,#1486,#1487,
#1488,#1489,#1490));
#274=EDGE_LOOP('',(#1491,#1492,#1493,#1494));
#275=EDGE_LOOP('',(#1495,#1496,#1497,#1498));
#276=EDGE_LOOP('',(#1499,#1500,#1501,#1502));
#277=EDGE_LOOP('',(#1503,#1504,#1505,#1506));
#278=EDGE_LOOP('',(#1507,#1508,#1509,#1510));
#279=EDGE_LOOP('',(#1511,#1512,#1513,#1514));
#280=EDGE_LOOP('',(#1515,#1516,#1517,#1518));
#281=EDGE_LOOP('',(#1519,#1520,#1521,#1522));
#282=EDGE_LOOP('',(#1523,#1524,#1525,#1526));
#283=EDGE_LOOP('',(#1527,#1528,#1529,#1530));
#284=EDGE_LOOP('',(#1531,#1532,#1533,#1534));
#285=EDGE_LOOP('',(#1535,#1536,#1537,#1538,#1539,#1540,#1541,#1542,#1543,
#1544,#1545,#1546));
#286=EDGE_LOOP('',(#1547,#1548,#1549,#1550,#1551,#1552,#1553,#1554,#1555,
#1556,#1557,#1558));
#287=EDGE_LOOP('',(#1559,#1560,#1561,#1562,#1563,#1564,#1565,#1566,#1567,
#1568,#1569,#1570));
#288=EDGE_LOOP('',(#1571,#1572,#1573,#1574));
#289=EDGE_LOOP('',(#1575));
#290=EDGE_LOOP('',(#1576));
#291=EDGE_LOOP('',(#1577,#1578,#1579,#1580));
#292=EDGE_LOOP('',(#1581));
#293=EDGE_LOOP('',(#1582));
#294=EDGE_LOOP('',(#1583,#1584,#1585,#1586));
#295=EDGE_LOOP('',(#1587));
#296=EDGE_LOOP('',(#1588));
#297=EDGE_LOOP('',(#1589,#1590,#1591,#1592));
#298=EDGE_LOOP('',(#1593));
#299=EDGE_LOOP('',(#1594));
#300=EDGE_LOOP('',(#1595,#1596,#1597,#1598));
#301=EDGE_LOOP('',(#1599,#1600,#1601,#1602));
#302=EDGE_LOOP('',(#1603,#1604,#1605,#1606));
#303=EDGE_LOOP('',(#1607,#1608,#1609,#1610));
#304=EDGE_LOOP('',(#1611,#1612,#1613,#1614));
#305=EDGE_LOOP('',(#1615,#1616,#1617,#1618));
#306=EDGE_LOOP('',(#1619,#1620,#1621,#1622));
#307=EDGE_LOOP('',(#1623,#1624,#1625,#1626));
#308=EDGE_LOOP('',(#1627));
#309=EDGE_LOOP('',(#1628));
#310=EDGE_LOOP('',(#1629,#1630,#1631,#1632));
#311=EDGE_LOOP('',(#1633));
#312=EDGE_LOOP('',(#1634));
#313=EDGE_LOOP('',(#1635,#1636,#1637,#1638));
#314=EDGE_LOOP('',(#1639,#1640,#1641,#1642));
#315=EDGE_LOOP('',(#1643,#1644,#1645,#1646));
#316=EDGE_LOOP('',(#1647,#1648,#1649,#1650));
#317=EDGE_LOOP('',(#1651,#1652,#1653,#1654));
#318=EDGE_LOOP('',(#1655,#1656,#1657,#1658,#1659,#1660));
#319=EDGE_LOOP('',(#1661,#1662,#1663,#1664,#1665,#1666,#1667,#1668));
#320=EDGE_LOOP('',(#1669));
#321=EDGE_LOOP('',(#1670,#1671,#1672,#1673));
#322=EDGE_LOOP('',(#1674,#1675,#1676,#1677));
#323=EDGE_LOOP('',(#1678,#1679,#1680,#1681));
#324=EDGE_LOOP('',(#1682,#1683,#1684,#1685));
#325=EDGE_LOOP('',(#1686,#1687,#1688,#1689));
#326=EDGE_LOOP('',(#1690,#1691,#1692,#1693));
#327=EDGE_LOOP('',(#1694,#1695,#1696,#1697));
#328=EDGE_LOOP('',(#1698,#1699,#1700,#1701));
#329=EDGE_LOOP('',(#1702,#1703,#1704,#1705));
#330=EDGE_LOOP('',(#1706,#1707,#1708,#1709));
#331=EDGE_LOOP('',(#1710,#1711,#1712,#1713));
#332=EDGE_LOOP('',(#1714,#1715,#1716,#1717,#1718,#1719,#1720,#1721,#1722,
#1723,#1724,#1725,#1726,#1727,#1728,#1729,#1730,#1731,#1732,#1733,#1734,
#1735,#1736,#1737,#1738,#1739,#1740,#1741,#1742,#1743,#1744,#1745,#1746,
#1747,#1748,#1749,#1750,#1751,#1752,#1753,#1754,#1755,#1756,#1757,#1758,
#1759,#1760,#1761,#1762,#1763,#1764,#1765));
#333=EDGE_LOOP('',(#1766));
#334=EDGE_LOOP('',(#1767));
#335=EDGE_LOOP('',(#1768));
#336=EDGE_LOOP('',(#1769));
#337=EDGE_LOOP('',(#1770));
#338=EDGE_LOOP('',(#1771));
#339=EDGE_LOOP('',(#1772));
#340=EDGE_LOOP('',(#1773));
#341=EDGE_LOOP('',(#1774));
#342=EDGE_LOOP('',(#1775));
#343=EDGE_LOOP('',(#1776));
#344=EDGE_LOOP('',(#1777));
#345=EDGE_LOOP('',(#1778));
#346=EDGE_LOOP('',(#1779,#1780,#1781,#1782,#1783,#1784,#1785,#1786));
#347=LINE('',#2709,#527);
#348=LINE('',#2718,#528);
#349=LINE('',#2726,#529);
#350=LINE('',#2728,#530);
#351=LINE('',#2730,#531);
#352=LINE('',#2731,#532);
#353=LINE('',#2735,#533);
#354=LINE('',#2737,#534);
#355=LINE('',#2739,#535);
#356=LINE('',#2740,#536);
#357=LINE('',#2743,#537);
#358=LINE('',#2747,#538);
#359=LINE('',#2749,#539);
#360=LINE('',#2751,#540);
#361=LINE('',#2752,#541);
#362=LINE('',#2760,#542);
#363=LINE('',#2764,#543);
#364=LINE('',#2768,#544);
#365=LINE('',#2772,#545);
#366=LINE('',#2775,#546);
#367=LINE('',#2793,#547);
#368=LINE('',#2795,#548);
#369=LINE('',#2797,#549);
#370=LINE('',#2799,#550);
#371=LINE('',#2800,#551);
#372=LINE('',#2805,#552);
#373=LINE('',#2811,#553);
#374=LINE('',#2817,#554);
#375=LINE('',#2820,#555);
#376=LINE('',#2823,#556);
#377=LINE('',#2825,#557);
#378=LINE('',#2826,#558);
#379=LINE('',#2831,#559);
#380=LINE('',#2835,#560);
#381=LINE('',#2837,#561);
#382=LINE('',#2838,#562);
#383=LINE('',#2843,#563);
#384=LINE('',#2847,#564);
#385=LINE('',#2849,#565);
#386=LINE('',#2850,#566);
#387=LINE('',#2855,#567);
#388=LINE('',#2859,#568);
#389=LINE('',#2861,#569);
#390=LINE('',#2862,#570);
#391=LINE('',#2865,#571);
#392=LINE('',#2867,#572);
#393=LINE('',#2868,#573);
#394=LINE('',#2872,#574);
#395=LINE('',#2874,#575);
#396=LINE('',#2876,#576);
#397=LINE('',#2877,#577);
#398=LINE('',#2879,#578);
#399=LINE('',#2880,#579);
#400=LINE('',#2882,#580);
#401=LINE('',#2886,#581);
#402=LINE('',#2888,#582);
#403=LINE('',#2890,#583);
#404=LINE('',#2891,#584);
#405=LINE('',#2896,#585);
#406=LINE('',#2900,#586);
#407=LINE('',#2902,#587);
#408=LINE('',#2903,#588);
#409=LINE('',#2908,#589);
#410=LINE('',#2912,#590);
#411=LINE('',#2914,#591);
#412=LINE('',#2915,#592);
#413=LINE('',#2920,#593);
#414=LINE('',#2924,#594);
#415=LINE('',#2926,#595);
#416=LINE('',#2927,#596);
#417=LINE('',#2930,#597);
#418=LINE('',#2932,#598);
#419=LINE('',#2933,#599);
#420=LINE('',#2937,#600);
#421=LINE('',#2939,#601);
#422=LINE('',#2941,#602);
#423=LINE('',#2942,#603);
#424=LINE('',#2945,#604);
#425=LINE('',#2947,#605);
#426=LINE('',#2948,#606);
#427=LINE('',#2953,#607);
#428=LINE('',#2957,#608);
#429=LINE('',#2959,#609);
#430=LINE('',#2961,#610);
#431=LINE('',#2962,#611);
#432=LINE('',#2965,#612);
#433=LINE('',#2967,#613);
#434=LINE('',#2968,#614);
#435=LINE('',#2972,#615);
#436=LINE('',#2974,#616);
#437=LINE('',#2976,#617);
#438=LINE('',#2977,#618);
#439=LINE('',#2980,#619);
#440=LINE('',#2982,#620);
#441=LINE('',#2983,#621);
#442=LINE('',#2988,#622);
#443=LINE('',#2992,#623);
#444=LINE('',#2994,#624);
#445=LINE('',#2995,#625);
#446=LINE('',#3000,#626);
#447=LINE('',#3004,#627);
#448=LINE('',#3006,#628);
#449=LINE('',#3007,#629);
#450=LINE('',#3012,#630);
#451=LINE('',#3016,#631);
#452=LINE('',#3018,#632);
#453=LINE('',#3019,#633);
#454=LINE('',#3024,#634);
#455=LINE('',#3030,#635);
#456=LINE('',#3033,#636);
#457=LINE('',#3036,#637);
#458=LINE('',#3038,#638);
#459=LINE('',#3039,#639);
#460=LINE('',#3044,#640);
#461=LINE('',#3048,#641);
#462=LINE('',#3050,#642);
#463=LINE('',#3051,#643);
#464=LINE('',#3056,#644);
#465=LINE('',#3060,#645);
#466=LINE('',#3062,#646);
#467=LINE('',#3063,#647);
#468=LINE('',#3068,#648);
#469=LINE('',#3072,#649);
#470=LINE('',#3074,#650);
#471=LINE('',#3075,#651);
#472=LINE('',#3078,#652);
#473=LINE('',#3080,#653);
#474=LINE('',#3081,#654);
#475=LINE('',#3085,#655);
#476=LINE('',#3087,#656);
#477=LINE('',#3089,#657);
#478=LINE('',#3090,#658);
#479=LINE('',#3092,#659);
#480=LINE('',#3093,#660);
#481=LINE('',#3095,#661);
#482=LINE('',#3098,#662);
#483=LINE('',#3099,#663);
#484=LINE('',#3101,#664);
#485=LINE('',#3102,#665);
#486=LINE('',#3103,#666);
#487=LINE('',#3105,#667);
#488=LINE('',#3107,#668);
#489=LINE('',#3108,#669);
#490=LINE('',#3110,#670);
#491=LINE('',#3111,#671);
#492=LINE('',#3116,#672);
#493=LINE('',#3123,#673);
#494=LINE('',#3132,#674);
#495=LINE('',#3141,#675);
#496=LINE('',#3149,#676);
#497=LINE('',#3153,#677);
#498=LINE('',#3157,#678);
#499=LINE('',#3161,#679);
#500=LINE('',#3165,#680);
#501=LINE('',#3169,#681);
#502=LINE('',#3174,#682);
#503=LINE('',#3178,#683);
#504=LINE('',#3185,#684);
#505=LINE('',#3192,#685);
#506=LINE('',#3196,#686);
#507=LINE('',#3203,#687);
#508=LINE('',#3206,#688);
#509=LINE('',#3208,#689);
#510=LINE('',#3209,#690);
#511=LINE('',#3215,#691);
#512=LINE('',#3218,#692);
#513=LINE('',#3219,#693);
#514=LINE('',#3221,#694);
#515=LINE('',#3222,#695);
#516=LINE('',#3227,#696);
#517=LINE('',#3230,#697);
#518=LINE('',#3231,#698);
#519=LINE('',#3235,#699);
#520=LINE('',#3239,#700);
#521=LINE('',#3240,#701);
#522=LINE('',#3245,#702);
#523=LINE('',#3247,#703);
#524=LINE('',#3249,#704);
#525=LINE('',#3251,#705);
#526=LINE('',#3253,#706);
#527=VECTOR('',#2145,1.);
#528=VECTOR('',#2156,1.);
#529=VECTOR('',#2165,10.);
#530=VECTOR('',#2166,10.);
#531=VECTOR('',#2167,10.);
#532=VECTOR('',#2168,10.);
#533=VECTOR('',#2171,10.);
#534=VECTOR('',#2172,10.);
#535=VECTOR('',#2173,10.);
#536=VECTOR('',#2174,10.);
#537=VECTOR('',#2179,10.);
#538=VECTOR('',#2182,10.);
#539=VECTOR('',#2183,10.);
#540=VECTOR('',#2184,10.);
#541=VECTOR('',#2185,10.);
#542=VECTOR('',#2192,10.);
#543=VECTOR('',#2195,10.);
#544=VECTOR('',#2198,10.);
#545=VECTOR('',#2201,10.);
#546=VECTOR('',#2204,10.);
#547=VECTOR('',#2223,10.);
#548=VECTOR('',#2224,10.);
#549=VECTOR('',#2225,10.);
#550=VECTOR('',#2226,10.);
#551=VECTOR('',#2227,10.);
#552=VECTOR('',#2232,8.5);
#553=VECTOR('',#2241,7.5);
#554=VECTOR('',#2246,10.);
#555=VECTOR('',#2249,10.);
#556=VECTOR('',#2252,10.);
#557=VECTOR('',#2253,10.);
#558=VECTOR('',#2254,10.);
#559=VECTOR('',#2259,10.);
#560=VECTOR('',#2264,10.);
#561=VECTOR('',#2265,10.);
#562=VECTOR('',#2266,10.);
#563=VECTOR('',#2271,10.);
#564=VECTOR('',#2276,10.);
#565=VECTOR('',#2277,10.);
#566=VECTOR('',#2278,10.);
#567=VECTOR('',#2283,10.);
#568=VECTOR('',#2288,10.);
#569=VECTOR('',#2289,10.);
#570=VECTOR('',#2290,10.);
#571=VECTOR('',#2293,10.);
#572=VECTOR('',#2294,10.);
#573=VECTOR('',#2295,10.);
#574=VECTOR('',#2298,10.);
#575=VECTOR('',#2299,10.);
#576=VECTOR('',#2300,10.);
#577=VECTOR('',#2301,10.);
#578=VECTOR('',#2304,10.);
#579=VECTOR('',#2305,10.);
#580=VECTOR('',#2308,10.);
#581=VECTOR('',#2311,10.);
#582=VECTOR('',#2312,10.);
#583=VECTOR('',#2313,10.);
#584=VECTOR('',#2314,10.);
#585=VECTOR('',#2319,10.);
#586=VECTOR('',#2324,10.);
#587=VECTOR('',#2325,10.);
#588=VECTOR('',#2326,10.);
#589=VECTOR('',#2331,10.);
#590=VECTOR('',#2336,10.);
#591=VECTOR('',#2337,10.);
#592=VECTOR('',#2338,10.);
#593=VECTOR('',#2343,10.);
#594=VECTOR('',#2348,10.);
#595=VECTOR('',#2349,10.);
#596=VECTOR('',#2350,10.);
#597=VECTOR('',#2353,10.);
#598=VECTOR('',#2354,10.);
#599=VECTOR('',#2355,10.);
#600=VECTOR('',#2358,10.);
#601=VECTOR('',#2359,10.);
#602=VECTOR('',#2360,10.);
#603=VECTOR('',#2361,10.);
#604=VECTOR('',#2364,10.);
#605=VECTOR('',#2365,10.);
#606=VECTOR('',#2366,10.);
#607=VECTOR('',#2375,10.);
#608=VECTOR('',#2378,10.);
#609=VECTOR('',#2379,10.);
#610=VECTOR('',#2380,10.);
#611=VECTOR('',#2381,10.);
#612=VECTOR('',#2384,10.);
#613=VECTOR('',#2385,10.);
#614=VECTOR('',#2386,10.);
#615=VECTOR('',#2389,10.);
#616=VECTOR('',#2390,10.);
#617=VECTOR('',#2391,10.);
#618=VECTOR('',#2392,10.);
#619=VECTOR('',#2395,10.);
#620=VECTOR('',#2396,10.);
#621=VECTOR('',#2397,10.);
#622=VECTOR('',#2402,10.);
#623=VECTOR('',#2407,10.);
#624=VECTOR('',#2408,10.);
#625=VECTOR('',#2409,10.);
#626=VECTOR('',#2414,10.);
#627=VECTOR('',#2419,10.);
#628=VECTOR('',#2420,10.);
#629=VECTOR('',#2421,10.);
#630=VECTOR('',#2426,10.);
#631=VECTOR('',#2431,10.);
#632=VECTOR('',#2432,10.);
#633=VECTOR('',#2433,10.);
#634=VECTOR('',#2442,10.);
#635=VECTOR('',#2447,10.);
#636=VECTOR('',#2450,10.);
#637=VECTOR('',#2453,10.);
#638=VECTOR('',#2454,10.);
#639=VECTOR('',#2455,10.);
#640=VECTOR('',#2460,10.);
#641=VECTOR('',#2465,10.);
#642=VECTOR('',#2466,10.);
#643=VECTOR('',#2467,10.);
#644=VECTOR('',#2472,10.);
#645=VECTOR('',#2477,10.);
#646=VECTOR('',#2478,10.);
#647=VECTOR('',#2479,10.);
#648=VECTOR('',#2484,10.);
#649=VECTOR('',#2489,10.);
#650=VECTOR('',#2490,10.);
#651=VECTOR('',#2491,10.);
#652=VECTOR('',#2494,10.);
#653=VECTOR('',#2495,10.);
#654=VECTOR('',#2496,10.);
#655=VECTOR('',#2499,10.);
#656=VECTOR('',#2500,10.);
#657=VECTOR('',#2501,10.);
#658=VECTOR('',#2502,10.);
#659=VECTOR('',#2505,10.);
#660=VECTOR('',#2506,10.);
#661=VECTOR('',#2509,10.);
#662=VECTOR('',#2512,10.);
#663=VECTOR('',#2513,10.);
#664=VECTOR('',#2514,10.);
#665=VECTOR('',#2515,10.);
#666=VECTOR('',#2516,10.);
#667=VECTOR('',#2519,10.);
#668=VECTOR('',#2520,10.);
#669=VECTOR('',#2521,10.);
#670=VECTOR('',#2522,10.);
#671=VECTOR('',#2523,10.);
#672=VECTOR('',#2528,9.05);
#673=VECTOR('',#2537,4.3);
#674=VECTOR('',#2548,4.3);
#675=VECTOR('',#2559,4.3);
#676=VECTOR('',#2570,1.25);
#677=VECTOR('',#2575,1.25);
#678=VECTOR('',#2580,1.25);
#679=VECTOR('',#2585,1.25);
#680=VECTOR('',#2590,0.800000000000001);
#681=VECTOR('',#2595,0.800000000000001);
#682=VECTOR('',#2600,0.800000000000001);
#683=VECTOR('',#2605,3.);
#684=VECTOR('',#2614,3.);
#685=VECTOR('',#2623,1.55);
#686=VECTOR('',#2628,1.55);
#687=VECTOR('',#2637,10.);
#688=VECTOR('',#2640,10.);
#689=VECTOR('',#2641,10.);
#690=VECTOR('',#2642,10.);
#691=VECTOR('',#2649,10.);
#692=VECTOR('',#2652,10.);
#693=VECTOR('',#2653,10.);
#694=VECTOR('',#2654,10.);
#695=VECTOR('',#2655,10.);
#696=VECTOR('',#2660,10.);
#697=VECTOR('',#2665,10.);
#698=VECTOR('',#2666,10.);
#699=VECTOR('',#2671,10.);
#700=VECTOR('',#2676,10.);
#701=VECTOR('',#2677,10.);
#702=VECTOR('',#2686,4.75);
#703=VECTOR('',#2689,4.75);
#704=VECTOR('',#2692,4.75);
#705=VECTOR('',#2695,10.);
#706=VECTOR('',#2698,10.);
#707=CIRCLE('',#1947,1.);
#708=CIRCLE('',#1948,1.);
#709=CIRCLE('',#1950,0.800000000000001);
#710=CIRCLE('',#1952,1.);
#711=CIRCLE('',#1953,1.);
#712=CIRCLE('',#1955,0.800000000000001);
#713=CIRCLE('',#1959,7.5);
#714=CIRCLE('',#1961,4.75);
#715=CIRCLE('',#1962,4.75);
#716=CIRCLE('',#1963,4.75);
#717=CIRCLE('',#1964,1.00000000000001);
#718=CIRCLE('',#1965,0.999999999999996);
#719=CIRCLE('',#1966,0.999999999999996);
#720=CIRCLE('',#1967,0.999999999999988);
#721=CIRCLE('',#1968,7.5);
#722=CIRCLE('',#1969,7.5);
#723=CIRCLE('',#1970,3.);
#724=CIRCLE('',#1971,3.);
#725=CIRCLE('',#1972,1.25);
#726=CIRCLE('',#1973,1.25);
#727=CIRCLE('',#1974,1.25);
#728=CIRCLE('',#1975,1.25);
#729=CIRCLE('',#1978,8.5);
#730=CIRCLE('',#1979,8.5);
#731=CIRCLE('',#1981,7.5);
#732=CIRCLE('',#1984,0.999999999999992);
#733=CIRCLE('',#1985,0.999999999999992);
#734=CIRCLE('',#1988,0.999999999999996);
#735=CIRCLE('',#1989,0.999999999999996);
#736=CIRCLE('',#1992,0.999999999999996);
#737=CIRCLE('',#1993,0.999999999999996);
#738=CIRCLE('',#1996,0.999999999999996);
#739=CIRCLE('',#1997,0.999999999999996);
#740=CIRCLE('',#2005,0.999999999999996);
#741=CIRCLE('',#2006,0.999999999999996);
#742=CIRCLE('',#2009,0.999999999999996);
#743=CIRCLE('',#2010,0.999999999999996);
#744=CIRCLE('',#2013,0.999999999999996);
#745=CIRCLE('',#2014,0.999999999999996);
#746=CIRCLE('',#2020,0.999999999999996);
#747=CIRCLE('',#2021,0.999999999999996);
#748=CIRCLE('',#2028,0.999999999999994);
#749=CIRCLE('',#2029,0.999999999999994);
#750=CIRCLE('',#2032,1.00000000000001);
#751=CIRCLE('',#2033,1.00000000000001);
#752=CIRCLE('',#2036,0.999999999999992);
#753=CIRCLE('',#2037,0.999999999999992);
#754=CIRCLE('',#2040,0.999999999999996);
#755=CIRCLE('',#2041,0.999999999999996);
#756=CIRCLE('',#2044,0.999999999999996);
#757=CIRCLE('',#2045,0.999999999999996);
#758=CIRCLE('',#2048,0.999999999999996);
#759=CIRCLE('',#2049,0.999999999999996);
#760=CIRCLE('',#2052,0.999999999999996);
#761=CIRCLE('',#2053,0.999999999999996);
#762=CIRCLE('',#2056,0.999999999999996);
#763=CIRCLE('',#2057,0.999999999999996);
#764=CIRCLE('',#2066,9.05);
#765=CIRCLE('',#2067,9.05);
#766=CIRCLE('',#2070,4.3);
#767=CIRCLE('',#2071,4.3);
#768=CIRCLE('',#2073,4.75);
#769=CIRCLE('',#2075,4.3);
#770=CIRCLE('',#2076,4.3);
#771=CIRCLE('',#2078,4.75);
#772=CIRCLE('',#2080,4.3);
#773=CIRCLE('',#2081,4.3);
#774=CIRCLE('',#2083,4.75);
#775=CIRCLE('',#2085,1.25);
#776=CIRCLE('',#2087,1.25);
#777=CIRCLE('',#2089,1.25);
#778=CIRCLE('',#2091,1.25);
#779=CIRCLE('',#2093,0.800000000000001);
#780=CIRCLE('',#2095,0.800000000000001);
#781=CIRCLE('',#2097,0.800000000000001);
#782=CIRCLE('',#2098,0.800000000000001);
#783=CIRCLE('',#2100,3.);
#784=CIRCLE('',#2102,1.55);
#785=CIRCLE('',#2104,3.);
#786=CIRCLE('',#2106,1.55);
#787=CIRCLE('',#2108,1.55);
#788=CIRCLE('',#2110,1.55);
#789=CIRCLE('',#2112,1.00000000000001);
#790=CIRCLE('',#2113,1.00000000000001);
#791=CIRCLE('',#2116,0.999999999999996);
#792=CIRCLE('',#2117,0.999999999999996);
#793=CIRCLE('',#2120,0.999999999999988);
#794=CIRCLE('',#2121,0.999999999999996);
#795=CIRCLE('',#2125,0.999999999999996);
#796=CIRCLE('',#2128,1.00000000000001);
#797=VERTEX_POINT('',#2706);
#798=VERTEX_POINT('',#2708);
#799=VERTEX_POINT('',#2712);
#800=VERTEX_POINT('',#2715);
#801=VERTEX_POINT('',#2717);
#802=VERTEX_POINT('',#2721);
#803=VERTEX_POINT('',#2724);
#804=VERTEX_POINT('',#2725);
#805=VERTEX_POINT('',#2727);
#806=VERTEX_POINT('',#2729);
#807=VERTEX_POINT('',#2733);
#808=VERTEX_POINT('',#2734);
#809=VERTEX_POINT('',#2736);
#810=VERTEX_POINT('',#2738);
#811=VERTEX_POINT('',#2745);
#812=VERTEX_POINT('',#2746);
#813=VERTEX_POINT('',#2748);
#814=VERTEX_POINT('',#2750);
#815=VERTEX_POINT('',#2753);
#816=VERTEX_POINT('',#2755);
#817=VERTEX_POINT('',#2757);
#818=VERTEX_POINT('',#2759);
#819=VERTEX_POINT('',#2761);
#820=VERTEX_POINT('',#2763);
#821=VERTEX_POINT('',#2765);
#822=VERTEX_POINT('',#2767);
#823=VERTEX_POINT('',#2769);
#824=VERTEX_POINT('',#2771);
#825=VERTEX_POINT('',#2773);
#826=VERTEX_POINT('',#2776);
#827=VERTEX_POINT('',#2779);
#828=VERTEX_POINT('',#2781);
#829=VERTEX_POINT('',#2783);
#830=VERTEX_POINT('',#2785);
#831=VERTEX_POINT('',#2787);
#832=VERTEX_POINT('',#2789);
#833=VERTEX_POINT('',#2792);
#834=VERTEX_POINT('',#2794);
#835=VERTEX_POINT('',#2796);
#836=VERTEX_POINT('',#2798);
#837=VERTEX_POINT('',#2802);
#838=VERTEX_POINT('',#2804);
#839=VERTEX_POINT('',#2808);
#840=VERTEX_POINT('',#2813);
#841=VERTEX_POINT('',#2814);
#842=VERTEX_POINT('',#2816);
#843=VERTEX_POINT('',#2818);
#844=VERTEX_POINT('',#2822);
#845=VERTEX_POINT('',#2824);
#846=VERTEX_POINT('',#2828);
#847=VERTEX_POINT('',#2830);
#848=VERTEX_POINT('',#2834);
#849=VERTEX_POINT('',#2836);
#850=VERTEX_POINT('',#2840);
#851=VERTEX_POINT('',#2842);
#852=VERTEX_POINT('',#2846);
#853=VERTEX_POINT('',#2848);
#854=VERTEX_POINT('',#2852);
#855=VERTEX_POINT('',#2854);
#856=VERTEX_POINT('',#2858);
#857=VERTEX_POINT('',#2860);
#858=VERTEX_POINT('',#2864);
#859=VERTEX_POINT('',#2866);
#860=VERTEX_POINT('',#2870);
#861=VERTEX_POINT('',#2871);
#862=VERTEX_POINT('',#2873);
#863=VERTEX_POINT('',#2875);
#864=VERTEX_POINT('',#2884);
#865=VERTEX_POINT('',#2885);
#866=VERTEX_POINT('',#2887);
#867=VERTEX_POINT('',#2889);
#868=VERTEX_POINT('',#2893);
#869=VERTEX_POINT('',#2895);
#870=VERTEX_POINT('',#2899);
#871=VERTEX_POINT('',#2901);
#872=VERTEX_POINT('',#2905);
#873=VERTEX_POINT('',#2907);
#874=VERTEX_POINT('',#2911);
#875=VERTEX_POINT('',#2913);
#876=VERTEX_POINT('',#2917);
#877=VERTEX_POINT('',#2919);
#878=VERTEX_POINT('',#2923);
#879=VERTEX_POINT('',#2925);
#880=VERTEX_POINT('',#2929);
#881=VERTEX_POINT('',#2931);
#882=VERTEX_POINT('',#2935);
#883=VERTEX_POINT('',#2936);
#884=VERTEX_POINT('',#2938);
#885=VERTEX_POINT('',#2940);
#886=VERTEX_POINT('',#2944);
#887=VERTEX_POINT('',#2946);
#888=VERTEX_POINT('',#2955);
#889=VERTEX_POINT('',#2956);
#890=VERTEX_POINT('',#2958);
#891=VERTEX_POINT('',#2960);
#892=VERTEX_POINT('',#2964);
#893=VERTEX_POINT('',#2966);
#894=VERTEX_POINT('',#2970);
#895=VERTEX_POINT('',#2971);
#896=VERTEX_POINT('',#2973);
#897=VERTEX_POINT('',#2975);
#898=VERTEX_POINT('',#2979);
#899=VERTEX_POINT('',#2981);
#900=VERTEX_POINT('',#2985);
#901=VERTEX_POINT('',#2987);
#902=VERTEX_POINT('',#2991);
#903=VERTEX_POINT('',#2993);
#904=VERTEX_POINT('',#2997);
#905=VERTEX_POINT('',#2999);
#906=VERTEX_POINT('',#3003);
#907=VERTEX_POINT('',#3005);
#908=VERTEX_POINT('',#3009);
#909=VERTEX_POINT('',#3011);
#910=VERTEX_POINT('',#3015);
#911=VERTEX_POINT('',#3017);
#912=VERTEX_POINT('',#3026);
#913=VERTEX_POINT('',#3027);
#914=VERTEX_POINT('',#3029);
#915=VERTEX_POINT('',#3031);
#916=VERTEX_POINT('',#3035);
#917=VERTEX_POINT('',#3037);
#918=VERTEX_POINT('',#3041);
#919=VERTEX_POINT('',#3043);
#920=VERTEX_POINT('',#3047);
#921=VERTEX_POINT('',#3049);
#922=VERTEX_POINT('',#3053);
#923=VERTEX_POINT('',#3055);
#924=VERTEX_POINT('',#3059);
#925=VERTEX_POINT('',#3061);
#926=VERTEX_POINT('',#3065);
#927=VERTEX_POINT('',#3067);
#928=VERTEX_POINT('',#3071);
#929=VERTEX_POINT('',#3073);
#930=VERTEX_POINT('',#3077);
#931=VERTEX_POINT('',#3079);
#932=VERTEX_POINT('',#3083);
#933=VERTEX_POINT('',#3084);
#934=VERTEX_POINT('',#3086);
#935=VERTEX_POINT('',#3088);
#936=VERTEX_POINT('',#3097);
#937=VERTEX_POINT('',#3100);
#938=VERTEX_POINT('',#3106);
#939=VERTEX_POINT('',#3109);
#940=VERTEX_POINT('',#3113);
#941=VERTEX_POINT('',#3115);
#942=VERTEX_POINT('',#3120);
#943=VERTEX_POINT('',#3122);
#944=VERTEX_POINT('',#3126);
#945=VERTEX_POINT('',#3129);
#946=VERTEX_POINT('',#3131);
#947=VERTEX_POINT('',#3135);
#948=VERTEX_POINT('',#3138);
#949=VERTEX_POINT('',#3140);
#950=VERTEX_POINT('',#3144);
#951=VERTEX_POINT('',#3147);
#952=VERTEX_POINT('',#3151);
#953=VERTEX_POINT('',#3155);
#954=VERTEX_POINT('',#3159);
#955=VERTEX_POINT('',#3163);
#956=VERTEX_POINT('',#3167);
#957=VERTEX_POINT('',#3171);
#958=VERTEX_POINT('',#3173);
#959=VERTEX_POINT('',#3177);
#960=VERTEX_POINT('',#3181);
#961=VERTEX_POINT('',#3184);
#962=VERTEX_POINT('',#3188);
#963=VERTEX_POINT('',#3191);
#964=VERTEX_POINT('',#3195);
#965=VERTEX_POINT('',#3199);
#966=VERTEX_POINT('',#3201);
#967=VERTEX_POINT('',#3205);
#968=VERTEX_POINT('',#3207);
#969=VERTEX_POINT('',#3211);
#970=VERTEX_POINT('',#3213);
#971=VERTEX_POINT('',#3217);
#972=VERTEX_POINT('',#3220);
#973=VERTEX_POINT('',#3224);
#974=VERTEX_POINT('',#3226);
#975=VERTEX_POINT('',#3234);
#976=VERTEX_POINT('',#3238);
#977=EDGE_CURVE('',#797,#797,#707,.T.);
#978=EDGE_CURVE('',#797,#798,#347,.T.);
#979=EDGE_CURVE('',#798,#798,#708,.T.);
#980=EDGE_CURVE('',#799,#799,#709,.T.);
#981=EDGE_CURVE('',#800,#800,#710,.T.);
#982=EDGE_CURVE('',#800,#801,#348,.T.);
#983=EDGE_CURVE('',#801,#801,#711,.T.);
#984=EDGE_CURVE('',#802,#802,#712,.T.);
#985=EDGE_CURVE('',#803,#804,#349,.T.);
#986=EDGE_CURVE('',#803,#805,#350,.T.);
#987=EDGE_CURVE('',#806,#805,#351,.T.);
#988=EDGE_CURVE('',#804,#806,#352,.T.);
#989=EDGE_CURVE('',#807,#808,#353,.T.);
#990=EDGE_CURVE('',#809,#807,#354,.T.);
#991=EDGE_CURVE('',#810,#809,#355,.T.);
#992=EDGE_CURVE('',#810,#808,#356,.T.);
#993=EDGE_CURVE('',#808,#803,#713,.T.);
#994=EDGE_CURVE('',#805,#810,#357,.T.);
#995=EDGE_CURVE('',#811,#812,#358,.T.);
#996=EDGE_CURVE('',#812,#813,#359,.T.);
#997=EDGE_CURVE('',#813,#814,#360,.T.);
#998=EDGE_CURVE('',#814,#811,#361,.T.);
#999=EDGE_CURVE('',#815,#815,#714,.T.);
#1000=EDGE_CURVE('',#816,#816,#715,.T.);
#1001=EDGE_CURVE('',#817,#817,#716,.T.);
#1002=EDGE_CURVE('',#806,#818,#362,.T.);
#1003=EDGE_CURVE('',#818,#819,#717,.T.);
#1004=EDGE_CURVE('',#819,#820,#363,.T.);
#1005=EDGE_CURVE('',#820,#821,#718,.T.);
#1006=EDGE_CURVE('',#821,#822,#364,.T.);
#1007=EDGE_CURVE('',#822,#823,#719,.T.);
#1008=EDGE_CURVE('',#823,#824,#365,.T.);
#1009=EDGE_CURVE('',#824,#825,#720,.T.);
#1010=EDGE_CURVE('',#825,#809,#366,.T.);
#1011=EDGE_CURVE('',#807,#826,#721,.T.);
#1012=EDGE_CURVE('',#826,#804,#722,.T.);
#1013=EDGE_CURVE('',#827,#827,#723,.T.);
#1014=EDGE_CURVE('',#828,#828,#724,.T.);
#1015=EDGE_CURVE('',#829,#829,#725,.T.);
#1016=EDGE_CURVE('',#830,#830,#726,.T.);
#1017=EDGE_CURVE('',#831,#831,#727,.T.);
#1018=EDGE_CURVE('',#832,#832,#728,.T.);
#1019=EDGE_CURVE('',#825,#833,#367,.T.);
#1020=EDGE_CURVE('',#833,#834,#368,.T.);
#1021=EDGE_CURVE('',#834,#835,#369,.T.);
#1022=EDGE_CURVE('',#836,#835,#370,.T.);
#1023=EDGE_CURVE('',#818,#836,#371,.T.);
#1024=EDGE_CURVE('',#837,#837,#729,.T.);
#1025=EDGE_CURVE('',#837,#838,#372,.T.);
#1026=EDGE_CURVE('',#838,#838,#730,.T.);
#1027=EDGE_CURVE('',#839,#839,#731,.T.);
#1028=EDGE_CURVE('',#826,#839,#373,.T.);
#1029=EDGE_CURVE('',#840,#841,#732,.T.);
#1030=EDGE_CURVE('',#840,#842,#374,.T.);
#1031=EDGE_CURVE('',#842,#843,#733,.T.);
#1032=EDGE_CURVE('',#841,#843,#375,.T.);
#1033=EDGE_CURVE('',#844,#840,#376,.T.);
#1034=EDGE_CURVE('',#844,#845,#377,.T.);
#1035=EDGE_CURVE('',#845,#842,#378,.T.);
#1036=EDGE_CURVE('',#846,#844,#734,.T.);
#1037=EDGE_CURVE('',#846,#847,#379,.T.);
#1038=EDGE_CURVE('',#847,#845,#735,.T.);
#1039=EDGE_CURVE('',#848,#846,#380,.T.);
#1040=EDGE_CURVE('',#848,#849,#381,.T.);
#1041=EDGE_CURVE('',#849,#847,#382,.T.);
#1042=EDGE_CURVE('',#850,#848,#736,.T.);
#1043=EDGE_CURVE('',#850,#851,#383,.T.);
#1044=EDGE_CURVE('',#851,#849,#737,.T.);
#1045=EDGE_CURVE('',#852,#850,#384,.T.);
#1046=EDGE_CURVE('',#852,#853,#385,.T.);
#1047=EDGE_CURVE('',#853,#851,#386,.T.);
#1048=EDGE_CURVE('',#854,#852,#738,.T.);
#1049=EDGE_CURVE('',#854,#855,#387,.T.);
#1050=EDGE_CURVE('',#855,#853,#739,.T.);
#1051=EDGE_CURVE('',#856,#854,#388,.T.);
#1052=EDGE_CURVE('',#856,#857,#389,.T.);
#1053=EDGE_CURVE('',#857,#855,#390,.T.);
#1054=EDGE_CURVE('',#858,#856,#391,.T.);
#1055=EDGE_CURVE('',#859,#858,#392,.T.);
#1056=EDGE_CURVE('',#859,#857,#393,.T.);
#1057=EDGE_CURVE('',#860,#861,#394,.T.);
#1058=EDGE_CURVE('',#860,#862,#395,.T.);
#1059=EDGE_CURVE('',#862,#863,#396,.T.);
#1060=EDGE_CURVE('',#861,#863,#397,.T.);
#1061=EDGE_CURVE('',#841,#860,#398,.T.);
#1062=EDGE_CURVE('',#843,#862,#399,.T.);
#1063=EDGE_CURVE('',#863,#859,#400,.T.);
#1064=EDGE_CURVE('',#864,#865,#401,.T.);
#1065=EDGE_CURVE('',#864,#866,#402,.T.);
#1066=EDGE_CURVE('',#866,#867,#403,.T.);
#1067=EDGE_CURVE('',#865,#867,#404,.T.);
#1068=EDGE_CURVE('',#868,#864,#740,.T.);
#1069=EDGE_CURVE('',#868,#869,#405,.T.);
#1070=EDGE_CURVE('',#869,#866,#741,.T.);
#1071=EDGE_CURVE('',#870,#868,#406,.T.);
#1072=EDGE_CURVE('',#870,#871,#407,.T.);
#1073=EDGE_CURVE('',#871,#869,#408,.T.);
#1074=EDGE_CURVE('',#872,#870,#742,.T.);
#1075=EDGE_CURVE('',#872,#873,#409,.T.);
#1076=EDGE_CURVE('',#873,#871,#743,.T.);
#1077=EDGE_CURVE('',#874,#872,#410,.T.);
#1078=EDGE_CURVE('',#874,#875,#411,.T.);
#1079=EDGE_CURVE('',#875,#873,#412,.T.);
#1080=EDGE_CURVE('',#876,#874,#744,.T.);
#1081=EDGE_CURVE('',#876,#877,#413,.T.);
#1082=EDGE_CURVE('',#877,#875,#745,.T.);
#1083=EDGE_CURVE('',#878,#876,#414,.T.);
#1084=EDGE_CURVE('',#878,#879,#415,.T.);
#1085=EDGE_CURVE('',#879,#877,#416,.T.);
#1086=EDGE_CURVE('',#880,#878,#417,.T.);
#1087=EDGE_CURVE('',#881,#880,#418,.T.);
#1088=EDGE_CURVE('',#881,#879,#419,.T.);
#1089=EDGE_CURVE('',#882,#883,#420,.T.);
#1090=EDGE_CURVE('',#882,#884,#421,.T.);
#1091=EDGE_CURVE('',#884,#885,#422,.T.);
#1092=EDGE_CURVE('',#883,#885,#423,.T.);
#1093=EDGE_CURVE('',#886,#882,#424,.T.);
#1094=EDGE_CURVE('',#886,#887,#425,.T.);
#1095=EDGE_CURVE('',#887,#884,#426,.T.);
#1096=EDGE_CURVE('',#865,#886,#746,.T.);
#1097=EDGE_CURVE('',#867,#887,#747,.T.);
#1098=EDGE_CURVE('',#885,#881,#427,.T.);
#1099=EDGE_CURVE('',#888,#889,#428,.T.);
#1100=EDGE_CURVE('',#888,#890,#429,.T.);
#1101=EDGE_CURVE('',#890,#891,#430,.T.);
#1102=EDGE_CURVE('',#889,#891,#431,.T.);
#1103=EDGE_CURVE('',#892,#888,#432,.T.);
#1104=EDGE_CURVE('',#893,#892,#433,.T.);
#1105=EDGE_CURVE('',#893,#890,#434,.T.);
#1106=EDGE_CURVE('',#894,#895,#435,.T.);
#1107=EDGE_CURVE('',#894,#896,#436,.T.);
#1108=EDGE_CURVE('',#896,#897,#437,.T.);
#1109=EDGE_CURVE('',#895,#897,#438,.T.);
#1110=EDGE_CURVE('',#898,#894,#439,.T.);
#1111=EDGE_CURVE('',#898,#899,#440,.T.);
#1112=EDGE_CURVE('',#899,#896,#441,.T.);
#1113=EDGE_CURVE('',#900,#898,#748,.T.);
#1114=EDGE_CURVE('',#900,#901,#442,.T.);
#1115=EDGE_CURVE('',#901,#899,#749,.T.);
#1116=EDGE_CURVE('',#902,#900,#443,.T.);
#1117=EDGE_CURVE('',#902,#903,#444,.T.);
#1118=EDGE_CURVE('',#903,#901,#445,.T.);
#1119=EDGE_CURVE('',#904,#902,#750,.T.);
#1120=EDGE_CURVE('',#904,#905,#446,.T.);
#1121=EDGE_CURVE('',#905,#903,#751,.T.);
#1122=EDGE_CURVE('',#906,#904,#447,.T.);
#1123=EDGE_CURVE('',#906,#907,#448,.T.);
#1124=EDGE_CURVE('',#907,#905,#449,.T.);
#1125=EDGE_CURVE('',#908,#906,#752,.T.);
#1126=EDGE_CURVE('',#908,#909,#450,.T.);
#1127=EDGE_CURVE('',#909,#907,#753,.T.);
#1128=EDGE_CURVE('',#910,#908,#451,.T.);
#1129=EDGE_CURVE('',#910,#911,#452,.T.);
#1130=EDGE_CURVE('',#911,#909,#453,.T.);
#1131=EDGE_CURVE('',#889,#910,#754,.T.);
#1132=EDGE_CURVE('',#891,#911,#755,.T.);
#1133=EDGE_CURVE('',#897,#893,#454,.T.);
#1134=EDGE_CURVE('',#912,#913,#756,.T.);
#1135=EDGE_CURVE('',#912,#914,#455,.T.);
#1136=EDGE_CURVE('',#914,#915,#757,.T.);
#1137=EDGE_CURVE('',#913,#915,#456,.T.);
#1138=EDGE_CURVE('',#916,#912,#457,.T.);
#1139=EDGE_CURVE('',#916,#917,#458,.T.);
#1140=EDGE_CURVE('',#917,#914,#459,.T.);
#1141=EDGE_CURVE('',#918,#916,#758,.T.);
#1142=EDGE_CURVE('',#918,#919,#460,.T.);
#1143=EDGE_CURVE('',#919,#917,#759,.T.);
#1144=EDGE_CURVE('',#920,#918,#461,.T.);
#1145=EDGE_CURVE('',#920,#921,#462,.T.);
#1146=EDGE_CURVE('',#921,#919,#463,.T.);
#1147=EDGE_CURVE('',#922,#920,#760,.T.);
#1148=EDGE_CURVE('',#922,#923,#464,.T.);
#1149=EDGE_CURVE('',#923,#921,#761,.T.);
#1150=EDGE_CURVE('',#924,#922,#465,.T.);
#1151=EDGE_CURVE('',#924,#925,#466,.T.);
#1152=EDGE_CURVE('',#925,#923,#467,.T.);
#1153=EDGE_CURVE('',#926,#924,#762,.T.);
#1154=EDGE_CURVE('',#926,#927,#468,.T.);
#1155=EDGE_CURVE('',#927,#925,#763,.T.);
#1156=EDGE_CURVE('',#928,#926,#469,.T.);
#1157=EDGE_CURVE('',#928,#929,#470,.T.);
#1158=EDGE_CURVE('',#929,#927,#471,.T.);
#1159=EDGE_CURVE('',#930,#928,#472,.T.);
#1160=EDGE_CURVE('',#931,#930,#473,.T.);
#1161=EDGE_CURVE('',#931,#929,#474,.T.);
#1162=EDGE_CURVE('',#932,#933,#475,.T.);
#1163=EDGE_CURVE('',#932,#934,#476,.T.);
#1164=EDGE_CURVE('',#934,#935,#477,.T.);
#1165=EDGE_CURVE('',#933,#935,#478,.T.);
#1166=EDGE_CURVE('',#913,#932,#479,.T.);
#1167=EDGE_CURVE('',#915,#934,#480,.T.);
#1168=EDGE_CURVE('',#935,#931,#481,.T.);
#1169=EDGE_CURVE('',#936,#858,#482,.T.);
#1170=EDGE_CURVE('',#936,#813,#483,.T.);
#1171=EDGE_CURVE('',#937,#812,#484,.T.);
#1172=EDGE_CURVE('',#895,#937,#485,.T.);
#1173=EDGE_CURVE('',#861,#892,#486,.T.);
#1174=EDGE_CURVE('',#933,#880,#487,.T.);
#1175=EDGE_CURVE('',#938,#930,#488,.T.);
#1176=EDGE_CURVE('',#938,#811,#489,.T.);
#1177=EDGE_CURVE('',#939,#814,#490,.T.);
#1178=EDGE_CURVE('',#883,#939,#491,.T.);
#1179=EDGE_CURVE('',#940,#940,#764,.T.);
#1180=EDGE_CURVE('',#940,#941,#492,.T.);
#1181=EDGE_CURVE('',#941,#941,#765,.T.);
#1182=EDGE_CURVE('',#942,#942,#766,.T.);
#1183=EDGE_CURVE('',#942,#943,#493,.T.);
#1184=EDGE_CURVE('',#943,#943,#767,.T.);
#1185=EDGE_CURVE('',#944,#944,#768,.T.);
#1186=EDGE_CURVE('',#945,#945,#769,.T.);
#1187=EDGE_CURVE('',#945,#946,#494,.T.);
#1188=EDGE_CURVE('',#946,#946,#770,.T.);
#1189=EDGE_CURVE('',#947,#947,#771,.T.);
#1190=EDGE_CURVE('',#948,#948,#772,.T.);
#1191=EDGE_CURVE('',#948,#949,#495,.T.);
#1192=EDGE_CURVE('',#949,#949,#773,.T.);
#1193=EDGE_CURVE('',#950,#950,#774,.T.);
#1194=EDGE_CURVE('',#951,#951,#775,.T.);
#1195=EDGE_CURVE('',#951,#832,#496,.T.);
#1196=EDGE_CURVE('',#952,#952,#776,.T.);
#1197=EDGE_CURVE('',#952,#831,#497,.T.);
#1198=EDGE_CURVE('',#953,#953,#777,.T.);
#1199=EDGE_CURVE('',#953,#830,#498,.T.);
#1200=EDGE_CURVE('',#954,#954,#778,.T.);
#1201=EDGE_CURVE('',#954,#829,#499,.T.);
#1202=EDGE_CURVE('',#955,#955,#779,.T.);
#1203=EDGE_CURVE('',#955,#799,#500,.T.);
#1204=EDGE_CURVE('',#956,#956,#780,.T.);
#1205=EDGE_CURVE('',#956,#802,#501,.T.);
#1206=EDGE_CURVE('',#957,#957,#781,.T.);
#1207=EDGE_CURVE('',#957,#958,#502,.T.);
#1208=EDGE_CURVE('',#958,#958,#782,.T.);
#1209=EDGE_CURVE('',#828,#959,#503,.T.);
#1210=EDGE_CURVE('',#959,#959,#783,.T.);
#1211=EDGE_CURVE('',#960,#960,#784,.T.);
#1212=EDGE_CURVE('',#827,#961,#504,.T.);
#1213=EDGE_CURVE('',#961,#961,#785,.T.);
#1214=EDGE_CURVE('',#962,#962,#786,.T.);
#1215=EDGE_CURVE('',#960,#963,#505,.T.);
#1216=EDGE_CURVE('',#963,#963,#787,.T.);
#1217=EDGE_CURVE('',#962,#964,#506,.T.);
#1218=EDGE_CURVE('',#964,#964,#788,.T.);
#1219=EDGE_CURVE('',#835,#965,#789,.T.);
#1220=EDGE_CURVE('',#966,#834,#790,.T.);
#1221=EDGE_CURVE('',#966,#965,#507,.T.);
#1222=EDGE_CURVE('',#965,#967,#508,.T.);
#1223=EDGE_CURVE('',#968,#966,#509,.T.);
#1224=EDGE_CURVE('',#968,#967,#510,.T.);
#1225=EDGE_CURVE('',#967,#969,#791,.T.);
#1226=EDGE_CURVE('',#970,#968,#792,.T.);
#1227=EDGE_CURVE('',#970,#969,#511,.T.);
#1228=EDGE_CURVE('',#970,#971,#512,.T.);
#1229=EDGE_CURVE('',#822,#971,#513,.T.);
#1230=EDGE_CURVE('',#821,#972,#514,.T.);
#1231=EDGE_CURVE('',#969,#972,#515,.T.);
#1232=EDGE_CURVE('',#973,#833,#793,.T.);
#1233=EDGE_CURVE('',#974,#973,#516,.T.);
#1234=EDGE_CURVE('',#971,#974,#794,.T.);
#1235=EDGE_CURVE('',#823,#974,#517,.T.);
#1236=EDGE_CURVE('',#824,#973,#518,.T.);
#1237=EDGE_CURVE('',#820,#975,#519,.T.);
#1238=EDGE_CURVE('',#972,#975,#795,.T.);
#1239=EDGE_CURVE('',#819,#976,#520,.T.);
#1240=EDGE_CURVE('',#975,#976,#521,.T.);
#1241=EDGE_CURVE('',#976,#836,#796,.T.);
#1242=EDGE_CURVE('',#815,#944,#522,.T.);
#1243=EDGE_CURVE('',#816,#947,#523,.T.);
#1244=EDGE_CURVE('',#817,#950,#524,.T.);
#1245=EDGE_CURVE('',#939,#936,#525,.T.);
#1246=EDGE_CURVE('',#937,#938,#526,.T.);
#1247=ORIENTED_EDGE('',*,*,#977,.T.);
#1248=ORIENTED_EDGE('',*,*,#978,.T.);
#1249=ORIENTED_EDGE('',*,*,#979,.F.);
#1250=ORIENTED_EDGE('',*,*,#978,.F.);
#1251=ORIENTED_EDGE('',*,*,#977,.F.);
#1252=ORIENTED_EDGE('',*,*,#980,.F.);
#1253=ORIENTED_EDGE('',*,*,#981,.T.);
#1254=ORIENTED_EDGE('',*,*,#982,.T.);
#1255=ORIENTED_EDGE('',*,*,#983,.F.);
#1256=ORIENTED_EDGE('',*,*,#982,.F.);
#1257=ORIENTED_EDGE('',*,*,#981,.F.);
#1258=ORIENTED_EDGE('',*,*,#984,.F.);
#1259=ORIENTED_EDGE('',*,*,#985,.F.);
#1260=ORIENTED_EDGE('',*,*,#986,.T.);
#1261=ORIENTED_EDGE('',*,*,#987,.F.);
#1262=ORIENTED_EDGE('',*,*,#988,.F.);
#1263=ORIENTED_EDGE('',*,*,#989,.F.);
#1264=ORIENTED_EDGE('',*,*,#990,.F.);
#1265=ORIENTED_EDGE('',*,*,#991,.F.);
#1266=ORIENTED_EDGE('',*,*,#992,.T.);
#1267=ORIENTED_EDGE('',*,*,#993,.F.);
#1268=ORIENTED_EDGE('',*,*,#992,.F.);
#1269=ORIENTED_EDGE('',*,*,#994,.F.);
#1270=ORIENTED_EDGE('',*,*,#986,.F.);
#1271=ORIENTED_EDGE('',*,*,#995,.T.);
#1272=ORIENTED_EDGE('',*,*,#996,.T.);
#1273=ORIENTED_EDGE('',*,*,#997,.T.);
#1274=ORIENTED_EDGE('',*,*,#998,.T.);
#1275=ORIENTED_EDGE('',*,*,#979,.T.);
#1276=ORIENTED_EDGE('',*,*,#983,.T.);
#1277=ORIENTED_EDGE('',*,*,#999,.T.);
#1278=ORIENTED_EDGE('',*,*,#1000,.T.);
#1279=ORIENTED_EDGE('',*,*,#1001,.T.);
#1280=ORIENTED_EDGE('',*,*,#988,.T.);
#1281=ORIENTED_EDGE('',*,*,#1002,.T.);
#1282=ORIENTED_EDGE('',*,*,#1003,.T.);
#1283=ORIENTED_EDGE('',*,*,#1004,.T.);
#1284=ORIENTED_EDGE('',*,*,#1005,.T.);
#1285=ORIENTED_EDGE('',*,*,#1006,.T.);
#1286=ORIENTED_EDGE('',*,*,#1007,.T.);
#1287=ORIENTED_EDGE('',*,*,#1008,.T.);
#1288=ORIENTED_EDGE('',*,*,#1009,.T.);
#1289=ORIENTED_EDGE('',*,*,#1010,.T.);
#1290=ORIENTED_EDGE('',*,*,#990,.T.);
#1291=ORIENTED_EDGE('',*,*,#1011,.T.);
#1292=ORIENTED_EDGE('',*,*,#1012,.T.);
#1293=ORIENTED_EDGE('',*,*,#1013,.T.);
#1294=ORIENTED_EDGE('',*,*,#1014,.T.);
#1295=ORIENTED_EDGE('',*,*,#1015,.T.);
#1296=ORIENTED_EDGE('',*,*,#1016,.T.);
#1297=ORIENTED_EDGE('',*,*,#1017,.T.);
#1298=ORIENTED_EDGE('',*,*,#1018,.T.);
#1299=ORIENTED_EDGE('',*,*,#987,.T.);
#1300=ORIENTED_EDGE('',*,*,#994,.T.);
#1301=ORIENTED_EDGE('',*,*,#991,.T.);
#1302=ORIENTED_EDGE('',*,*,#1010,.F.);
#1303=ORIENTED_EDGE('',*,*,#1019,.T.);
#1304=ORIENTED_EDGE('',*,*,#1020,.T.);
#1305=ORIENTED_EDGE('',*,*,#1021,.T.);
#1306=ORIENTED_EDGE('',*,*,#1022,.F.);
#1307=ORIENTED_EDGE('',*,*,#1023,.F.);
#1308=ORIENTED_EDGE('',*,*,#1002,.F.);
#1309=ORIENTED_EDGE('',*,*,#1024,.T.);
#1310=ORIENTED_EDGE('',*,*,#1025,.T.);
#1311=ORIENTED_EDGE('',*,*,#1026,.T.);
#1312=ORIENTED_EDGE('',*,*,#1025,.F.);
#1313=ORIENTED_EDGE('',*,*,#1026,.F.);
#1314=ORIENTED_EDGE('',*,*,#1027,.F.);
#1315=ORIENTED_EDGE('',*,*,#985,.T.);
#1316=ORIENTED_EDGE('',*,*,#1012,.F.);
#1317=ORIENTED_EDGE('',*,*,#1028,.T.);
#1318=ORIENTED_EDGE('',*,*,#1027,.T.);
#1319=ORIENTED_EDGE('',*,*,#1028,.F.);
#1320=ORIENTED_EDGE('',*,*,#1011,.F.);
#1321=ORIENTED_EDGE('',*,*,#989,.T.);
#1322=ORIENTED_EDGE('',*,*,#993,.T.);
#1323=ORIENTED_EDGE('',*,*,#1029,.F.);
#1324=ORIENTED_EDGE('',*,*,#1030,.T.);
#1325=ORIENTED_EDGE('',*,*,#1031,.T.);
#1326=ORIENTED_EDGE('',*,*,#1032,.F.);
#1327=ORIENTED_EDGE('',*,*,#1033,.F.);
#1328=ORIENTED_EDGE('',*,*,#1034,.T.);
#1329=ORIENTED_EDGE('',*,*,#1035,.T.);
#1330=ORIENTED_EDGE('',*,*,#1030,.F.);
#1331=ORIENTED_EDGE('',*,*,#1036,.F.);
#1332=ORIENTED_EDGE('',*,*,#1037,.T.);
#1333=ORIENTED_EDGE('',*,*,#1038,.T.);
#1334=ORIENTED_EDGE('',*,*,#1034,.F.);
#1335=ORIENTED_EDGE('',*,*,#1039,.F.);
#1336=ORIENTED_EDGE('',*,*,#1040,.T.);
#1337=ORIENTED_EDGE('',*,*,#1041,.T.);
#1338=ORIENTED_EDGE('',*,*,#1037,.F.);
#1339=ORIENTED_EDGE('',*,*,#1042,.F.);
#1340=ORIENTED_EDGE('',*,*,#1043,.T.);
#1341=ORIENTED_EDGE('',*,*,#1044,.T.);
#1342=ORIENTED_EDGE('',*,*,#1040,.F.);
#1343=ORIENTED_EDGE('',*,*,#1045,.F.);
#1344=ORIENTED_EDGE('',*,*,#1046,.T.);
#1345=ORIENTED_EDGE('',*,*,#1047,.T.);
#1346=ORIENTED_EDGE('',*,*,#1043,.F.);
#1347=ORIENTED_EDGE('',*,*,#1048,.F.);
#1348=ORIENTED_EDGE('',*,*,#1049,.T.);
#1349=ORIENTED_EDGE('',*,*,#1050,.T.);
#1350=ORIENTED_EDGE('',*,*,#1046,.F.);
#1351=ORIENTED_EDGE('',*,*,#1051,.F.);
#1352=ORIENTED_EDGE('',*,*,#1052,.T.);
#1353=ORIENTED_EDGE('',*,*,#1053,.T.);
#1354=ORIENTED_EDGE('',*,*,#1049,.F.);
#1355=ORIENTED_EDGE('',*,*,#1054,.F.);
#1356=ORIENTED_EDGE('',*,*,#1055,.F.);
#1357=ORIENTED_EDGE('',*,*,#1056,.T.);
#1358=ORIENTED_EDGE('',*,*,#1052,.F.);
#1359=ORIENTED_EDGE('',*,*,#1057,.F.);
#1360=ORIENTED_EDGE('',*,*,#1058,.T.);
#1361=ORIENTED_EDGE('',*,*,#1059,.T.);
#1362=ORIENTED_EDGE('',*,*,#1060,.F.);
#1363=ORIENTED_EDGE('',*,*,#1061,.F.);
#1364=ORIENTED_EDGE('',*,*,#1032,.T.);
#1365=ORIENTED_EDGE('',*,*,#1062,.T.);
#1366=ORIENTED_EDGE('',*,*,#1058,.F.);
#1367=ORIENTED_EDGE('',*,*,#1062,.F.);
#1368=ORIENTED_EDGE('',*,*,#1031,.F.);
#1369=ORIENTED_EDGE('',*,*,#1035,.F.);
#1370=ORIENTED_EDGE('',*,*,#1038,.F.);
#1371=ORIENTED_EDGE('',*,*,#1041,.F.);
#1372=ORIENTED_EDGE('',*,*,#1044,.F.);
#1373=ORIENTED_EDGE('',*,*,#1047,.F.);
#1374=ORIENTED_EDGE('',*,*,#1050,.F.);
#1375=ORIENTED_EDGE('',*,*,#1053,.F.);
#1376=ORIENTED_EDGE('',*,*,#1056,.F.);
#1377=ORIENTED_EDGE('',*,*,#1063,.F.);
#1378=ORIENTED_EDGE('',*,*,#1059,.F.);
#1379=ORIENTED_EDGE('',*,*,#1064,.F.);
#1380=ORIENTED_EDGE('',*,*,#1065,.T.);
#1381=ORIENTED_EDGE('',*,*,#1066,.T.);
#1382=ORIENTED_EDGE('',*,*,#1067,.F.);
#1383=ORIENTED_EDGE('',*,*,#1068,.F.);
#1384=ORIENTED_EDGE('',*,*,#1069,.T.);
#1385=ORIENTED_EDGE('',*,*,#1070,.T.);
#1386=ORIENTED_EDGE('',*,*,#1065,.F.);
#1387=ORIENTED_EDGE('',*,*,#1071,.F.);
#1388=ORIENTED_EDGE('',*,*,#1072,.T.);
#1389=ORIENTED_EDGE('',*,*,#1073,.T.);
#1390=ORIENTED_EDGE('',*,*,#1069,.F.);
#1391=ORIENTED_EDGE('',*,*,#1074,.F.);
#1392=ORIENTED_EDGE('',*,*,#1075,.T.);
#1393=ORIENTED_EDGE('',*,*,#1076,.T.);
#1394=ORIENTED_EDGE('',*,*,#1072,.F.);
#1395=ORIENTED_EDGE('',*,*,#1077,.F.);
#1396=ORIENTED_EDGE('',*,*,#1078,.T.);
#1397=ORIENTED_EDGE('',*,*,#1079,.T.);
#1398=ORIENTED_EDGE('',*,*,#1075,.F.);
#1399=ORIENTED_EDGE('',*,*,#1080,.F.);
#1400=ORIENTED_EDGE('',*,*,#1081,.T.);
#1401=ORIENTED_EDGE('',*,*,#1082,.T.);
#1402=ORIENTED_EDGE('',*,*,#1078,.F.);
#1403=ORIENTED_EDGE('',*,*,#1083,.F.);
#1404=ORIENTED_EDGE('',*,*,#1084,.T.);
#1405=ORIENTED_EDGE('',*,*,#1085,.T.);
#1406=ORIENTED_EDGE('',*,*,#1081,.F.);
#1407=ORIENTED_EDGE('',*,*,#1086,.F.);
#1408=ORIENTED_EDGE('',*,*,#1087,.F.);
#1409=ORIENTED_EDGE('',*,*,#1088,.T.);
#1410=ORIENTED_EDGE('',*,*,#1084,.F.);
#1411=ORIENTED_EDGE('',*,*,#1089,.F.);
#1412=ORIENTED_EDGE('',*,*,#1090,.T.);
#1413=ORIENTED_EDGE('',*,*,#1091,.T.);
#1414=ORIENTED_EDGE('',*,*,#1092,.F.);
#1415=ORIENTED_EDGE('',*,*,#1093,.F.);
#1416=ORIENTED_EDGE('',*,*,#1094,.T.);
#1417=ORIENTED_EDGE('',*,*,#1095,.T.);
#1418=ORIENTED_EDGE('',*,*,#1090,.F.);
#1419=ORIENTED_EDGE('',*,*,#1096,.F.);
#1420=ORIENTED_EDGE('',*,*,#1067,.T.);
#1421=ORIENTED_EDGE('',*,*,#1097,.T.);
#1422=ORIENTED_EDGE('',*,*,#1094,.F.);
#1423=ORIENTED_EDGE('',*,*,#1097,.F.);
#1424=ORIENTED_EDGE('',*,*,#1066,.F.);
#1425=ORIENTED_EDGE('',*,*,#1070,.F.);
#1426=ORIENTED_EDGE('',*,*,#1073,.F.);
#1427=ORIENTED_EDGE('',*,*,#1076,.F.);
#1428=ORIENTED_EDGE('',*,*,#1079,.F.);
#1429=ORIENTED_EDGE('',*,*,#1082,.F.);
#1430=ORIENTED_EDGE('',*,*,#1085,.F.);
#1431=ORIENTED_EDGE('',*,*,#1088,.F.);
#1432=ORIENTED_EDGE('',*,*,#1098,.F.);
#1433=ORIENTED_EDGE('',*,*,#1091,.F.);
#1434=ORIENTED_EDGE('',*,*,#1095,.F.);
#1435=ORIENTED_EDGE('',*,*,#1099,.F.);
#1436=ORIENTED_EDGE('',*,*,#1100,.T.);
#1437=ORIENTED_EDGE('',*,*,#1101,.T.);
#1438=ORIENTED_EDGE('',*,*,#1102,.F.);
#1439=ORIENTED_EDGE('',*,*,#1103,.F.);
#1440=ORIENTED_EDGE('',*,*,#1104,.F.);
#1441=ORIENTED_EDGE('',*,*,#1105,.T.);
#1442=ORIENTED_EDGE('',*,*,#1100,.F.);
#1443=ORIENTED_EDGE('',*,*,#1106,.F.);
#1444=ORIENTED_EDGE('',*,*,#1107,.T.);
#1445=ORIENTED_EDGE('',*,*,#1108,.T.);
#1446=ORIENTED_EDGE('',*,*,#1109,.F.);
#1447=ORIENTED_EDGE('',*,*,#1110,.F.);
#1448=ORIENTED_EDGE('',*,*,#1111,.T.);
#1449=ORIENTED_EDGE('',*,*,#1112,.T.);
#1450=ORIENTED_EDGE('',*,*,#1107,.F.);
#1451=ORIENTED_EDGE('',*,*,#1113,.F.);
#1452=ORIENTED_EDGE('',*,*,#1114,.T.);
#1453=ORIENTED_EDGE('',*,*,#1115,.T.);
#1454=ORIENTED_EDGE('',*,*,#1111,.F.);
#1455=ORIENTED_EDGE('',*,*,#1116,.F.);
#1456=ORIENTED_EDGE('',*,*,#1117,.T.);
#1457=ORIENTED_EDGE('',*,*,#1118,.T.);
#1458=ORIENTED_EDGE('',*,*,#1114,.F.);
#1459=ORIENTED_EDGE('',*,*,#1119,.F.);
#1460=ORIENTED_EDGE('',*,*,#1120,.T.);
#1461=ORIENTED_EDGE('',*,*,#1121,.T.);
#1462=ORIENTED_EDGE('',*,*,#1117,.F.);
#1463=ORIENTED_EDGE('',*,*,#1122,.F.);
#1464=ORIENTED_EDGE('',*,*,#1123,.T.);
#1465=ORIENTED_EDGE('',*,*,#1124,.T.);
#1466=ORIENTED_EDGE('',*,*,#1120,.F.);
#1467=ORIENTED_EDGE('',*,*,#1125,.F.);
#1468=ORIENTED_EDGE('',*,*,#1126,.T.);
#1469=ORIENTED_EDGE('',*,*,#1127,.T.);
#1470=ORIENTED_EDGE('',*,*,#1123,.F.);
#1471=ORIENTED_EDGE('',*,*,#1128,.F.);
#1472=ORIENTED_EDGE('',*,*,#1129,.T.);
#1473=ORIENTED_EDGE('',*,*,#1130,.T.);
#1474=ORIENTED_EDGE('',*,*,#1126,.F.);
#1475=ORIENTED_EDGE('',*,*,#1131,.F.);
#1476=ORIENTED_EDGE('',*,*,#1102,.T.);
#1477=ORIENTED_EDGE('',*,*,#1132,.T.);
#1478=ORIENTED_EDGE('',*,*,#1129,.F.);
#1479=ORIENTED_EDGE('',*,*,#1132,.F.);
#1480=ORIENTED_EDGE('',*,*,#1101,.F.);
#1481=ORIENTED_EDGE('',*,*,#1105,.F.);
#1482=ORIENTED_EDGE('',*,*,#1133,.F.);
#1483=ORIENTED_EDGE('',*,*,#1108,.F.);
#1484=ORIENTED_EDGE('',*,*,#1112,.F.);
#1485=ORIENTED_EDGE('',*,*,#1115,.F.);
#1486=ORIENTED_EDGE('',*,*,#1118,.F.);
#1487=ORIENTED_EDGE('',*,*,#1121,.F.);
#1488=ORIENTED_EDGE('',*,*,#1124,.F.);
#1489=ORIENTED_EDGE('',*,*,#1127,.F.);
#1490=ORIENTED_EDGE('',*,*,#1130,.F.);
#1491=ORIENTED_EDGE('',*,*,#1134,.F.);
#1492=ORIENTED_EDGE('',*,*,#1135,.T.);
#1493=ORIENTED_EDGE('',*,*,#1136,.T.);
#1494=ORIENTED_EDGE('',*,*,#1137,.F.);
#1495=ORIENTED_EDGE('',*,*,#1138,.F.);
#1496=ORIENTED_EDGE('',*,*,#1139,.T.);
#1497=ORIENTED_EDGE('',*,*,#1140,.T.);
#1498=ORIENTED_EDGE('',*,*,#1135,.F.);
#1499=ORIENTED_EDGE('',*,*,#1141,.F.);
#1500=ORIENTED_EDGE('',*,*,#1142,.T.);
#1501=ORIENTED_EDGE('',*,*,#1143,.T.);
#1502=ORIENTED_EDGE('',*,*,#1139,.F.);
#1503=ORIENTED_EDGE('',*,*,#1144,.F.);
#1504=ORIENTED_EDGE('',*,*,#1145,.T.);
#1505=ORIENTED_EDGE('',*,*,#1146,.T.);
#1506=ORIENTED_EDGE('',*,*,#1142,.F.);
#1507=ORIENTED_EDGE('',*,*,#1147,.F.);
#1508=ORIENTED_EDGE('',*,*,#1148,.T.);
#1509=ORIENTED_EDGE('',*,*,#1149,.T.);
#1510=ORIENTED_EDGE('',*,*,#1145,.F.);
#1511=ORIENTED_EDGE('',*,*,#1150,.F.);
#1512=ORIENTED_EDGE('',*,*,#1151,.T.);
#1513=ORIENTED_EDGE('',*,*,#1152,.T.);
#1514=ORIENTED_EDGE('',*,*,#1148,.F.);
#1515=ORIENTED_EDGE('',*,*,#1153,.F.);
#1516=ORIENTED_EDGE('',*,*,#1154,.T.);
#1517=ORIENTED_EDGE('',*,*,#1155,.T.);
#1518=ORIENTED_EDGE('',*,*,#1151,.F.);
#1519=ORIENTED_EDGE('',*,*,#1156,.F.);
#1520=ORIENTED_EDGE('',*,*,#1157,.T.);
#1521=ORIENTED_EDGE('',*,*,#1158,.T.);
#1522=ORIENTED_EDGE('',*,*,#1154,.F.);
#1523=ORIENTED_EDGE('',*,*,#1159,.F.);
#1524=ORIENTED_EDGE('',*,*,#1160,.F.);
#1525=ORIENTED_EDGE('',*,*,#1161,.T.);
#1526=ORIENTED_EDGE('',*,*,#1157,.F.);
#1527=ORIENTED_EDGE('',*,*,#1162,.F.);
#1528=ORIENTED_EDGE('',*,*,#1163,.T.);
#1529=ORIENTED_EDGE('',*,*,#1164,.T.);
#1530=ORIENTED_EDGE('',*,*,#1165,.F.);
#1531=ORIENTED_EDGE('',*,*,#1166,.F.);
#1532=ORIENTED_EDGE('',*,*,#1137,.T.);
#1533=ORIENTED_EDGE('',*,*,#1167,.T.);
#1534=ORIENTED_EDGE('',*,*,#1163,.F.);
#1535=ORIENTED_EDGE('',*,*,#1167,.F.);
#1536=ORIENTED_EDGE('',*,*,#1136,.F.);
#1537=ORIENTED_EDGE('',*,*,#1140,.F.);
#1538=ORIENTED_EDGE('',*,*,#1143,.F.);
#1539=ORIENTED_EDGE('',*,*,#1146,.F.);
#1540=ORIENTED_EDGE('',*,*,#1149,.F.);
#1541=ORIENTED_EDGE('',*,*,#1152,.F.);
#1542=ORIENTED_EDGE('',*,*,#1155,.F.);
#1543=ORIENTED_EDGE('',*,*,#1158,.F.);
#1544=ORIENTED_EDGE('',*,*,#1161,.F.);
#1545=ORIENTED_EDGE('',*,*,#1168,.F.);
#1546=ORIENTED_EDGE('',*,*,#1164,.F.);
#1547=ORIENTED_EDGE('',*,*,#1060,.T.);
#1548=ORIENTED_EDGE('',*,*,#1063,.T.);
#1549=ORIENTED_EDGE('',*,*,#1055,.T.);
#1550=ORIENTED_EDGE('',*,*,#1169,.F.);
#1551=ORIENTED_EDGE('',*,*,#1170,.T.);
#1552=ORIENTED_EDGE('',*,*,#996,.F.);
#1553=ORIENTED_EDGE('',*,*,#1171,.F.);
#1554=ORIENTED_EDGE('',*,*,#1172,.F.);
#1555=ORIENTED_EDGE('',*,*,#1109,.T.);
#1556=ORIENTED_EDGE('',*,*,#1133,.T.);
#1557=ORIENTED_EDGE('',*,*,#1104,.T.);
#1558=ORIENTED_EDGE('',*,*,#1173,.F.);
#1559=ORIENTED_EDGE('',*,*,#1092,.T.);
#1560=ORIENTED_EDGE('',*,*,#1098,.T.);
#1561=ORIENTED_EDGE('',*,*,#1087,.T.);
#1562=ORIENTED_EDGE('',*,*,#1174,.F.);
#1563=ORIENTED_EDGE('',*,*,#1165,.T.);
#1564=ORIENTED_EDGE('',*,*,#1168,.T.);
#1565=ORIENTED_EDGE('',*,*,#1160,.T.);
#1566=ORIENTED_EDGE('',*,*,#1175,.F.);
#1567=ORIENTED_EDGE('',*,*,#1176,.T.);
#1568=ORIENTED_EDGE('',*,*,#998,.F.);
#1569=ORIENTED_EDGE('',*,*,#1177,.F.);
#1570=ORIENTED_EDGE('',*,*,#1178,.F.);
#1571=ORIENTED_EDGE('',*,*,#1179,.F.);
#1572=ORIENTED_EDGE('',*,*,#1180,.T.);
#1573=ORIENTED_EDGE('',*,*,#1181,.T.);
#1574=ORIENTED_EDGE('',*,*,#1180,.F.);
#1575=ORIENTED_EDGE('',*,*,#1181,.F.);
#1576=ORIENTED_EDGE('',*,*,#1024,.F.);
#1577=ORIENTED_EDGE('',*,*,#1182,.F.);
#1578=ORIENTED_EDGE('',*,*,#1183,.T.);
#1579=ORIENTED_EDGE('',*,*,#1184,.T.);
#1580=ORIENTED_EDGE('',*,*,#1183,.F.);
#1581=ORIENTED_EDGE('',*,*,#1185,.F.);
#1582=ORIENTED_EDGE('',*,*,#1182,.T.);
#1583=ORIENTED_EDGE('',*,*,#1186,.F.);
#1584=ORIENTED_EDGE('',*,*,#1187,.T.);
#1585=ORIENTED_EDGE('',*,*,#1188,.T.);
#1586=ORIENTED_EDGE('',*,*,#1187,.F.);
#1587=ORIENTED_EDGE('',*,*,#1189,.F.);
#1588=ORIENTED_EDGE('',*,*,#1186,.T.);
#1589=ORIENTED_EDGE('',*,*,#1190,.F.);
#1590=ORIENTED_EDGE('',*,*,#1191,.T.);
#1591=ORIENTED_EDGE('',*,*,#1192,.T.);
#1592=ORIENTED_EDGE('',*,*,#1191,.F.);
#1593=ORIENTED_EDGE('',*,*,#1193,.F.);
#1594=ORIENTED_EDGE('',*,*,#1190,.T.);
#1595=ORIENTED_EDGE('',*,*,#1194,.F.);
#1596=ORIENTED_EDGE('',*,*,#1195,.T.);
#1597=ORIENTED_EDGE('',*,*,#1018,.F.);
#1598=ORIENTED_EDGE('',*,*,#1195,.F.);
#1599=ORIENTED_EDGE('',*,*,#1196,.F.);
#1600=ORIENTED_EDGE('',*,*,#1197,.T.);
#1601=ORIENTED_EDGE('',*,*,#1017,.F.);
#1602=ORIENTED_EDGE('',*,*,#1197,.F.);
#1603=ORIENTED_EDGE('',*,*,#1198,.F.);
#1604=ORIENTED_EDGE('',*,*,#1199,.T.);
#1605=ORIENTED_EDGE('',*,*,#1016,.F.);
#1606=ORIENTED_EDGE('',*,*,#1199,.F.);
#1607=ORIENTED_EDGE('',*,*,#1200,.F.);
#1608=ORIENTED_EDGE('',*,*,#1201,.T.);
#1609=ORIENTED_EDGE('',*,*,#1015,.F.);
#1610=ORIENTED_EDGE('',*,*,#1201,.F.);
#1611=ORIENTED_EDGE('',*,*,#1202,.F.);
#1612=ORIENTED_EDGE('',*,*,#1203,.T.);
#1613=ORIENTED_EDGE('',*,*,#980,.T.);
#1614=ORIENTED_EDGE('',*,*,#1203,.F.);
#1615=ORIENTED_EDGE('',*,*,#1204,.F.);
#1616=ORIENTED_EDGE('',*,*,#1205,.T.);
#1617=ORIENTED_EDGE('',*,*,#984,.T.);
#1618=ORIENTED_EDGE('',*,*,#1205,.F.);
#1619=ORIENTED_EDGE('',*,*,#1206,.F.);
#1620=ORIENTED_EDGE('',*,*,#1207,.T.);
#1621=ORIENTED_EDGE('',*,*,#1208,.F.);
#1622=ORIENTED_EDGE('',*,*,#1207,.F.);
#1623=ORIENTED_EDGE('',*,*,#1014,.F.);
#1624=ORIENTED_EDGE('',*,*,#1209,.T.);
#1625=ORIENTED_EDGE('',*,*,#1210,.T.);
#1626=ORIENTED_EDGE('',*,*,#1209,.F.);
#1627=ORIENTED_EDGE('',*,*,#1210,.F.);
#1628=ORIENTED_EDGE('',*,*,#1211,.F.);
#1629=ORIENTED_EDGE('',*,*,#1013,.F.);
#1630=ORIENTED_EDGE('',*,*,#1212,.T.);
#1631=ORIENTED_EDGE('',*,*,#1213,.T.);
#1632=ORIENTED_EDGE('',*,*,#1212,.F.);
#1633=ORIENTED_EDGE('',*,*,#1213,.F.);
#1634=ORIENTED_EDGE('',*,*,#1214,.F.);
#1635=ORIENTED_EDGE('',*,*,#1211,.T.);
#1636=ORIENTED_EDGE('',*,*,#1215,.T.);
#1637=ORIENTED_EDGE('',*,*,#1216,.F.);
#1638=ORIENTED_EDGE('',*,*,#1215,.F.);
#1639=ORIENTED_EDGE('',*,*,#1214,.T.);
#1640=ORIENTED_EDGE('',*,*,#1217,.T.);
#1641=ORIENTED_EDGE('',*,*,#1218,.F.);
#1642=ORIENTED_EDGE('',*,*,#1217,.F.);
#1643=ORIENTED_EDGE('',*,*,#1219,.F.);
#1644=ORIENTED_EDGE('',*,*,#1021,.F.);
#1645=ORIENTED_EDGE('',*,*,#1220,.F.);
#1646=ORIENTED_EDGE('',*,*,#1221,.T.);
#1647=ORIENTED_EDGE('',*,*,#1222,.F.);
#1648=ORIENTED_EDGE('',*,*,#1221,.F.);
#1649=ORIENTED_EDGE('',*,*,#1223,.F.);
#1650=ORIENTED_EDGE('',*,*,#1224,.T.);
#1651=ORIENTED_EDGE('',*,*,#1225,.F.);
#1652=ORIENTED_EDGE('',*,*,#1224,.F.);
#1653=ORIENTED_EDGE('',*,*,#1226,.F.);
#1654=ORIENTED_EDGE('',*,*,#1227,.T.);
#1655=ORIENTED_EDGE('',*,*,#1228,.T.);
#1656=ORIENTED_EDGE('',*,*,#1229,.F.);
#1657=ORIENTED_EDGE('',*,*,#1006,.F.);
#1658=ORIENTED_EDGE('',*,*,#1230,.T.);
#1659=ORIENTED_EDGE('',*,*,#1231,.F.);
#1660=ORIENTED_EDGE('',*,*,#1227,.F.);
#1661=ORIENTED_EDGE('',*,*,#1226,.T.);
#1662=ORIENTED_EDGE('',*,*,#1223,.T.);
#1663=ORIENTED_EDGE('',*,*,#1220,.T.);
#1664=ORIENTED_EDGE('',*,*,#1020,.F.);
#1665=ORIENTED_EDGE('',*,*,#1232,.F.);
#1666=ORIENTED_EDGE('',*,*,#1233,.F.);
#1667=ORIENTED_EDGE('',*,*,#1234,.F.);
#1668=ORIENTED_EDGE('',*,*,#1228,.F.);
#1669=ORIENTED_EDGE('',*,*,#1206,.T.);
#1670=ORIENTED_EDGE('',*,*,#1008,.F.);
#1671=ORIENTED_EDGE('',*,*,#1235,.T.);
#1672=ORIENTED_EDGE('',*,*,#1233,.T.);
#1673=ORIENTED_EDGE('',*,*,#1236,.F.);
#1674=ORIENTED_EDGE('',*,*,#1007,.F.);
#1675=ORIENTED_EDGE('',*,*,#1229,.T.);
#1676=ORIENTED_EDGE('',*,*,#1234,.T.);
#1677=ORIENTED_EDGE('',*,*,#1235,.F.);
#1678=ORIENTED_EDGE('',*,*,#1005,.F.);
#1679=ORIENTED_EDGE('',*,*,#1237,.T.);
#1680=ORIENTED_EDGE('',*,*,#1238,.F.);
#1681=ORIENTED_EDGE('',*,*,#1230,.F.);
#1682=ORIENTED_EDGE('',*,*,#1004,.F.);
#1683=ORIENTED_EDGE('',*,*,#1239,.T.);
#1684=ORIENTED_EDGE('',*,*,#1240,.F.);
#1685=ORIENTED_EDGE('',*,*,#1237,.F.);
#1686=ORIENTED_EDGE('',*,*,#1003,.F.);
#1687=ORIENTED_EDGE('',*,*,#1023,.T.);
#1688=ORIENTED_EDGE('',*,*,#1241,.F.);
#1689=ORIENTED_EDGE('',*,*,#1239,.F.);
#1690=ORIENTED_EDGE('',*,*,#1009,.F.);
#1691=ORIENTED_EDGE('',*,*,#1236,.T.);
#1692=ORIENTED_EDGE('',*,*,#1232,.T.);
#1693=ORIENTED_EDGE('',*,*,#1019,.F.);
#1694=ORIENTED_EDGE('',*,*,#999,.F.);
#1695=ORIENTED_EDGE('',*,*,#1242,.T.);
#1696=ORIENTED_EDGE('',*,*,#1185,.T.);
#1697=ORIENTED_EDGE('',*,*,#1242,.F.);
#1698=ORIENTED_EDGE('',*,*,#1000,.F.);
#1699=ORIENTED_EDGE('',*,*,#1243,.T.);
#1700=ORIENTED_EDGE('',*,*,#1189,.T.);
#1701=ORIENTED_EDGE('',*,*,#1243,.F.);
#1702=ORIENTED_EDGE('',*,*,#1001,.F.);
#1703=ORIENTED_EDGE('',*,*,#1244,.T.);
#1704=ORIENTED_EDGE('',*,*,#1193,.T.);
#1705=ORIENTED_EDGE('',*,*,#1244,.F.);
#1706=ORIENTED_EDGE('',*,*,#1245,.F.);
#1707=ORIENTED_EDGE('',*,*,#1177,.T.);
#1708=ORIENTED_EDGE('',*,*,#997,.F.);
#1709=ORIENTED_EDGE('',*,*,#1170,.F.);
#1710=ORIENTED_EDGE('',*,*,#1246,.F.);
#1711=ORIENTED_EDGE('',*,*,#1171,.T.);
#1712=ORIENTED_EDGE('',*,*,#995,.F.);
#1713=ORIENTED_EDGE('',*,*,#1176,.F.);
#1714=ORIENTED_EDGE('',*,*,#1057,.T.);
#1715=ORIENTED_EDGE('',*,*,#1173,.T.);
#1716=ORIENTED_EDGE('',*,*,#1103,.T.);
#1717=ORIENTED_EDGE('',*,*,#1099,.T.);
#1718=ORIENTED_EDGE('',*,*,#1131,.T.);
#1719=ORIENTED_EDGE('',*,*,#1128,.T.);
#1720=ORIENTED_EDGE('',*,*,#1125,.T.);
#1721=ORIENTED_EDGE('',*,*,#1122,.T.);
#1722=ORIENTED_EDGE('',*,*,#1119,.T.);
#1723=ORIENTED_EDGE('',*,*,#1116,.T.);
#1724=ORIENTED_EDGE('',*,*,#1113,.T.);
#1725=ORIENTED_EDGE('',*,*,#1110,.T.);
#1726=ORIENTED_EDGE('',*,*,#1106,.T.);
#1727=ORIENTED_EDGE('',*,*,#1172,.T.);
#1728=ORIENTED_EDGE('',*,*,#1246,.T.);
#1729=ORIENTED_EDGE('',*,*,#1175,.T.);
#1730=ORIENTED_EDGE('',*,*,#1159,.T.);
#1731=ORIENTED_EDGE('',*,*,#1156,.T.);
#1732=ORIENTED_EDGE('',*,*,#1153,.T.);
#1733=ORIENTED_EDGE('',*,*,#1150,.T.);
#1734=ORIENTED_EDGE('',*,*,#1147,.T.);
#1735=ORIENTED_EDGE('',*,*,#1144,.T.);
#1736=ORIENTED_EDGE('',*,*,#1141,.T.);
#1737=ORIENTED_EDGE('',*,*,#1138,.T.);
#1738=ORIENTED_EDGE('',*,*,#1134,.T.);
#1739=ORIENTED_EDGE('',*,*,#1166,.T.);
#1740=ORIENTED_EDGE('',*,*,#1162,.T.);
#1741=ORIENTED_EDGE('',*,*,#1174,.T.);
#1742=ORIENTED_EDGE('',*,*,#1086,.T.);
#1743=ORIENTED_EDGE('',*,*,#1083,.T.);
#1744=ORIENTED_EDGE('',*,*,#1080,.T.);
#1745=ORIENTED_EDGE('',*,*,#1077,.T.);
#1746=ORIENTED_EDGE('',*,*,#1074,.T.);
#1747=ORIENTED_EDGE('',*,*,#1071,.T.);
#1748=ORIENTED_EDGE('',*,*,#1068,.T.);
#1749=ORIENTED_EDGE('',*,*,#1064,.T.);
#1750=ORIENTED_EDGE('',*,*,#1096,.T.);
#1751=ORIENTED_EDGE('',*,*,#1093,.T.);
#1752=ORIENTED_EDGE('',*,*,#1089,.T.);
#1753=ORIENTED_EDGE('',*,*,#1178,.T.);
#1754=ORIENTED_EDGE('',*,*,#1245,.T.);
#1755=ORIENTED_EDGE('',*,*,#1169,.T.);
#1756=ORIENTED_EDGE('',*,*,#1054,.T.);
#1757=ORIENTED_EDGE('',*,*,#1051,.T.);
#1758=ORIENTED_EDGE('',*,*,#1048,.T.);
#1759=ORIENTED_EDGE('',*,*,#1045,.T.);
#1760=ORIENTED_EDGE('',*,*,#1042,.T.);
#1761=ORIENTED_EDGE('',*,*,#1039,.T.);
#1762=ORIENTED_EDGE('',*,*,#1036,.T.);
#1763=ORIENTED_EDGE('',*,*,#1033,.T.);
#1764=ORIENTED_EDGE('',*,*,#1029,.T.);
#1765=ORIENTED_EDGE('',*,*,#1061,.T.);
#1766=ORIENTED_EDGE('',*,*,#1179,.T.);
#1767=ORIENTED_EDGE('',*,*,#1184,.F.);
#1768=ORIENTED_EDGE('',*,*,#1188,.F.);
#1769=ORIENTED_EDGE('',*,*,#1192,.F.);
#1770=ORIENTED_EDGE('',*,*,#1194,.T.);
#1771=ORIENTED_EDGE('',*,*,#1196,.T.);
#1772=ORIENTED_EDGE('',*,*,#1198,.T.);
#1773=ORIENTED_EDGE('',*,*,#1200,.T.);
#1774=ORIENTED_EDGE('',*,*,#1202,.T.);
#1775=ORIENTED_EDGE('',*,*,#1204,.T.);
#1776=ORIENTED_EDGE('',*,*,#1208,.T.);
#1777=ORIENTED_EDGE('',*,*,#1216,.T.);
#1778=ORIENTED_EDGE('',*,*,#1218,.T.);
#1779=ORIENTED_EDGE('',*,*,#1219,.T.);
#1780=ORIENTED_EDGE('',*,*,#1222,.T.);
#1781=ORIENTED_EDGE('',*,*,#1225,.T.);
#1782=ORIENTED_EDGE('',*,*,#1231,.T.);
#1783=ORIENTED_EDGE('',*,*,#1238,.T.);
#1784=ORIENTED_EDGE('',*,*,#1240,.T.);
#1785=ORIENTED_EDGE('',*,*,#1241,.T.);
#1786=ORIENTED_EDGE('',*,*,#1022,.T.);
#1787=CYLINDRICAL_SURFACE('',#1946,1.);
#1788=CYLINDRICAL_SURFACE('',#1951,1.);
#1789=CYLINDRICAL_SURFACE('',#1977,8.5);
#1790=CYLINDRICAL_SURFACE('',#1982,7.5);
#1791=CYLINDRICAL_SURFACE('',#1983,0.999999999999992);
#1792=CYLINDRICAL_SURFACE('',#1987,0.999999999999996);
#1793=CYLINDRICAL_SURFACE('',#1991,0.999999999999996);
#1794=CYLINDRICAL_SURFACE('',#1995,0.999999999999996);
#1795=CYLINDRICAL_SURFACE('',#2004,0.999999999999996);
#1796=CYLINDRICAL_SURFACE('',#2008,0.999999999999996);
#1797=CYLINDRICAL_SURFACE('',#2012,0.999999999999996);
#1798=CYLINDRICAL_SURFACE('',#2019,0.999999999999996);
#1799=CYLINDRICAL_SURFACE('',#2027,0.999999999999994);
#1800=CYLINDRICAL_SURFACE('',#2031,1.00000000000001);
#1801=CYLINDRICAL_SURFACE('',#2035,0.999999999999992);
#1802=CYLINDRICAL_SURFACE('',#2039,0.999999999999996);
#1803=CYLINDRICAL_SURFACE('',#2043,0.999999999999996);
#1804=CYLINDRICAL_SURFACE('',#2047,0.999999999999996);
#1805=CYLINDRICAL_SURFACE('',#2051,0.999999999999996);
#1806=CYLINDRICAL_SURFACE('',#2055,0.999999999999996);
#1807=CYLINDRICAL_SURFACE('',#2065,9.05);
#1808=CYLINDRICAL_SURFACE('',#2069,4.3);
#1809=CYLINDRICAL_SURFACE('',#2074,4.3);
#1810=CYLINDRICAL_SURFACE('',#2079,4.3);
#1811=CYLINDRICAL_SURFACE('',#2084,1.25);
#1812=CYLINDRICAL_SURFACE('',#2086,1.25);
#1813=CYLINDRICAL_SURFACE('',#2088,1.25);
#1814=CYLINDRICAL_SURFACE('',#2090,1.25);
#1815=CYLINDRICAL_SURFACE('',#2092,0.800000000000001);
#1816=CYLINDRICAL_SURFACE('',#2094,0.800000000000001);
#1817=CYLINDRICAL_SURFACE('',#2096,0.800000000000001);
#1818=CYLINDRICAL_SURFACE('',#2099,3.);
#1819=CYLINDRICAL_SURFACE('',#2103,3.);
#1820=CYLINDRICAL_SURFACE('',#2107,1.55);
#1821=CYLINDRICAL_SURFACE('',#2109,1.55);
#1822=CYLINDRICAL_SURFACE('',#2111,1.00000000000001);
#1823=CYLINDRICAL_SURFACE('',#2115,0.999999999999996);
#1824=CYLINDRICAL_SURFACE('',#2123,0.999999999999996);
#1825=CYLINDRICAL_SURFACE('',#2124,0.999999999999996);
#1826=CYLINDRICAL_SURFACE('',#2127,1.00000000000001);
#1827=CYLINDRICAL_SURFACE('',#2129,0.999999999999988);
#1828=CYLINDRICAL_SURFACE('',#2130,4.75);
#1829=CYLINDRICAL_SURFACE('',#2131,4.75);
#1830=CYLINDRICAL_SURFACE('',#2132,4.75);
#1831=ADVANCED_FACE('',(#111),#1787,.F.);
#1832=ADVANCED_FACE('',(#112,#19),#55,.F.);
#1833=ADVANCED_FACE('',(#113),#1788,.F.);
#1834=ADVANCED_FACE('',(#114,#20),#56,.F.);
#1835=ADVANCED_FACE('',(#115),#57,.F.);
#1836=ADVANCED_FACE('',(#116),#58,.F.);
#1837=ADVANCED_FACE('',(#117),#59,.F.);
#1838=ADVANCED_FACE('',(#118,#21,#22,#23,#24,#25,#26,#27,#28,#29,#30,#31,
#32),#60,.T.);
#1839=ADVANCED_FACE('',(#119),#61,.F.);
#1840=ADVANCED_FACE('',(#120),#1789,.F.);
#1841=ADVANCED_FACE('',(#121,#33),#62,.F.);
#1842=ADVANCED_FACE('',(#122),#1790,.F.);
#1843=ADVANCED_FACE('',(#123),#1791,.F.);
#1844=ADVANCED_FACE('',(#124),#63,.F.);
#1845=ADVANCED_FACE('',(#125),#1792,.F.);
#1846=ADVANCED_FACE('',(#126),#64,.F.);
#1847=ADVANCED_FACE('',(#127),#1793,.F.);
#1848=ADVANCED_FACE('',(#128),#65,.F.);
#1849=ADVANCED_FACE('',(#129),#1794,.F.);
#1850=ADVANCED_FACE('',(#130),#66,.F.);
#1851=ADVANCED_FACE('',(#131),#67,.F.);
#1852=ADVANCED_FACE('',(#132),#68,.F.);
#1853=ADVANCED_FACE('',(#133),#69,.F.);
#1854=ADVANCED_FACE('',(#134),#70,.T.);
#1855=ADVANCED_FACE('',(#135),#71,.F.);
#1856=ADVANCED_FACE('',(#136),#1795,.F.);
#1857=ADVANCED_FACE('',(#137),#72,.F.);
#1858=ADVANCED_FACE('',(#138),#1796,.F.);
#1859=ADVANCED_FACE('',(#139),#73,.F.);
#1860=ADVANCED_FACE('',(#140),#1797,.F.);
#1861=ADVANCED_FACE('',(#141),#74,.F.);
#1862=ADVANCED_FACE('',(#142),#75,.F.);
#1863=ADVANCED_FACE('',(#143),#76,.F.);
#1864=ADVANCED_FACE('',(#144),#77,.F.);
#1865=ADVANCED_FACE('',(#145),#1798,.F.);
#1866=ADVANCED_FACE('',(#146),#78,.T.);
#1867=ADVANCED_FACE('',(#147),#79,.F.);
#1868=ADVANCED_FACE('',(#148),#80,.F.);
#1869=ADVANCED_FACE('',(#149),#81,.F.);
#1870=ADVANCED_FACE('',(#150),#82,.F.);
#1871=ADVANCED_FACE('',(#151),#1799,.F.);
#1872=ADVANCED_FACE('',(#152),#83,.F.);
#1873=ADVANCED_FACE('',(#153),#1800,.F.);
#1874=ADVANCED_FACE('',(#154),#84,.F.);
#1875=ADVANCED_FACE('',(#155),#1801,.F.);
#1876=ADVANCED_FACE('',(#156),#85,.F.);
#1877=ADVANCED_FACE('',(#157),#1802,.F.);
#1878=ADVANCED_FACE('',(#158),#86,.T.);
#1879=ADVANCED_FACE('',(#159),#1803,.F.);
#1880=ADVANCED_FACE('',(#160),#87,.F.);
#1881=ADVANCED_FACE('',(#161),#1804,.F.);
#1882=ADVANCED_FACE('',(#162),#88,.F.);
#1883=ADVANCED_FACE('',(#163),#1805,.F.);
#1884=ADVANCED_FACE('',(#164),#89,.F.);
#1885=ADVANCED_FACE('',(#165),#1806,.F.);
#1886=ADVANCED_FACE('',(#166),#90,.F.);
#1887=ADVANCED_FACE('',(#167),#91,.F.);
#1888=ADVANCED_FACE('',(#168),#92,.F.);
#1889=ADVANCED_FACE('',(#169),#93,.F.);
#1890=ADVANCED_FACE('',(#170),#94,.T.);
#1891=ADVANCED_FACE('',(#171),#95,.T.);
#1892=ADVANCED_FACE('',(#172),#96,.T.);
#1893=ADVANCED_FACE('',(#173),#1807,.F.);
#1894=ADVANCED_FACE('',(#174,#34),#97,.F.);
#1895=ADVANCED_FACE('',(#175),#1808,.F.);
#1896=ADVANCED_FACE('',(#176,#35),#98,.T.);
#1897=ADVANCED_FACE('',(#177),#1809,.F.);
#1898=ADVANCED_FACE('',(#178,#36),#99,.T.);
#1899=ADVANCED_FACE('',(#179),#1810,.F.);
#1900=ADVANCED_FACE('',(#180,#37),#100,.T.);
#1901=ADVANCED_FACE('',(#181),#1811,.F.);
#1902=ADVANCED_FACE('',(#182),#1812,.F.);
#1903=ADVANCED_FACE('',(#183),#1813,.F.);
#1904=ADVANCED_FACE('',(#184),#1814,.F.);
#1905=ADVANCED_FACE('',(#185),#1815,.F.);
#1906=ADVANCED_FACE('',(#186),#1816,.F.);
#1907=ADVANCED_FACE('',(#187),#1817,.F.);
#1908=ADVANCED_FACE('',(#188),#1818,.F.);
#1909=ADVANCED_FACE('',(#189,#38),#101,.T.);
#1910=ADVANCED_FACE('',(#190),#1819,.F.);
#1911=ADVANCED_FACE('',(#191,#39),#102,.T.);
#1912=ADVANCED_FACE('',(#192),#1820,.F.);
#1913=ADVANCED_FACE('',(#193),#1821,.F.);
#1914=ADVANCED_FACE('',(#194),#1822,.F.);
#1915=ADVANCED_FACE('',(#195),#103,.F.);
#1916=ADVANCED_FACE('',(#196),#1823,.F.);
#1917=ADVANCED_FACE('',(#197),#104,.F.);
#1918=ADVANCED_FACE('',(#198,#40),#105,.T.);
#1919=ADVANCED_FACE('',(#199),#106,.F.);
#1920=ADVANCED_FACE('',(#200),#1824,.F.);
#1921=ADVANCED_FACE('',(#201),#1825,.F.);
#1922=ADVANCED_FACE('',(#202),#107,.F.);
#1923=ADVANCED_FACE('',(#203),#1826,.F.);
#1924=ADVANCED_FACE('',(#204),#1827,.F.);
#1925=ADVANCED_FACE('',(#205),#1828,.F.);
#1926=ADVANCED_FACE('',(#206),#1829,.F.);
#1927=ADVANCED_FACE('',(#207),#1830,.F.);
#1928=ADVANCED_FACE('',(#208),#108,.T.);
#1929=ADVANCED_FACE('',(#209),#109,.T.);
#1930=ADVANCED_FACE('',(#210,#41,#42,#43,#44,#45,#46,#47,#48,#49,#50,#51,
#52,#53,#54),#110,.F.);
#1931=CLOSED_SHELL('',(#1831,#1832,#1833,#1834,#1835,#1836,#1837,#1838,
#1839,#1840,#1841,#1842,#1843,#1844,#1845,#1846,#1847,#1848,#1849,#1850,
#1851,#1852,#1853,#1854,#1855,#1856,#1857,#1858,#1859,#1860,#1861,#1862,
#1863,#1864,#1865,#1866,#1867,#1868,#1869,#1870,#1871,#1872,#1873,#1874,
#1875,#1876,#1877,#1878,#1879,#1880,#1881,#1882,#1883,#1884,#1885,#1886,
#1887,#1888,#1889,#1890,#1891,#1892,#1893,#1894,#1895,#1896,#1897,#1898,
#1899,#1900,#1901,#1902,#1903,#1904,#1905,#1906,#1907,#1908,#1909,#1910,
#1911,#1912,#1913,#1914,#1915,#1916,#1917,#1918,#1919,#1920,#1921,#1922,
#1923,#1924,#1925,#1926,#1927,#1928,#1929,#1930));
#1932=DERIVED_UNIT_ELEMENT(#1934,1.);
#1933=DERIVED_UNIT_ELEMENT(#3263,-3.);
#1934=(
MASS_UNIT()
NAMED_UNIT(*)
SI_UNIT(.KILO.,.GRAM.)
);
#1935=DERIVED_UNIT((#1932,#1933));
#1936=MEASURE_REPRESENTATION_ITEM('density measure',
POSITIVE_RATIO_MEASURE(7850.),#1935);
#1937=PROPERTY_DEFINITION_REPRESENTATION(#1942,#1939);
#1938=PROPERTY_DEFINITION_REPRESENTATION(#1943,#1940);
#1939=REPRESENTATION('material name',(#1941),#3260);
#1940=REPRESENTATION('density',(#1936),#3260);
#1941=DESCRIPTIVE_REPRESENTATION_ITEM('\X2\94A2\X0\','\X2\94A2\X0\');
#1942=PROPERTY_DEFINITION('material property','material name',#3275);
#1943=PROPERTY_DEFINITION('material property','density of part',#3275);
#1944=AXIS2_PLACEMENT_3D('',#2703,#2137,#2138);
#1945=AXIS2_PLACEMENT_3D('',#2704,#2139,#2140);
#1946=AXIS2_PLACEMENT_3D('',#2705,#2141,#2142);
#1947=AXIS2_PLACEMENT_3D('',#2707,#2143,#2144);
#1948=AXIS2_PLACEMENT_3D('',#2710,#2146,#2147);
#1949=AXIS2_PLACEMENT_3D('',#2711,#2148,#2149);
#1950=AXIS2_PLACEMENT_3D('',#2713,#2150,#2151);
#1951=AXIS2_PLACEMENT_3D('',#2714,#2152,#2153);
#1952=AXIS2_PLACEMENT_3D('',#2716,#2154,#2155);
#1953=AXIS2_PLACEMENT_3D('',#2719,#2157,#2158);
#1954=AXIS2_PLACEMENT_3D('',#2720,#2159,#2160);
#1955=AXIS2_PLACEMENT_3D('',#2722,#2161,#2162);
#1956=AXIS2_PLACEMENT_3D('',#2723,#2163,#2164);
#1957=AXIS2_PLACEMENT_3D('',#2732,#2169,#2170);
#1958=AXIS2_PLACEMENT_3D('',#2741,#2175,#2176);
#1959=AXIS2_PLACEMENT_3D('',#2742,#2177,#2178);
#1960=AXIS2_PLACEMENT_3D('',#2744,#2180,#2181);
#1961=AXIS2_PLACEMENT_3D('',#2754,#2186,#2187);
#1962=AXIS2_PLACEMENT_3D('',#2756,#2188,#2189);
#1963=AXIS2_PLACEMENT_3D('',#2758,#2190,#2191);
#1964=AXIS2_PLACEMENT_3D('',#2762,#2193,#2194);
#1965=AXIS2_PLACEMENT_3D('',#2766,#2196,#2197);
#1966=AXIS2_PLACEMENT_3D('',#2770,#2199,#2200);
#1967=AXIS2_PLACEMENT_3D('',#2774,#2202,#2203);
#1968=AXIS2_PLACEMENT_3D('',#2777,#2205,#2206);
#1969=AXIS2_PLACEMENT_3D('',#2778,#2207,#2208);
#1970=AXIS2_PLACEMENT_3D('',#2780,#2209,#2210);
#1971=AXIS2_PLACEMENT_3D('',#2782,#2211,#2212);
#1972=AXIS2_PLACEMENT_3D('',#2784,#2213,#2214);
#1973=AXIS2_PLACEMENT_3D('',#2786,#2215,#2216);
#1974=AXIS2_PLACEMENT_3D('',#2788,#2217,#2218);
#1975=AXIS2_PLACEMENT_3D('',#2790,#2219,#2220);
#1976=AXIS2_PLACEMENT_3D('',#2791,#2221,#2222);
#1977=AXIS2_PLACEMENT_3D('',#2801,#2228,#2229);
#1978=AXIS2_PLACEMENT_3D('',#2803,#2230,#2231);
#1979=AXIS2_PLACEMENT_3D('',#2806,#2233,#2234);
#1980=AXIS2_PLACEMENT_3D('',#2807,#2235,#2236);
#1981=AXIS2_PLACEMENT_3D('',#2809,#2237,#2238);
#1982=AXIS2_PLACEMENT_3D('',#2810,#2239,#2240);
#1983=AXIS2_PLACEMENT_3D('',#2812,#2242,#2243);
#1984=AXIS2_PLACEMENT_3D('',#2815,#2244,#2245);
#1985=AXIS2_PLACEMENT_3D('',#2819,#2247,#2248);
#1986=AXIS2_PLACEMENT_3D('',#2821,#2250,#2251);
#1987=AXIS2_PLACEMENT_3D('',#2827,#2255,#2256);
#1988=AXIS2_PLACEMENT_3D('',#2829,#2257,#2258);
#1989=AXIS2_PLACEMENT_3D('',#2832,#2260,#2261);
#1990=AXIS2_PLACEMENT_3D('',#2833,#2262,#2263);
#1991=AXIS2_PLACEMENT_3D('',#2839,#2267,#2268);
#1992=AXIS2_PLACEMENT_3D('',#2841,#2269,#2270);
#1993=AXIS2_PLACEMENT_3D('',#2844,#2272,#2273);
#1994=AXIS2_PLACEMENT_3D('',#2845,#2274,#2275);
#1995=AXIS2_PLACEMENT_3D('',#2851,#2279,#2280);
#1996=AXIS2_PLACEMENT_3D('',#2853,#2281,#2282);
#1997=AXIS2_PLACEMENT_3D('',#2856,#2284,#2285);
#1998=AXIS2_PLACEMENT_3D('',#2857,#2286,#2287);
#1999=AXIS2_PLACEMENT_3D('',#2863,#2291,#2292);
#2000=AXIS2_PLACEMENT_3D('',#2869,#2296,#2297);
#2001=AXIS2_PLACEMENT_3D('',#2878,#2302,#2303);
#2002=AXIS2_PLACEMENT_3D('',#2881,#2306,#2307);
#2003=AXIS2_PLACEMENT_3D('',#2883,#2309,#2310);
#2004=AXIS2_PLACEMENT_3D('',#2892,#2315,#2316);
#2005=AXIS2_PLACEMENT_3D('',#2894,#2317,#2318);
#2006=AXIS2_PLACEMENT_3D('',#2897,#2320,#2321);
#2007=AXIS2_PLACEMENT_3D('',#2898,#2322,#2323);
#2008=AXIS2_PLACEMENT_3D('',#2904,#2327,#2328);
#2009=AXIS2_PLACEMENT_3D('',#2906,#2329,#2330);
#2010=AXIS2_PLACEMENT_3D('',#2909,#2332,#2333);
#2011=AXIS2_PLACEMENT_3D('',#2910,#2334,#2335);
#2012=AXIS2_PLACEMENT_3D('',#2916,#2339,#2340);
#2013=AXIS2_PLACEMENT_3D('',#2918,#2341,#2342);
#2014=AXIS2_PLACEMENT_3D('',#2921,#2344,#2345);
#2015=AXIS2_PLACEMENT_3D('',#2922,#2346,#2347);
#2016=AXIS2_PLACEMENT_3D('',#2928,#2351,#2352);
#2017=AXIS2_PLACEMENT_3D('',#2934,#2356,#2357);
#2018=AXIS2_PLACEMENT_3D('',#2943,#2362,#2363);
#2019=AXIS2_PLACEMENT_3D('',#2949,#2367,#2368);
#2020=AXIS2_PLACEMENT_3D('',#2950,#2369,#2370);
#2021=AXIS2_PLACEMENT_3D('',#2951,#2371,#2372);
#2022=AXIS2_PLACEMENT_3D('',#2952,#2373,#2374);
#2023=AXIS2_PLACEMENT_3D('',#2954,#2376,#2377);
#2024=AXIS2_PLACEMENT_3D('',#2963,#2382,#2383);
#2025=AXIS2_PLACEMENT_3D('',#2969,#2387,#2388);
#2026=AXIS2_PLACEMENT_3D('',#2978,#2393,#2394);
#2027=AXIS2_PLACEMENT_3D('',#2984,#2398,#2399);
#2028=AXIS2_PLACEMENT_3D('',#2986,#2400,#2401);
#2029=AXIS2_PLACEMENT_3D('',#2989,#2403,#2404);
#2030=AXIS2_PLACEMENT_3D('',#2990,#2405,#2406);
#2031=AXIS2_PLACEMENT_3D('',#2996,#2410,#2411);
#2032=AXIS2_PLACEMENT_3D('',#2998,#2412,#2413);
#2033=AXIS2_PLACEMENT_3D('',#3001,#2415,#2416);
#2034=AXIS2_PLACEMENT_3D('',#3002,#2417,#2418);
#2035=AXIS2_PLACEMENT_3D('',#3008,#2422,#2423);
#2036=AXIS2_PLACEMENT_3D('',#3010,#2424,#2425);
#2037=AXIS2_PLACEMENT_3D('',#3013,#2427,#2428);
#2038=AXIS2_PLACEMENT_3D('',#3014,#2429,#2430);
#2039=AXIS2_PLACEMENT_3D('',#3020,#2434,#2435);
#2040=AXIS2_PLACEMENT_3D('',#3021,#2436,#2437);
#2041=AXIS2_PLACEMENT_3D('',#3022,#2438,#2439);
#2042=AXIS2_PLACEMENT_3D('',#3023,#2440,#2441);
#2043=AXIS2_PLACEMENT_3D('',#3025,#2443,#2444);
#2044=AXIS2_PLACEMENT_3D('',#3028,#2445,#2446);
#2045=AXIS2_PLACEMENT_3D('',#3032,#2448,#2449);
#2046=AXIS2_PLACEMENT_3D('',#3034,#2451,#2452);
#2047=AXIS2_PLACEMENT_3D('',#3040,#2456,#2457);
#2048=AXIS2_PLACEMENT_3D('',#3042,#2458,#2459);
#2049=AXIS2_PLACEMENT_3D('',#3045,#2461,#2462);
#2050=AXIS2_PLACEMENT_3D('',#3046,#2463,#2464);
#2051=AXIS2_PLACEMENT_3D('',#3052,#2468,#2469);
#2052=AXIS2_PLACEMENT_3D('',#3054,#2470,#2471);
#2053=AXIS2_PLACEMENT_3D('',#3057,#2473,#2474);
#2054=AXIS2_PLACEMENT_3D('',#3058,#2475,#2476);
#2055=AXIS2_PLACEMENT_3D('',#3064,#2480,#2481);
#2056=AXIS2_PLACEMENT_3D('',#3066,#2482,#2483);
#2057=AXIS2_PLACEMENT_3D('',#3069,#2485,#2486);
#2058=AXIS2_PLACEMENT_3D('',#3070,#2487,#2488);
#2059=AXIS2_PLACEMENT_3D('',#3076,#2492,#2493);
#2060=AXIS2_PLACEMENT_3D('',#3082,#2497,#2498);
#2061=AXIS2_PLACEMENT_3D('',#3091,#2503,#2504);
#2062=AXIS2_PLACEMENT_3D('',#3094,#2507,#2508);
#2063=AXIS2_PLACEMENT_3D('',#3096,#2510,#2511);
#2064=AXIS2_PLACEMENT_3D('',#3104,#2517,#2518);
#2065=AXIS2_PLACEMENT_3D('',#3112,#2524,#2525);
#2066=AXIS2_PLACEMENT_3D('',#3114,#2526,#2527);
#2067=AXIS2_PLACEMENT_3D('',#3117,#2529,#2530);
#2068=AXIS2_PLACEMENT_3D('',#3118,#2531,#2532);
#2069=AXIS2_PLACEMENT_3D('',#3119,#2533,#2534);
#2070=AXIS2_PLACEMENT_3D('',#3121,#2535,#2536);
#2071=AXIS2_PLACEMENT_3D('',#3124,#2538,#2539);
#2072=AXIS2_PLACEMENT_3D('',#3125,#2540,#2541);
#2073=AXIS2_PLACEMENT_3D('',#3127,#2542,#2543);
#2074=AXIS2_PLACEMENT_3D('',#3128,#2544,#2545);
#2075=AXIS2_PLACEMENT_3D('',#3130,#2546,#2547);
#2076=AXIS2_PLACEMENT_3D('',#3133,#2549,#2550);
#2077=AXIS2_PLACEMENT_3D('',#3134,#2551,#2552);
#2078=AXIS2_PLACEMENT_3D('',#3136,#2553,#2554);
#2079=AXIS2_PLACEMENT_3D('',#3137,#2555,#2556);
#2080=AXIS2_PLACEMENT_3D('',#3139,#2557,#2558);
#2081=AXIS2_PLACEMENT_3D('',#3142,#2560,#2561);
#2082=AXIS2_PLACEMENT_3D('',#3143,#2562,#2563);
#2083=AXIS2_PLACEMENT_3D('',#3145,#2564,#2565);
#2084=AXIS2_PLACEMENT_3D('',#3146,#2566,#2567);
#2085=AXIS2_PLACEMENT_3D('',#3148,#2568,#2569);
#2086=AXIS2_PLACEMENT_3D('',#3150,#2571,#2572);
#2087=AXIS2_PLACEMENT_3D('',#3152,#2573,#2574);
#2088=AXIS2_PLACEMENT_3D('',#3154,#2576,#2577);
#2089=AXIS2_PLACEMENT_3D('',#3156,#2578,#2579);
#2090=AXIS2_PLACEMENT_3D('',#3158,#2581,#2582);
#2091=AXIS2_PLACEMENT_3D('',#3160,#2583,#2584);
#2092=AXIS2_PLACEMENT_3D('',#3162,#2586,#2587);
#2093=AXIS2_PLACEMENT_3D('',#3164,#2588,#2589);
#2094=AXIS2_PLACEMENT_3D('',#3166,#2591,#2592);
#2095=AXIS2_PLACEMENT_3D('',#3168,#2593,#2594);
#2096=AXIS2_PLACEMENT_3D('',#3170,#2596,#2597);
#2097=AXIS2_PLACEMENT_3D('',#3172,#2598,#2599);
#2098=AXIS2_PLACEMENT_3D('',#3175,#2601,#2602);
#2099=AXIS2_PLACEMENT_3D('',#3176,#2603,#2604);
#2100=AXIS2_PLACEMENT_3D('',#3179,#2606,#2607);
#2101=AXIS2_PLACEMENT_3D('',#3180,#2608,#2609);
#2102=AXIS2_PLACEMENT_3D('',#3182,#2610,#2611);
#2103=AXIS2_PLACEMENT_3D('',#3183,#2612,#2613);
#2104=AXIS2_PLACEMENT_3D('',#3186,#2615,#2616);
#2105=AXIS2_PLACEMENT_3D('',#3187,#2617,#2618);
#2106=AXIS2_PLACEMENT_3D('',#3189,#2619,#2620);
#2107=AXIS2_PLACEMENT_3D('',#3190,#2621,#2622);
#2108=AXIS2_PLACEMENT_3D('',#3193,#2624,#2625);
#2109=AXIS2_PLACEMENT_3D('',#3194,#2626,#2627);
#2110=AXIS2_PLACEMENT_3D('',#3197,#2629,#2630);
#2111=AXIS2_PLACEMENT_3D('',#3198,#2631,#2632);
#2112=AXIS2_PLACEMENT_3D('',#3200,#2633,#2634);
#2113=AXIS2_PLACEMENT_3D('',#3202,#2635,#2636);
#2114=AXIS2_PLACEMENT_3D('',#3204,#2638,#2639);
#2115=AXIS2_PLACEMENT_3D('',#3210,#2643,#2644);
#2116=AXIS2_PLACEMENT_3D('',#3212,#2645,#2646);
#2117=AXIS2_PLACEMENT_3D('',#3214,#2647,#2648);
#2118=AXIS2_PLACEMENT_3D('',#3216,#2650,#2651);
#2119=AXIS2_PLACEMENT_3D('',#3223,#2656,#2657);
#2120=AXIS2_PLACEMENT_3D('',#3225,#2658,#2659);
#2121=AXIS2_PLACEMENT_3D('',#3228,#2661,#2662);
#2122=AXIS2_PLACEMENT_3D('',#3229,#2663,#2664);
#2123=AXIS2_PLACEMENT_3D('',#3232,#2667,#2668);
#2124=AXIS2_PLACEMENT_3D('',#3233,#2669,#2670);
#2125=AXIS2_PLACEMENT_3D('',#3236,#2672,#2673);
#2126=AXIS2_PLACEMENT_3D('',#3237,#2674,#2675);
#2127=AXIS2_PLACEMENT_3D('',#3241,#2678,#2679);
#2128=AXIS2_PLACEMENT_3D('',#3242,#2680,#2681);
#2129=AXIS2_PLACEMENT_3D('',#3243,#2682,#2683);
#2130=AXIS2_PLACEMENT_3D('',#3244,#2684,#2685);
#2131=AXIS2_PLACEMENT_3D('',#3246,#2687,#2688);
#2132=AXIS2_PLACEMENT_3D('',#3248,#2690,#2691);
#2133=AXIS2_PLACEMENT_3D('',#3250,#2693,#2694);
#2134=AXIS2_PLACEMENT_3D('',#3252,#2696,#2697);
#2135=AXIS2_PLACEMENT_3D('',#3254,#2699,#2700);
#2136=AXIS2_PLACEMENT_3D('',#3255,#2701,#2702);
#2137=DIRECTION('axis',(0.,0.,1.));
#2138=DIRECTION('refdir',(1.,0.,0.));
#2139=DIRECTION('axis',(0.,0.,1.));
#2140=DIRECTION('refdir',(1.,0.,0.));
#2141=DIRECTION('center_axis',(0.,1.,0.));
#2142=DIRECTION('ref_axis',(1.,0.,0.));
#2143=DIRECTION('center_axis',(0.,-1.,0.));
#2144=DIRECTION('ref_axis',(1.,0.,0.));
#2145=DIRECTION('',(0.,1.,0.));
#2146=DIRECTION('center_axis',(0.,-1.,0.));
#2147=DIRECTION('ref_axis',(1.,0.,0.));
#2148=DIRECTION('center_axis',(0.,-1.,0.));
#2149=DIRECTION('ref_axis',(1.,0.,0.));
#2150=DIRECTION('center_axis',(0.,1.,0.));
#2151=DIRECTION('ref_axis',(1.,0.,0.));
#2152=DIRECTION('center_axis',(0.,1.,0.));
#2153=DIRECTION('ref_axis',(1.,0.,0.));
#2154=DIRECTION('center_axis',(0.,-1.,0.));
#2155=DIRECTION('ref_axis',(1.,0.,0.));
#2156=DIRECTION('',(0.,1.,0.));
#2157=DIRECTION('center_axis',(0.,-1.,0.));
#2158=DIRECTION('ref_axis',(1.,0.,0.));
#2159=DIRECTION('center_axis',(0.,-1.,0.));
#2160=DIRECTION('ref_axis',(1.,0.,0.));
#2161=DIRECTION('center_axis',(0.,1.,0.));
#2162=DIRECTION('ref_axis',(1.,0.,0.));
#2163=DIRECTION('center_axis',(0.,0.,-1.));
#2164=DIRECTION('ref_axis',(1.,0.,0.));
#2165=DIRECTION('',(0.,1.,0.));
#2166=DIRECTION('',(1.,0.,0.));
#2167=DIRECTION('',(0.,-1.,0.));
#2168=DIRECTION('',(1.,0.,0.));
#2169=DIRECTION('center_axis',(3.15038342895331E-14,0.,1.));
#2170=DIRECTION('ref_axis',(-1.,0.,3.15038342895331E-14));
#2171=DIRECTION('',(0.,-1.,0.));
#2172=DIRECTION('',(-1.,0.,3.15038342895331E-14));
#2173=DIRECTION('',(0.,1.,0.));
#2174=DIRECTION('',(-1.,0.,3.15038342895331E-14));
#2175=DIRECTION('center_axis',(0.,-1.,0.));
#2176=DIRECTION('ref_axis',(0.,0.,-1.));
#2177=DIRECTION('center_axis',(0.,1.,0.));
#2178=DIRECTION('ref_axis',(1.,0.,0.));
#2179=DIRECTION('',(0.,0.,1.));
#2180=DIRECTION('center_axis',(0.,1.,0.));
#2181=DIRECTION('ref_axis',(1.,0.,0.));
#2182=DIRECTION('',(-1.,0.,0.));
#2183=DIRECTION('',(0.,0.,1.));
#2184=DIRECTION('',(1.,0.,-1.61486985400023E-16));
#2185=DIRECTION('',(0.,0.,-1.));
#2186=DIRECTION('center_axis',(0.,-1.,0.));
#2187=DIRECTION('ref_axis',(1.,0.,0.));
#2188=DIRECTION('center_axis',(0.,-1.,0.));
#2189=DIRECTION('ref_axis',(1.,0.,0.));
#2190=DIRECTION('center_axis',(0.,-1.,0.));
#2191=DIRECTION('ref_axis',(1.,0.,0.));
#2192=DIRECTION('',(0.,0.,-1.));
#2193=DIRECTION('center_axis',(0.,-1.,0.));
#2194=DIRECTION('ref_axis',(-8.8817841970012E-15,0.,-1.));
#2195=DIRECTION('',(1.,0.,0.));
#2196=DIRECTION('center_axis',(0.,-1.,0.));
#2197=DIRECTION('ref_axis',(1.,0.,2.22044604925032E-15));
#2198=DIRECTION('',(0.,0.,1.));
#2199=DIRECTION('center_axis',(0.,-1.,0.));
#2200=DIRECTION('ref_axis',(0.,0.,1.));
#2201=DIRECTION('',(-1.,0.,0.));
#2202=DIRECTION('center_axis',(0.,-1.,0.));
#2203=DIRECTION('ref_axis',(-1.,0.,-8.88178419700136E-15));
#2204=DIRECTION('',(0.,0.,-1.));
#2205=DIRECTION('center_axis',(0.,-1.,0.));
#2206=DIRECTION('ref_axis',(1.,0.,0.));
#2207=DIRECTION('center_axis',(0.,-1.,0.));
#2208=DIRECTION('ref_axis',(1.,0.,0.));
#2209=DIRECTION('center_axis',(0.,-1.,0.));
#2210=DIRECTION('ref_axis',(-1.,0.,0.));
#2211=DIRECTION('center_axis',(0.,-1.,0.));
#2212=DIRECTION('ref_axis',(-1.,0.,0.));
#2213=DIRECTION('center_axis',(0.,-1.,0.));
#2214=DIRECTION('ref_axis',(1.,0.,0.));
#2215=DIRECTION('center_axis',(0.,-1.,0.));
#2216=DIRECTION('ref_axis',(1.,0.,0.));
#2217=DIRECTION('center_axis',(0.,-1.,0.));
#2218=DIRECTION('ref_axis',(1.,0.,0.));
#2219=DIRECTION('center_axis',(0.,-1.,0.));
#2220=DIRECTION('ref_axis',(1.,0.,0.));
#2221=DIRECTION('center_axis',(-1.,0.,0.));
#2222=DIRECTION('ref_axis',(0.,0.,-1.));
#2223=DIRECTION('',(0.,-1.,0.));
#2224=DIRECTION('',(0.,0.,-1.));
#2225=DIRECTION('',(0.,-1.,0.));
#2226=DIRECTION('',(2.32235809926896E-16,0.,1.));
#2227=DIRECTION('',(0.,-1.,0.));
#2228=DIRECTION('center_axis',(0.,1.,0.));
#2229=DIRECTION('ref_axis',(1.,0.,0.));
#2230=DIRECTION('center_axis',(0.,-1.,0.));
#2231=DIRECTION('ref_axis',(1.,0.,0.));
#2232=DIRECTION('',(0.,1.,0.));
#2233=DIRECTION('center_axis',(0.,1.,0.));
#2234=DIRECTION('ref_axis',(1.,0.,0.));
#2235=DIRECTION('center_axis',(0.,1.,0.));
#2236=DIRECTION('ref_axis',(1.,0.,0.));
#2237=DIRECTION('center_axis',(0.,-1.,0.));
#2238=DIRECTION('ref_axis',(1.,0.,0.));
#2239=DIRECTION('center_axis',(0.,1.,0.));
#2240=DIRECTION('ref_axis',(1.,0.,0.));
#2241=DIRECTION('',(0.,-1.,0.));
#2242=DIRECTION('center_axis',(0.,1.,0.));
#2243=DIRECTION('ref_axis',(-1.,0.,0.));
#2244=DIRECTION('center_axis',(0.,1.,0.));
#2245=DIRECTION('ref_axis',(-1.,0.,0.));
#2246=DIRECTION('',(0.,1.,0.));
#2247=DIRECTION('center_axis',(0.,1.,0.));
#2248=DIRECTION('ref_axis',(-1.,0.,0.));
#2249=DIRECTION('',(0.,1.,0.));
#2250=DIRECTION('center_axis',(0.,0.,-1.));
#2251=DIRECTION('ref_axis',(-1.,0.,0.));
#2252=DIRECTION('',(-1.,0.,0.));
#2253=DIRECTION('',(0.,1.,0.));
#2254=DIRECTION('',(-1.,0.,0.));
#2255=DIRECTION('center_axis',(0.,1.,0.));
#2256=DIRECTION('ref_axis',(0.,0.,-1.));
#2257=DIRECTION('center_axis',(0.,1.,0.));
#2258=DIRECTION('ref_axis',(0.,0.,-1.));
#2259=DIRECTION('',(0.,1.,0.));
#2260=DIRECTION('center_axis',(0.,1.,0.));
#2261=DIRECTION('ref_axis',(0.,0.,-1.));
#2262=DIRECTION('center_axis',(1.,0.,-1.23358113847239E-15));
#2263=DIRECTION('ref_axis',(-1.23358113847239E-15,0.,-1.));
#2264=DIRECTION('',(-1.23358113847239E-15,0.,-1.));
#2265=DIRECTION('',(0.,1.,0.));
#2266=DIRECTION('',(-1.23358113847239E-15,0.,-1.));
#2267=DIRECTION('center_axis',(0.,1.,0.));
#2268=DIRECTION('ref_axis',(1.,0.,0.));
#2269=DIRECTION('center_axis',(0.,1.,0.));
#2270=DIRECTION('ref_axis',(1.,0.,0.));
#2271=DIRECTION('',(0.,1.,0.));
#2272=DIRECTION('center_axis',(0.,1.,0.));
#2273=DIRECTION('ref_axis',(1.,0.,0.));
#2274=DIRECTION('center_axis',(4.93432455388959E-15,0.,1.));
#2275=DIRECTION('ref_axis',(1.,0.,-4.93432455388959E-15));
#2276=DIRECTION('',(1.,0.,-4.93432455388959E-15));
#2277=DIRECTION('',(0.,1.,0.));
#2278=DIRECTION('',(1.,0.,-4.93432455388959E-15));
#2279=DIRECTION('center_axis',(0.,1.,0.));
#2280=DIRECTION('ref_axis',(0.,0.,1.));
#2281=DIRECTION('center_axis',(0.,1.,0.));
#2282=DIRECTION('ref_axis',(0.,0.,1.));
#2283=DIRECTION('',(0.,1.,0.));
#2284=DIRECTION('center_axis',(0.,1.,0.));
#2285=DIRECTION('ref_axis',(0.,0.,1.));
#2286=DIRECTION('center_axis',(-1.,0.,-8.88178419700113E-15));
#2287=DIRECTION('ref_axis',(-8.88178419700113E-15,0.,1.));
#2288=DIRECTION('',(-8.88178419700113E-15,0.,1.));
#2289=DIRECTION('',(0.,1.,0.));
#2290=DIRECTION('',(-8.88178419700113E-15,0.,1.));
#2291=DIRECTION('center_axis',(0.,0.,1.));
#2292=DIRECTION('ref_axis',(1.,0.,0.));
#2293=DIRECTION('',(1.,0.,0.));
#2294=DIRECTION('',(0.,-1.,0.));
#2295=DIRECTION('',(1.,0.,0.));
#2296=DIRECTION('center_axis',(0.,0.,-1.));
#2297=DIRECTION('ref_axis',(-1.,0.,0.));
#2298=DIRECTION('',(-1.,0.,0.));
#2299=DIRECTION('',(0.,1.,0.));
#2300=DIRECTION('',(-1.,0.,0.));
#2301=DIRECTION('',(0.,1.,0.));
#2302=DIRECTION('center_axis',(-1.,0.,8.88178419700113E-15));
#2303=DIRECTION('ref_axis',(8.88178419700113E-15,0.,1.));
#2304=DIRECTION('',(8.88178419700113E-15,0.,1.));
#2305=DIRECTION('',(8.88178419700113E-15,0.,1.));
#2306=DIRECTION('center_axis',(0.,-1.,0.));
#2307=DIRECTION('ref_axis',(1.,0.,0.));
#2308=DIRECTION('',(0.,0.,1.));
#2309=DIRECTION('center_axis',(0.,0.,1.));
#2310=DIRECTION('ref_axis',(1.,0.,0.));
#2311=DIRECTION('',(1.,0.,0.));
#2312=DIRECTION('',(0.,1.,0.));
#2313=DIRECTION('',(1.,0.,0.));
#2314=DIRECTION('',(0.,1.,0.));
#2315=DIRECTION('center_axis',(0.,1.,0.));
#2316=DIRECTION('ref_axis',(0.,0.,1.));
#2317=DIRECTION('center_axis',(0.,1.,0.));
#2318=DIRECTION('ref_axis',(0.,0.,1.));
#2319=DIRECTION('',(0.,1.,0.));
#2320=DIRECTION('center_axis',(0.,1.,0.));
#2321=DIRECTION('ref_axis',(0.,0.,1.));
#2322=DIRECTION('center_axis',(-1.,0.,0.));
#2323=DIRECTION('ref_axis',(0.,0.,1.));
#2324=DIRECTION('',(0.,0.,1.));
#2325=DIRECTION('',(0.,1.,0.));
#2326=DIRECTION('',(0.,0.,1.));
#2327=DIRECTION('center_axis',(0.,1.,0.));
#2328=DIRECTION('ref_axis',(-1.,0.,0.));
#2329=DIRECTION('center_axis',(0.,1.,0.));
#2330=DIRECTION('ref_axis',(-1.,0.,0.));
#2331=DIRECTION('',(0.,1.,0.));
#2332=DIRECTION('center_axis',(0.,1.,0.));
#2333=DIRECTION('ref_axis',(-1.,0.,0.));
#2334=DIRECTION('center_axis',(4.93432455388959E-15,0.,-1.));
#2335=DIRECTION('ref_axis',(-1.,0.,-4.93432455388959E-15));
#2336=DIRECTION('',(-1.,0.,-4.93432455388959E-15));
#2337=DIRECTION('',(0.,1.,0.));
#2338=DIRECTION('',(-1.,0.,-4.93432455388959E-15));
#2339=DIRECTION('center_axis',(0.,1.,0.));
#2340=DIRECTION('ref_axis',(0.,0.,-1.));
#2341=DIRECTION('center_axis',(0.,1.,0.));
#2342=DIRECTION('ref_axis',(0.,0.,-1.));
#2343=DIRECTION('',(0.,1.,0.));
#2344=DIRECTION('center_axis',(0.,1.,0.));
#2345=DIRECTION('ref_axis',(0.,0.,-1.));
#2346=DIRECTION('center_axis',(1.,0.,0.));
#2347=DIRECTION('ref_axis',(0.,0.,-1.));
#2348=DIRECTION('',(0.,0.,-1.));
#2349=DIRECTION('',(0.,1.,0.));
#2350=DIRECTION('',(0.,0.,-1.));
#2351=DIRECTION('center_axis',(0.,0.,-1.));
#2352=DIRECTION('ref_axis',(-1.,0.,0.));
#2353=DIRECTION('',(-1.,0.,0.));
#2354=DIRECTION('',(0.,-1.,0.));
#2355=DIRECTION('',(-1.,0.,0.));
#2356=DIRECTION('center_axis',(0.,0.,1.));
#2357=DIRECTION('ref_axis',(1.,0.,0.));
#2358=DIRECTION('',(1.,0.,0.));
#2359=DIRECTION('',(0.,1.,0.));
#2360=DIRECTION('',(1.,0.,0.));
#2361=DIRECTION('',(0.,1.,0.));
#2362=DIRECTION('center_axis',(1.,0.,0.));
#2363=DIRECTION('ref_axis',(0.,0.,-1.));
#2364=DIRECTION('',(0.,0.,-1.));
#2365=DIRECTION('',(0.,1.,0.));
#2366=DIRECTION('',(0.,0.,-1.));
#2367=DIRECTION('center_axis',(0.,1.,0.));
#2368=DIRECTION('ref_axis',(1.,0.,0.));
#2369=DIRECTION('center_axis',(0.,1.,0.));
#2370=DIRECTION('ref_axis',(1.,0.,0.));
#2371=DIRECTION('center_axis',(0.,1.,0.));
#2372=DIRECTION('ref_axis',(1.,0.,0.));
#2373=DIRECTION('center_axis',(0.,-1.,0.));
#2374=DIRECTION('ref_axis',(1.,0.,0.));
#2375=DIRECTION('',(0.,0.,-1.));
#2376=DIRECTION('center_axis',(-1.,0.,1.77635683940029E-14));
#2377=DIRECTION('ref_axis',(1.77635683940029E-14,0.,1.));
#2378=DIRECTION('',(1.77635683940029E-14,0.,1.));
#2379=DIRECTION('',(0.,1.,0.));
#2380=DIRECTION('',(1.77635683940029E-14,0.,1.));
#2381=DIRECTION('',(0.,1.,0.));
#2382=DIRECTION('center_axis',(0.,0.,1.));
#2383=DIRECTION('ref_axis',(1.,0.,0.));
#2384=DIRECTION('',(1.,0.,0.));
#2385=DIRECTION('',(0.,-1.,0.));
#2386=DIRECTION('',(1.,0.,0.));
#2387=DIRECTION('center_axis',(0.,0.,-1.));
#2388=DIRECTION('ref_axis',(-1.,0.,0.));
#2389=DIRECTION('',(-1.,0.,0.));
#2390=DIRECTION('',(0.,1.,0.));
#2391=DIRECTION('',(-1.,0.,0.));
#2392=DIRECTION('',(0.,1.,0.));
#2393=DIRECTION('center_axis',(-1.,0.,0.));
#2394=DIRECTION('ref_axis',(0.,0.,1.));
#2395=DIRECTION('',(0.,0.,1.));
#2396=DIRECTION('',(0.,1.,0.));
#2397=DIRECTION('',(0.,0.,1.));
#2398=DIRECTION('center_axis',(0.,1.,0.));
#2399=DIRECTION('ref_axis',(-1.,0.,0.));
#2400=DIRECTION('center_axis',(0.,1.,0.));
#2401=DIRECTION('ref_axis',(-1.,0.,0.));
#2402=DIRECTION('',(0.,1.,0.));
#2403=DIRECTION('center_axis',(0.,1.,0.));
#2404=DIRECTION('ref_axis',(-1.,0.,0.));
#2405=DIRECTION('center_axis',(-4.93432455388959E-15,0.,-1.));
#2406=DIRECTION('ref_axis',(-1.,0.,4.93432455388959E-15));
#2407=DIRECTION('',(-1.,0.,4.93432455388959E-15));
#2408=DIRECTION('',(0.,1.,0.));
#2409=DIRECTION('',(-1.,0.,4.93432455388959E-15));
#2410=DIRECTION('center_axis',(0.,1.,0.));
#2411=DIRECTION('ref_axis',(0.,0.,-1.));
#2412=DIRECTION('center_axis',(0.,1.,0.));
#2413=DIRECTION('ref_axis',(0.,0.,-1.));
#2414=DIRECTION('',(0.,1.,0.));
#2415=DIRECTION('center_axis',(0.,1.,0.));
#2416=DIRECTION('ref_axis',(0.,0.,-1.));
#2417=DIRECTION('center_axis',(1.,0.,2.46716227694479E-15));
#2418=DIRECTION('ref_axis',(2.46716227694479E-15,0.,-1.));
#2419=DIRECTION('',(2.46716227694479E-15,0.,-1.));
#2420=DIRECTION('',(0.,1.,0.));
#2421=DIRECTION('',(2.46716227694479E-15,0.,-1.));
#2422=DIRECTION('center_axis',(0.,1.,0.));
#2423=DIRECTION('ref_axis',(1.,0.,0.));
#2424=DIRECTION('center_axis',(0.,1.,0.));
#2425=DIRECTION('ref_axis',(1.,0.,0.));
#2426=DIRECTION('',(0.,1.,0.));
#2427=DIRECTION('center_axis',(0.,1.,0.));
#2428=DIRECTION('ref_axis',(1.,0.,0.));
#2429=DIRECTION('center_axis',(7.40148683083439E-15,0.,1.));
#2430=DIRECTION('ref_axis',(1.,0.,-7.40148683083439E-15));
#2431=DIRECTION('',(1.,0.,-7.40148683083439E-15));
#2432=DIRECTION('',(0.,1.,0.));
#2433=DIRECTION('',(1.,0.,-7.40148683083439E-15));
#2434=DIRECTION('center_axis',(0.,1.,0.));
#2435=DIRECTION('ref_axis',(0.,0.,1.));
#2436=DIRECTION('center_axis',(0.,1.,0.));
#2437=DIRECTION('ref_axis',(0.,0.,1.));
#2438=DIRECTION('center_axis',(0.,1.,0.));
#2439=DIRECTION('ref_axis',(0.,0.,1.));
#2440=DIRECTION('center_axis',(0.,-1.,0.));
#2441=DIRECTION('ref_axis',(1.,0.,0.));
#2442=DIRECTION('',(0.,0.,1.));
#2443=DIRECTION('center_axis',(0.,1.,0.));
#2444=DIRECTION('ref_axis',(1.,0.,0.));
#2445=DIRECTION('center_axis',(0.,1.,0.));
#2446=DIRECTION('ref_axis',(1.,0.,0.));
#2447=DIRECTION('',(0.,1.,0.));
#2448=DIRECTION('center_axis',(0.,1.,0.));
#2449=DIRECTION('ref_axis',(1.,0.,0.));
#2450=DIRECTION('',(0.,1.,0.));
#2451=DIRECTION('center_axis',(-7.40148683083439E-15,0.,1.));
#2452=DIRECTION('ref_axis',(1.,0.,7.40148683083439E-15));
#2453=DIRECTION('',(1.,0.,7.40148683083439E-15));
#2454=DIRECTION('',(0.,1.,0.));
#2455=DIRECTION('',(1.,0.,7.40148683083439E-15));
#2456=DIRECTION('center_axis',(0.,1.,0.));
#2457=DIRECTION('ref_axis',(0.,0.,1.));
#2458=DIRECTION('center_axis',(0.,1.,0.));
#2459=DIRECTION('ref_axis',(0.,0.,1.));
#2460=DIRECTION('',(0.,1.,0.));
#2461=DIRECTION('center_axis',(0.,1.,0.));
#2462=DIRECTION('ref_axis',(0.,0.,1.));
#2463=DIRECTION('center_axis',(-1.,0.,2.46716227694479E-15));
#2464=DIRECTION('ref_axis',(2.46716227694479E-15,0.,1.));
#2465=DIRECTION('',(2.46716227694479E-15,0.,1.));
#2466=DIRECTION('',(0.,1.,0.));
#2467=DIRECTION('',(2.46716227694479E-15,0.,1.));
#2468=DIRECTION('center_axis',(0.,1.,0.));
#2469=DIRECTION('ref_axis',(-1.,0.,0.));
#2470=DIRECTION('center_axis',(0.,1.,0.));
#2471=DIRECTION('ref_axis',(-1.,0.,0.));
#2472=DIRECTION('',(0.,1.,0.));
#2473=DIRECTION('center_axis',(0.,1.,0.));
#2474=DIRECTION('ref_axis',(-1.,0.,0.));
#2475=DIRECTION('center_axis',(4.93432455388959E-15,0.,-1.));
#2476=DIRECTION('ref_axis',(-1.,0.,-4.93432455388959E-15));
#2477=DIRECTION('',(-1.,0.,-4.93432455388959E-15));
#2478=DIRECTION('',(0.,1.,0.));
#2479=DIRECTION('',(-1.,0.,-4.93432455388959E-15));
#2480=DIRECTION('center_axis',(0.,1.,0.));
#2481=DIRECTION('ref_axis',(0.,0.,-1.));
#2482=DIRECTION('center_axis',(0.,1.,0.));
#2483=DIRECTION('ref_axis',(0.,0.,-1.));
#2484=DIRECTION('',(0.,1.,0.));
#2485=DIRECTION('center_axis',(0.,1.,0.));
#2486=DIRECTION('ref_axis',(0.,0.,-1.));
#2487=DIRECTION('center_axis',(1.,0.,0.));
#2488=DIRECTION('ref_axis',(0.,0.,-1.));
#2489=DIRECTION('',(0.,0.,-1.));
#2490=DIRECTION('',(0.,1.,0.));
#2491=DIRECTION('',(0.,0.,-1.));
#2492=DIRECTION('center_axis',(0.,0.,-1.));
#2493=DIRECTION('ref_axis',(-1.,0.,0.));
#2494=DIRECTION('',(-1.,0.,0.));
#2495=DIRECTION('',(0.,-1.,0.));
#2496=DIRECTION('',(-1.,0.,0.));
#2497=DIRECTION('center_axis',(0.,0.,1.));
#2498=DIRECTION('ref_axis',(1.,0.,0.));
#2499=DIRECTION('',(1.,0.,0.));
#2500=DIRECTION('',(0.,1.,0.));
#2501=DIRECTION('',(1.,0.,0.));
#2502=DIRECTION('',(0.,1.,0.));
#2503=DIRECTION('center_axis',(1.,0.,0.));
#2504=DIRECTION('ref_axis',(0.,0.,-1.));
#2505=DIRECTION('',(0.,0.,-1.));
#2506=DIRECTION('',(0.,0.,-1.));
#2507=DIRECTION('center_axis',(0.,-1.,0.));
#2508=DIRECTION('ref_axis',(1.,0.,0.));
#2509=DIRECTION('',(0.,0.,-1.));
#2510=DIRECTION('center_axis',(-1.,0.,0.));
#2511=DIRECTION('ref_axis',(0.,0.,1.));
#2512=DIRECTION('',(0.,0.,-1.));
#2513=DIRECTION('',(0.,1.,0.));
#2514=DIRECTION('',(0.,1.,0.));
#2515=DIRECTION('',(0.,0.,-1.));
#2516=DIRECTION('',(0.,0.,-1.));
#2517=DIRECTION('center_axis',(1.,0.,0.));
#2518=DIRECTION('ref_axis',(0.,0.,-1.));
#2519=DIRECTION('',(0.,0.,1.));
#2520=DIRECTION('',(0.,0.,1.));
#2521=DIRECTION('',(0.,1.,0.));
#2522=DIRECTION('',(0.,1.,0.));
#2523=DIRECTION('',(0.,0.,1.));
#2524=DIRECTION('center_axis',(0.,1.,0.));
#2525=DIRECTION('ref_axis',(1.,0.,0.));
#2526=DIRECTION('center_axis',(0.,1.,0.));
#2527=DIRECTION('ref_axis',(1.,0.,0.));
#2528=DIRECTION('',(0.,1.,0.));
#2529=DIRECTION('center_axis',(0.,1.,0.));
#2530=DIRECTION('ref_axis',(1.,0.,0.));
#2531=DIRECTION('center_axis',(0.,1.,0.));
#2532=DIRECTION('ref_axis',(1.,0.,0.));
#2533=DIRECTION('center_axis',(0.,1.,0.));
#2534=DIRECTION('ref_axis',(1.,0.,0.));
#2535=DIRECTION('center_axis',(0.,-1.,0.));
#2536=DIRECTION('ref_axis',(1.,0.,0.));
#2537=DIRECTION('',(0.,-1.,0.));
#2538=DIRECTION('center_axis',(0.,-1.,0.));
#2539=DIRECTION('ref_axis',(1.,0.,0.));
#2540=DIRECTION('center_axis',(0.,1.,0.));
#2541=DIRECTION('ref_axis',(1.,0.,0.));
#2542=DIRECTION('center_axis',(0.,-1.,0.));
#2543=DIRECTION('ref_axis',(1.,0.,0.));
#2544=DIRECTION('center_axis',(0.,1.,0.));
#2545=DIRECTION('ref_axis',(1.,0.,0.));
#2546=DIRECTION('center_axis',(0.,-1.,0.));
#2547=DIRECTION('ref_axis',(1.,0.,0.));
#2548=DIRECTION('',(0.,-1.,0.));
#2549=DIRECTION('center_axis',(0.,-1.,0.));
#2550=DIRECTION('ref_axis',(1.,0.,0.));
#2551=DIRECTION('center_axis',(0.,1.,0.));
#2552=DIRECTION('ref_axis',(1.,0.,0.));
#2553=DIRECTION('center_axis',(0.,-1.,0.));
#2554=DIRECTION('ref_axis',(1.,0.,0.));
#2555=DIRECTION('center_axis',(0.,1.,0.));
#2556=DIRECTION('ref_axis',(1.,0.,0.));
#2557=DIRECTION('center_axis',(0.,-1.,0.));
#2558=DIRECTION('ref_axis',(1.,0.,0.));
#2559=DIRECTION('',(0.,-1.,0.));
#2560=DIRECTION('center_axis',(0.,-1.,0.));
#2561=DIRECTION('ref_axis',(1.,0.,0.));
#2562=DIRECTION('center_axis',(0.,1.,0.));
#2563=DIRECTION('ref_axis',(1.,0.,0.));
#2564=DIRECTION('center_axis',(0.,-1.,0.));
#2565=DIRECTION('ref_axis',(1.,0.,0.));
#2566=DIRECTION('center_axis',(0.,1.,0.));
#2567=DIRECTION('ref_axis',(1.,0.,0.));
#2568=DIRECTION('center_axis',(0.,1.,0.));
#2569=DIRECTION('ref_axis',(1.,0.,0.));
#2570=DIRECTION('',(0.,1.,0.));
#2571=DIRECTION('center_axis',(0.,1.,0.));
#2572=DIRECTION('ref_axis',(1.,0.,0.));
#2573=DIRECTION('center_axis',(0.,1.,0.));
#2574=DIRECTION('ref_axis',(1.,0.,0.));
#2575=DIRECTION('',(0.,1.,0.));
#2576=DIRECTION('center_axis',(0.,1.,0.));
#2577=DIRECTION('ref_axis',(1.,0.,0.));
#2578=DIRECTION('center_axis',(0.,1.,0.));
#2579=DIRECTION('ref_axis',(1.,0.,0.));
#2580=DIRECTION('',(0.,1.,0.));
#2581=DIRECTION('center_axis',(0.,1.,0.));
#2582=DIRECTION('ref_axis',(1.,0.,0.));
#2583=DIRECTION('center_axis',(0.,1.,0.));
#2584=DIRECTION('ref_axis',(1.,0.,0.));
#2585=DIRECTION('',(0.,1.,0.));
#2586=DIRECTION('center_axis',(0.,1.,0.));
#2587=DIRECTION('ref_axis',(1.,0.,0.));
#2588=DIRECTION('center_axis',(0.,1.,0.));
#2589=DIRECTION('ref_axis',(1.,0.,0.));
#2590=DIRECTION('',(0.,1.,0.));
#2591=DIRECTION('center_axis',(0.,1.,0.));
#2592=DIRECTION('ref_axis',(1.,0.,0.));
#2593=DIRECTION('center_axis',(0.,1.,0.));
#2594=DIRECTION('ref_axis',(1.,0.,0.));
#2595=DIRECTION('',(0.,1.,0.));
#2596=DIRECTION('center_axis',(0.,-1.,0.));
#2597=DIRECTION('ref_axis',(-1.,0.,0.));
#2598=DIRECTION('center_axis',(0.,-1.,0.));
#2599=DIRECTION('ref_axis',(-1.,0.,0.));
#2600=DIRECTION('',(0.,-1.,0.));
#2601=DIRECTION('center_axis',(0.,1.,0.));
#2602=DIRECTION('ref_axis',(-1.,0.,0.));
#2603=DIRECTION('center_axis',(0.,-1.,0.));
#2604=DIRECTION('ref_axis',(-1.,0.,0.));
#2605=DIRECTION('',(0.,-1.,0.));
#2606=DIRECTION('center_axis',(0.,-1.,0.));
#2607=DIRECTION('ref_axis',(-1.,0.,0.));
#2608=DIRECTION('center_axis',(0.,1.,0.));
#2609=DIRECTION('ref_axis',(-1.,0.,0.));
#2610=DIRECTION('center_axis',(0.,1.,0.));
#2611=DIRECTION('ref_axis',(-1.,0.,0.));
#2612=DIRECTION('center_axis',(0.,-1.,0.));
#2613=DIRECTION('ref_axis',(-1.,0.,0.));
#2614=DIRECTION('',(0.,-1.,0.));
#2615=DIRECTION('center_axis',(0.,-1.,0.));
#2616=DIRECTION('ref_axis',(-1.,0.,0.));
#2617=DIRECTION('center_axis',(0.,1.,0.));
#2618=DIRECTION('ref_axis',(-1.,0.,0.));
#2619=DIRECTION('center_axis',(0.,1.,0.));
#2620=DIRECTION('ref_axis',(-1.,0.,0.));
#2621=DIRECTION('center_axis',(0.,-1.,0.));
#2622=DIRECTION('ref_axis',(-1.,0.,0.));
#2623=DIRECTION('',(0.,-1.,0.));
#2624=DIRECTION('center_axis',(0.,1.,0.));
#2625=DIRECTION('ref_axis',(-1.,0.,0.));
#2626=DIRECTION('center_axis',(0.,-1.,0.));
#2627=DIRECTION('ref_axis',(-1.,0.,0.));
#2628=DIRECTION('',(0.,-1.,0.));
#2629=DIRECTION('center_axis',(0.,1.,0.));
#2630=DIRECTION('ref_axis',(-1.,0.,0.));
#2631=DIRECTION('center_axis',(0.,-1.,0.));
#2632=DIRECTION('ref_axis',(-1.,0.,0.));
#2633=DIRECTION('center_axis',(0.,1.,0.));
#2634=DIRECTION('ref_axis',(-1.,0.,0.));
#2635=DIRECTION('center_axis',(0.,-1.,0.));
#2636=DIRECTION('ref_axis',(-1.,0.,0.));
#2637=DIRECTION('',(0.,-1.,0.));
#2638=DIRECTION('center_axis',(0.,0.,1.));
#2639=DIRECTION('ref_axis',(-1.,0.,0.));
#2640=DIRECTION('',(1.,0.,0.));
#2641=DIRECTION('',(-1.,0.,0.));
#2642=DIRECTION('',(0.,-1.,0.));
#2643=DIRECTION('center_axis',(0.,-1.,0.));
#2644=DIRECTION('ref_axis',(0.,0.,1.));
#2645=DIRECTION('center_axis',(0.,1.,0.));
#2646=DIRECTION('ref_axis',(0.,0.,1.));
#2647=DIRECTION('center_axis',(0.,-1.,0.));
#2648=DIRECTION('ref_axis',(0.,0.,1.));
#2649=DIRECTION('',(0.,-1.,0.));
#2650=DIRECTION('center_axis',(1.,0.,0.));
#2651=DIRECTION('ref_axis',(0.,0.,1.));
#2652=DIRECTION('',(0.,0.,1.));
#2653=DIRECTION('',(0.,-1.,0.));
#2654=DIRECTION('',(0.,-1.,0.));
#2655=DIRECTION('',(0.,0.,-1.));
#2656=DIRECTION('center_axis',(0.,1.,0.));
#2657=DIRECTION('ref_axis',(-1.,0.,0.));
#2658=DIRECTION('center_axis',(0.,-1.,0.));
#2659=DIRECTION('ref_axis',(-1.,0.,-8.88178419700136E-15));
#2660=DIRECTION('',(-1.,0.,0.));
#2661=DIRECTION('center_axis',(0.,-1.,0.));
#2662=DIRECTION('ref_axis',(0.,0.,1.));
#2663=DIRECTION('center_axis',(0.,0.,1.));
#2664=DIRECTION('ref_axis',(-1.,0.,0.));
#2665=DIRECTION('',(0.,-1.,0.));
#2666=DIRECTION('',(0.,-1.,0.));
#2667=DIRECTION('center_axis',(0.,-1.,0.));
#2668=DIRECTION('ref_axis',(0.,0.,1.));
#2669=DIRECTION('center_axis',(0.,-1.,0.));
#2670=DIRECTION('ref_axis',(1.,0.,2.22044604925032E-15));
#2671=DIRECTION('',(0.,-1.,0.));
#2672=DIRECTION('center_axis',(0.,1.,0.));
#2673=DIRECTION('ref_axis',(1.,0.,2.22044604925032E-15));
#2674=DIRECTION('center_axis',(0.,0.,-1.));
#2675=DIRECTION('ref_axis',(1.,0.,0.));
#2676=DIRECTION('',(0.,-1.,0.));
#2677=DIRECTION('',(-1.,0.,0.));
#2678=DIRECTION('center_axis',(0.,-1.,0.));
#2679=DIRECTION('ref_axis',(-8.8817841970012E-15,0.,-1.));
#2680=DIRECTION('center_axis',(0.,1.,0.));
#2681=DIRECTION('ref_axis',(-8.8817841970012E-15,0.,-1.));
#2682=DIRECTION('center_axis',(0.,-1.,0.));
#2683=DIRECTION('ref_axis',(-1.,0.,-8.88178419700136E-15));
#2684=DIRECTION('center_axis',(0.,1.,0.));
#2685=DIRECTION('ref_axis',(1.,0.,0.));
#2686=DIRECTION('',(0.,-1.,0.));
#2687=DIRECTION('center_axis',(0.,1.,0.));
#2688=DIRECTION('ref_axis',(1.,0.,0.));
#2689=DIRECTION('',(0.,-1.,0.));
#2690=DIRECTION('center_axis',(0.,1.,0.));
#2691=DIRECTION('ref_axis',(1.,0.,0.));
#2692=DIRECTION('',(0.,-1.,0.));
#2693=DIRECTION('center_axis',(1.61486985400023E-16,0.,1.));
#2694=DIRECTION('ref_axis',(1.,0.,-1.61486985400023E-16));
#2695=DIRECTION('',(-1.,0.,1.61486985400023E-16));
#2696=DIRECTION('center_axis',(0.,0.,-1.));
#2697=DIRECTION('ref_axis',(-1.,0.,0.));
#2698=DIRECTION('',(1.,0.,0.));
#2699=DIRECTION('center_axis',(0.,1.,0.));
#2700=DIRECTION('ref_axis',(1.,0.,0.));
#2701=DIRECTION('',(0.,0.,1.));
#2702=DIRECTION('',(1.,0.,0.));
#2703=CARTESIAN_POINT('',(0.,0.,0.));
#2704=CARTESIAN_POINT('',(0.,0.,0.));
#2705=CARTESIAN_POINT('Origin',(34.3012192794247,6.,48.8546382004302));
#2706=CARTESIAN_POINT('',(33.3012192794247,6.,48.8546382004302));
#2707=CARTESIAN_POINT('Origin',(34.3012192794247,6.,48.8546382004302));
#2708=CARTESIAN_POINT('',(33.3012192794247,8.,48.8546382004302));
#2709=CARTESIAN_POINT('',(33.3012192794247,6.,48.8546382004302));
#2710=CARTESIAN_POINT('Origin',(34.3012192794247,8.,48.8546382004302));
#2711=CARTESIAN_POINT('Origin',(34.3012192794247,6.,48.8546382004302));
#2712=CARTESIAN_POINT('',(33.5012192794247,6.,48.8546382004302));
#2713=CARTESIAN_POINT('Origin',(34.3012192794247,6.,48.8546382004302));
#2714=CARTESIAN_POINT('Origin',(16.3012192794247,6.,30.8546382004302));
#2715=CARTESIAN_POINT('',(15.3012192794247,6.,30.8546382004302));
#2716=CARTESIAN_POINT('Origin',(16.3012192794247,6.,30.8546382004302));
#2717=CARTESIAN_POINT('',(15.3012192794247,8.,30.8546382004302));
#2718=CARTESIAN_POINT('',(15.3012192794247,6.,30.8546382004302));
#2719=CARTESIAN_POINT('Origin',(16.3012192794247,8.,30.8546382004302));
#2720=CARTESIAN_POINT('Origin',(16.3012192794247,6.,30.8546382004302));
#2721=CARTESIAN_POINT('',(15.5012192794247,6.,30.8546382004302));
#2722=CARTESIAN_POINT('Origin',(16.3012192794247,6.,30.8546382004302));
#2723=CARTESIAN_POINT('Origin',(31.4867741000183,8.,38.85463820043));
#2724=CARTESIAN_POINT('',(32.7342536530839,7.,38.85463820043));
#2725=CARTESIAN_POINT('',(32.7342536530839,8.,38.85463820043));
#2726=CARTESIAN_POINT('',(32.7342536530839,0.,38.85463820043));
#2727=CARTESIAN_POINT('',(36.4756794513589,7.,38.85463820043));
#2728=CARTESIAN_POINT('',(36.4756794513589,7.,38.85463820043));
#2729=CARTESIAN_POINT('',(36.4756794513589,8.,38.85463820043));
#2730=CARTESIAN_POINT('',(36.4756794513589,8.,38.85463820043));
#2731=CARTESIAN_POINT('',(34.6439966897215,8.,38.85463820043));
#2732=CARTESIAN_POINT('Origin',(36.475679451365,8.,40.8546382004303));
#2733=CARTESIAN_POINT('',(32.7342536530839,8.,40.8546382004304));
#2734=CARTESIAN_POINT('',(32.7342536530839,7.,40.8546382004304));
#2735=CARTESIAN_POINT('',(32.7342536530839,0.,40.8546382004304));
#2736=CARTESIAN_POINT('',(36.475679451365,8.,40.8546382004302));
#2737=CARTESIAN_POINT('',(37.1384493653948,8.,40.8546382004303));
#2738=CARTESIAN_POINT('',(36.475679451365,7.,40.8546382004302));
#2739=CARTESIAN_POINT('',(36.4756794513589,8.,40.8546382004303));
#2740=CARTESIAN_POINT('',(33.7421907874918,7.,40.8546382004304));
#2741=CARTESIAN_POINT('Origin',(33.9812267756916,7.,39.8546382004303));
#2742=CARTESIAN_POINT('Origin',(25.3012192794247,7.,39.8546382004302));
#2743=CARTESIAN_POINT('',(36.4756794513589,7.,40.8554687065141));
#2744=CARTESIAN_POINT('Origin',(37.8012192794247,8.,39.8546382004302));
#2745=CARTESIAN_POINT('',(65.3012192794247,8.,14.8546382004302));
#2746=CARTESIAN_POINT('',(10.3012192794247,8.,14.8546382004302));
#2747=CARTESIAN_POINT('',(10.3012192794247,8.,14.8546382004302));
#2748=CARTESIAN_POINT('',(10.3012192794247,8.,64.8546382004302));
#2749=CARTESIAN_POINT('',(10.3012192794247,8.,64.8546382004302));
#2750=CARTESIAN_POINT('',(65.3012192794247,8.,64.8546382004302));
#2751=CARTESIAN_POINT('',(65.3012192794247,8.,64.8546382004302));
#2752=CARTESIAN_POINT('',(65.3012192794247,8.,14.8546382004302));
#2753=CARTESIAN_POINT('',(50.5512192794247,8.,39.8546382004302));
#2754=CARTESIAN_POINT('Origin',(55.3012192794247,8.,39.8546382004302));
#2755=CARTESIAN_POINT('',(19.5512192794247,8.,22.3546382004302));
#2756=CARTESIAN_POINT('Origin',(24.3012192794247,8.,22.3546382004302));
#2757=CARTESIAN_POINT('',(19.5512192794247,8.,57.3546382004302));
#2758=CARTESIAN_POINT('Origin',(24.3012192794247,8.,57.3546382004302));
#2759=CARTESIAN_POINT('',(36.4756794513589,8.,18.6316586233169));
#2760=CARTESIAN_POINT('',(36.4756794513589,8.,40.8554687065141));
#2761=CARTESIAN_POINT('',(37.4756794513589,8.,17.6316586233169));
#2762=CARTESIAN_POINT('Origin',(37.4756794513589,8.,18.6316586233169));
#2763=CARTESIAN_POINT('',(46.9503022606049,8.,17.6316586233169));
#2764=CARTESIAN_POINT('',(37.6384493653918,8.,17.6316586233169));
#2765=CARTESIAN_POINT('',(47.9503022606049,8.,18.6316586233169));
#2766=CARTESIAN_POINT('Origin',(46.9503022606049,8.,18.6316586233169));
#2767=CARTESIAN_POINT('',(47.9503022606049,8.,41.856299212598));
#2768=CARTESIAN_POINT('',(47.9503022606049,8.,29.2431484118736));
#2769=CARTESIAN_POINT('',(46.9503022606049,8.,42.856299212598));
#2770=CARTESIAN_POINT('Origin',(46.9503022606049,8.,41.856299212598));
#2771=CARTESIAN_POINT('',(37.4756794513589,8.,42.856299212598));
#2772=CARTESIAN_POINT('',(42.3757607700148,8.,42.856299212598));
#2773=CARTESIAN_POINT('',(36.4756794513589,8.,41.856299212598));
#2774=CARTESIAN_POINT('Origin',(37.4756794513589,8.,41.856299212598));
#2775=CARTESIAN_POINT('',(36.4756794513589,8.,40.8554687065141));
#2776=CARTESIAN_POINT('',(17.8012192794247,8.,39.8546382004302));
#2777=CARTESIAN_POINT('Origin',(25.3012192794247,8.,39.8546382004302));
#2778=CARTESIAN_POINT('Origin',(25.3012192794247,8.,39.8546382004302));
#2779=CARTESIAN_POINT('',(58.3012192794247,8.,24.8546382004302));
#2780=CARTESIAN_POINT('Origin',(55.3012192794247,8.,24.8546382004302));
#2781=CARTESIAN_POINT('',(58.3012192794247,8.,54.8546382004302));
#2782=CARTESIAN_POINT('Origin',(55.3012192794247,8.,54.8546382004302));
#2783=CARTESIAN_POINT('',(59.5512192794247,8.,60.8546382004302));
#2784=CARTESIAN_POINT('Origin',(60.8012192794247,8.,60.8546382004302));
#2785=CARTESIAN_POINT('',(13.5512192794247,8.,18.8546382004302));
#2786=CARTESIAN_POINT('Origin',(14.8012192794247,8.,18.8546382004302));
#2787=CARTESIAN_POINT('',(13.5512192794247,8.,60.8546382004302));
#2788=CARTESIAN_POINT('Origin',(14.8012192794247,8.,60.8546382004302));
#2789=CARTESIAN_POINT('',(59.5512192794247,8.,18.8546382004302));
#2790=CARTESIAN_POINT('Origin',(60.8012192794247,8.,18.8546382004302));
#2791=CARTESIAN_POINT('Origin',(36.4756794513589,8.,41.856299212598));
#2792=CARTESIAN_POINT('',(36.4756794513589,4.,41.856299212598));
#2793=CARTESIAN_POINT('',(36.4756794513589,8.,41.856299212598));
#2794=CARTESIAN_POINT('',(36.4756794513589,4.,21.5316586233169));
#2795=CARTESIAN_POINT('',(36.4756794513589,4.,21.5316586233169));
#2796=CARTESIAN_POINT('',(36.4756794513589,0.,21.5316586233169));
#2797=CARTESIAN_POINT('',(36.4756794513589,8.,21.5316586233169));
#2798=CARTESIAN_POINT('',(36.4756794513589,0.,18.6316586233169));
#2799=CARTESIAN_POINT('',(36.4756794513589,0.,30.6931484118736));
#2800=CARTESIAN_POINT('',(36.4756794513589,8.,18.6316586233169));
#2801=CARTESIAN_POINT('Origin',(25.3012192794247,0.,39.8546382004302));
#2802=CARTESIAN_POINT('',(16.8012192794247,1.5,39.8546382004302));
#2803=CARTESIAN_POINT('Origin',(25.3012192794247,1.5,39.8546382004302));
#2804=CARTESIAN_POINT('',(16.8012192794247,2.,39.8546382004302));
#2805=CARTESIAN_POINT('',(16.8012192794247,0.,39.8546382004302));
#2806=CARTESIAN_POINT('Origin',(25.3012192794247,2.,39.8546382004302));
#2807=CARTESIAN_POINT('Origin',(25.3012192794247,2.,39.8546382004302));
#2808=CARTESIAN_POINT('',(17.8012192794247,2.,39.8546382004302));
#2809=CARTESIAN_POINT('Origin',(25.3012192794247,2.,39.8546382004302));
#2810=CARTESIAN_POINT('Origin',(25.3012192794247,0.,39.8546382004302));
#2811=CARTESIAN_POINT('',(17.8012192794247,0.,39.8546382004302));
#2812=CARTESIAN_POINT('Origin',(13.3012192794247,0.,54.0546382004302));
#2813=CARTESIAN_POINT('',(13.3012192794247,0.,53.0546382004302));
#2814=CARTESIAN_POINT('',(12.3012192794247,0.,54.0546382004302));
#2815=CARTESIAN_POINT('Origin',(13.3012192794247,0.,54.0546382004302));
#2816=CARTESIAN_POINT('',(13.3012192794247,5.5,53.0546382004302));
#2817=CARTESIAN_POINT('',(13.3012192794247,0.,53.0546382004302));
#2818=CARTESIAN_POINT('',(12.3012192794247,5.5,54.0546382004302));
#2819=CARTESIAN_POINT('Origin',(13.3012192794247,5.5,54.0546382004302));
#2820=CARTESIAN_POINT('',(12.3012192794247,0.,54.0546382004302));
#2821=CARTESIAN_POINT('Origin',(15.1012192794247,0.,53.0546382004302));
#2822=CARTESIAN_POINT('',(15.1012192794247,0.,53.0546382004302));
#2823=CARTESIAN_POINT('',(26.4512192794247,0.,53.0546382004302));
#2824=CARTESIAN_POINT('',(15.1012192794247,5.5,53.0546382004302));
#2825=CARTESIAN_POINT('',(15.1012192794247,0.,53.0546382004302));
#2826=CARTESIAN_POINT('',(13.3012192794247,5.5,53.0546382004302));
#2827=CARTESIAN_POINT('Origin',(15.1012192794247,0.,54.0546382004302));
#2828=CARTESIAN_POINT('',(16.1012192794247,0.,54.0546382004302));
#2829=CARTESIAN_POINT('Origin',(15.1012192794247,0.,54.0546382004302));
#2830=CARTESIAN_POINT('',(16.1012192794247,5.5,54.0546382004302));
#2831=CARTESIAN_POINT('',(16.1012192794247,0.,54.0546382004302));
#2832=CARTESIAN_POINT('Origin',(15.1012192794247,5.5,54.0546382004302));
#2833=CARTESIAN_POINT('Origin',(16.1012192794247,0.,57.6546382004302));
#2834=CARTESIAN_POINT('',(16.1012192794247,0.,57.6546382004302));
#2835=CARTESIAN_POINT('',(16.1012192794247,0.,48.7546382004302));
#2836=CARTESIAN_POINT('',(16.1012192794247,5.5,57.6546382004302));
#2837=CARTESIAN_POINT('',(16.1012192794247,0.,57.6546382004302));
#2838=CARTESIAN_POINT('',(16.1012192794247,5.5,54.0546382004302));
#2839=CARTESIAN_POINT('Origin',(15.1012192794247,0.,57.6546382004302));
#2840=CARTESIAN_POINT('',(15.1012192794247,0.,58.6546382004302));
#2841=CARTESIAN_POINT('Origin',(15.1012192794247,0.,57.6546382004302));
#2842=CARTESIAN_POINT('',(15.1012192794247,5.5,58.6546382004302));
#2843=CARTESIAN_POINT('',(15.1012192794247,0.,58.6546382004302));
#2844=CARTESIAN_POINT('Origin',(15.1012192794247,5.5,57.6546382004302));
#2845=CARTESIAN_POINT('Origin',(13.3012192794247,0.,58.6546382004302));
#2846=CARTESIAN_POINT('',(13.3012192794247,0.,58.6546382004302));
#2847=CARTESIAN_POINT('',(25.5512192794247,0.,58.6546382004301));
#2848=CARTESIAN_POINT('',(13.3012192794247,5.5,58.6546382004302));
#2849=CARTESIAN_POINT('',(13.3012192794247,0.,58.6546382004302));
#2850=CARTESIAN_POINT('',(15.1012192794247,5.5,58.6546382004302));
#2851=CARTESIAN_POINT('Origin',(13.3012192794247,0.,57.6546382004302));
#2852=CARTESIAN_POINT('',(12.3012192794247,0.,57.6546382004302));
#2853=CARTESIAN_POINT('Origin',(13.3012192794247,0.,57.6546382004302));
#2854=CARTESIAN_POINT('',(12.3012192794247,5.5,57.6546382004302));
#2855=CARTESIAN_POINT('',(12.3012192794247,0.,57.6546382004302));
#2856=CARTESIAN_POINT('Origin',(13.3012192794247,5.5,57.6546382004302));
#2857=CARTESIAN_POINT('Origin',(12.3012192794247,0.,57.4046382004302));
#2858=CARTESIAN_POINT('',(12.3012192794247,0.,57.4046382004302));
#2859=CARTESIAN_POINT('',(12.3012192794248,0.,48.6296382004301));
#2860=CARTESIAN_POINT('',(12.3012192794247,5.5,57.4046382004302));
#2861=CARTESIAN_POINT('',(12.3012192794247,0.,57.4046382004302));
#2862=CARTESIAN_POINT('',(12.3012192794247,5.5,57.6546382004302));
#2863=CARTESIAN_POINT('Origin',(10.3012192794247,0.,57.4046382004302));
#2864=CARTESIAN_POINT('',(10.3012192794247,0.,57.4046382004302));
#2865=CARTESIAN_POINT('',(24.0512192794247,0.,57.4046382004302));
#2866=CARTESIAN_POINT('',(10.3012192794247,5.5,57.4046382004302));
#2867=CARTESIAN_POINT('',(10.3012192794247,0.,57.4046382004302));
#2868=CARTESIAN_POINT('',(10.3012192794247,5.5,57.4046382004302));
#2869=CARTESIAN_POINT('Origin',(12.3012192794247,0.,54.3046382004302));
#2870=CARTESIAN_POINT('',(12.3012192794247,0.,54.3046382004302));
#2871=CARTESIAN_POINT('',(10.3012192794247,0.,54.3046382004302));
#2872=CARTESIAN_POINT('',(25.0512192794247,0.,54.3046382004302));
#2873=CARTESIAN_POINT('',(12.3012192794247,5.5,54.3046382004302));
#2874=CARTESIAN_POINT('',(12.3012192794247,0.,54.3046382004302));
#2875=CARTESIAN_POINT('',(10.3012192794247,5.5,54.3046382004302));
#2876=CARTESIAN_POINT('',(12.3012192794247,5.5,54.3046382004302));
#2877=CARTESIAN_POINT('',(10.3012192794247,0.,54.3046382004302));
#2878=CARTESIAN_POINT('Origin',(12.3012192794247,0.,54.0546382004302));
#2879=CARTESIAN_POINT('',(12.3012192794246,0.,46.9546382004303));
#2880=CARTESIAN_POINT('',(12.3012192794247,5.5,54.3046382004302));
#2881=CARTESIAN_POINT('Origin',(13.2012192794247,5.5,55.8546382004302));
#2882=CARTESIAN_POINT('',(10.3012192794247,5.5,35.3546382004302));
#2883=CARTESIAN_POINT('Origin',(60.5012192794247,0.,58.6546382004302));
#2884=CARTESIAN_POINT('',(60.5012192794247,0.,58.6546382004302));
#2885=CARTESIAN_POINT('',(62.3012192794247,0.,58.6546382004302));
#2886=CARTESIAN_POINT('',(49.1512192794247,0.,58.6546382004302));
#2887=CARTESIAN_POINT('',(60.5012192794247,5.5,58.6546382004302));
#2888=CARTESIAN_POINT('',(60.5012192794247,0.,58.6546382004302));
#2889=CARTESIAN_POINT('',(62.3012192794247,5.5,58.6546382004302));
#2890=CARTESIAN_POINT('',(60.5012192794247,5.5,58.6546382004302));
#2891=CARTESIAN_POINT('',(62.3012192794247,0.,58.6546382004302));
#2892=CARTESIAN_POINT('Origin',(60.5012192794247,0.,57.6546382004302));
#2893=CARTESIAN_POINT('',(59.5012192794247,0.,57.6546382004302));
#2894=CARTESIAN_POINT('Origin',(60.5012192794247,0.,57.6546382004302));
#2895=CARTESIAN_POINT('',(59.5012192794247,5.5,57.6546382004302));
#2896=CARTESIAN_POINT('',(59.5012192794247,0.,57.6546382004302));
#2897=CARTESIAN_POINT('Origin',(60.5012192794247,5.5,57.6546382004302));
#2898=CARTESIAN_POINT('Origin',(59.5012192794247,0.,54.0546382004302));
#2899=CARTESIAN_POINT('',(59.5012192794247,0.,54.0546382004302));
#2900=CARTESIAN_POINT('',(59.5012192794247,0.,46.9546382004302));
#2901=CARTESIAN_POINT('',(59.5012192794247,5.5,54.0546382004302));
#2902=CARTESIAN_POINT('',(59.5012192794247,0.,54.0546382004302));
#2903=CARTESIAN_POINT('',(59.5012192794247,5.5,54.0546382004302));
#2904=CARTESIAN_POINT('Origin',(60.5012192794247,0.,54.0546382004302));
#2905=CARTESIAN_POINT('',(60.5012192794247,0.,53.0546382004302));
#2906=CARTESIAN_POINT('Origin',(60.5012192794247,0.,54.0546382004302));
#2907=CARTESIAN_POINT('',(60.5012192794247,5.5,53.0546382004302));
#2908=CARTESIAN_POINT('',(60.5012192794247,0.,53.0546382004302));
#2909=CARTESIAN_POINT('Origin',(60.5012192794247,5.5,54.0546382004302));
#2910=CARTESIAN_POINT('Origin',(62.3012192794247,0.,53.0546382004302));
#2911=CARTESIAN_POINT('',(62.3012192794247,0.,53.0546382004302));
#2912=CARTESIAN_POINT('',(50.0512192794247,0.,53.0546382004302));
#2913=CARTESIAN_POINT('',(62.3012192794247,5.5,53.0546382004302));
#2914=CARTESIAN_POINT('',(62.3012192794247,0.,53.0546382004302));
#2915=CARTESIAN_POINT('',(62.3012192794247,5.5,53.0546382004302));
#2916=CARTESIAN_POINT('Origin',(62.3012192794247,0.,54.0546382004302));
#2917=CARTESIAN_POINT('',(63.3012192794247,0.,54.0546382004302));
#2918=CARTESIAN_POINT('Origin',(62.3012192794247,0.,54.0546382004302));
#2919=CARTESIAN_POINT('',(63.3012192794247,5.5,54.0546382004302));
#2920=CARTESIAN_POINT('',(63.3012192794247,0.,54.0546382004302));
#2921=CARTESIAN_POINT('Origin',(62.3012192794247,5.5,54.0546382004302));
#2922=CARTESIAN_POINT('Origin',(63.3012192794247,0.,54.3046382004302));
#2923=CARTESIAN_POINT('',(63.3012192794247,0.,54.3046382004302));
#2924=CARTESIAN_POINT('',(63.3012192794247,0.,47.0796382004302));
#2925=CARTESIAN_POINT('',(63.3012192794247,5.5,54.3046382004302));
#2926=CARTESIAN_POINT('',(63.3012192794247,0.,54.3046382004302));
#2927=CARTESIAN_POINT('',(63.3012192794247,5.5,54.3046382004302));
#2928=CARTESIAN_POINT('Origin',(65.3012192794247,0.,54.3046382004302));
#2929=CARTESIAN_POINT('',(65.3012192794247,0.,54.3046382004302));
#2930=CARTESIAN_POINT('',(51.5512192794247,0.,54.3046382004302));
#2931=CARTESIAN_POINT('',(65.3012192794247,5.5,54.3046382004302));
#2932=CARTESIAN_POINT('',(65.3012192794247,0.,54.3046382004302));
#2933=CARTESIAN_POINT('',(63.3012192794247,5.5,54.3046382004302));
#2934=CARTESIAN_POINT('Origin',(63.3012192794247,0.,57.4046382004302));
#2935=CARTESIAN_POINT('',(63.3012192794247,0.,57.4046382004302));
#2936=CARTESIAN_POINT('',(65.3012192794247,0.,57.4046382004302));
#2937=CARTESIAN_POINT('',(50.5512192794247,0.,57.4046382004302));
#2938=CARTESIAN_POINT('',(63.3012192794247,5.5,57.4046382004302));
#2939=CARTESIAN_POINT('',(63.3012192794247,0.,57.4046382004302));
#2940=CARTESIAN_POINT('',(65.3012192794247,5.5,57.4046382004302));
#2941=CARTESIAN_POINT('',(65.3012192794247,5.5,57.4046382004302));
#2942=CARTESIAN_POINT('',(65.3012192794247,0.,57.4046382004302));
#2943=CARTESIAN_POINT('Origin',(63.3012192794247,0.,57.6546382004302));
#2944=CARTESIAN_POINT('',(63.3012192794247,0.,57.6546382004302));
#2945=CARTESIAN_POINT('',(63.3012192794247,0.,48.7546382004302));
#2946=CARTESIAN_POINT('',(63.3012192794247,5.5,57.6546382004302));
#2947=CARTESIAN_POINT('',(63.3012192794247,0.,57.6546382004302));
#2948=CARTESIAN_POINT('',(63.3012192794247,5.5,57.6546382004302));
#2949=CARTESIAN_POINT('Origin',(62.3012192794247,0.,57.6546382004302));
#2950=CARTESIAN_POINT('Origin',(62.3012192794247,0.,57.6546382004302));
#2951=CARTESIAN_POINT('Origin',(62.3012192794247,5.5,57.6546382004302));
#2952=CARTESIAN_POINT('Origin',(62.4012192794247,5.5,55.8546382004302));
#2953=CARTESIAN_POINT('',(65.3012192794247,5.5,60.3546382004302));
#2954=CARTESIAN_POINT('Origin',(12.3012192794247,0.,25.4046382004302));
#2955=CARTESIAN_POINT('',(12.3012192794247,0.,25.4046382004302));
#2956=CARTESIAN_POINT('',(12.3012192794247,0.,25.6546382004302));
#2957=CARTESIAN_POINT('',(12.3012192794248,0.,32.6296382004304));
#2958=CARTESIAN_POINT('',(12.3012192794247,5.5,25.4046382004302));
#2959=CARTESIAN_POINT('',(12.3012192794247,0.,25.4046382004302));
#2960=CARTESIAN_POINT('',(12.3012192794247,5.5,25.6546382004302));
#2961=CARTESIAN_POINT('',(12.3012192794247,5.5,25.4046382004302));
#2962=CARTESIAN_POINT('',(12.3012192794247,0.,25.6546382004302));
#2963=CARTESIAN_POINT('Origin',(10.3012192794247,0.,25.4046382004302));
#2964=CARTESIAN_POINT('',(10.3012192794247,0.,25.4046382004302));
#2965=CARTESIAN_POINT('',(24.0512192794247,0.,25.4046382004302));
#2966=CARTESIAN_POINT('',(10.3012192794247,5.5,25.4046382004302));
#2967=CARTESIAN_POINT('',(10.3012192794247,0.,25.4046382004302));
#2968=CARTESIAN_POINT('',(12.3012192794247,5.5,25.4046382004302));
#2969=CARTESIAN_POINT('Origin',(12.3012192794247,0.,22.3046382004302));
#2970=CARTESIAN_POINT('',(12.3012192794247,0.,22.3046382004302));
#2971=CARTESIAN_POINT('',(10.3012192794247,0.,22.3046382004302));
#2972=CARTESIAN_POINT('',(25.0512192794247,0.,22.3046382004302));
#2973=CARTESIAN_POINT('',(12.3012192794247,5.5,22.3046382004302));
#2974=CARTESIAN_POINT('',(12.3012192794247,0.,22.3046382004302));
#2975=CARTESIAN_POINT('',(10.3012192794247,5.5,22.3046382004302));
#2976=CARTESIAN_POINT('',(10.3012192794247,5.5,22.3046382004302));
#2977=CARTESIAN_POINT('',(10.3012192794247,0.,22.3046382004302));
#2978=CARTESIAN_POINT('Origin',(12.3012192794247,0.,22.0546382004302));
#2979=CARTESIAN_POINT('',(12.3012192794247,0.,22.0546382004302));
#2980=CARTESIAN_POINT('',(12.3012192794247,0.,30.9546382004302));
#2981=CARTESIAN_POINT('',(12.3012192794247,5.5,22.0546382004302));
#2982=CARTESIAN_POINT('',(12.3012192794247,0.,22.0546382004302));
#2983=CARTESIAN_POINT('',(12.3012192794247,5.5,22.0546382004302));
#2984=CARTESIAN_POINT('Origin',(13.3012192794247,0.,22.0546382004302));
#2985=CARTESIAN_POINT('',(13.3012192794247,0.,21.0546382004302));
#2986=CARTESIAN_POINT('Origin',(13.3012192794247,0.,22.0546382004302));
#2987=CARTESIAN_POINT('',(13.3012192794247,5.5,21.0546382004302));
#2988=CARTESIAN_POINT('',(13.3012192794247,0.,21.0546382004302));
#2989=CARTESIAN_POINT('Origin',(13.3012192794247,5.5,22.0546382004302));
#2990=CARTESIAN_POINT('Origin',(15.1012192794247,0.,21.0546382004302));
#2991=CARTESIAN_POINT('',(15.1012192794247,0.,21.0546382004302));
#2992=CARTESIAN_POINT('',(26.4512192794247,0.,21.0546382004301));
#2993=CARTESIAN_POINT('',(15.1012192794247,5.5,21.0546382004302));
#2994=CARTESIAN_POINT('',(15.1012192794247,0.,21.0546382004302));
#2995=CARTESIAN_POINT('',(15.1012192794247,5.5,21.0546382004302));
#2996=CARTESIAN_POINT('Origin',(15.1012192794247,0.,22.0546382004302));
#2997=CARTESIAN_POINT('',(16.1012192794247,0.,22.0546382004302));
#2998=CARTESIAN_POINT('Origin',(15.1012192794247,0.,22.0546382004302));
#2999=CARTESIAN_POINT('',(16.1012192794247,5.5,22.0546382004302));
#3000=CARTESIAN_POINT('',(16.1012192794247,0.,22.0546382004302));
#3001=CARTESIAN_POINT('Origin',(15.1012192794247,5.5,22.0546382004302));
#3002=CARTESIAN_POINT('Origin',(16.1012192794247,0.,25.6546382004302));
#3003=CARTESIAN_POINT('',(16.1012192794247,0.,25.6546382004302));
#3004=CARTESIAN_POINT('',(16.1012192794247,0.,32.7546382004302));
#3005=CARTESIAN_POINT('',(16.1012192794247,5.5,25.6546382004302));
#3006=CARTESIAN_POINT('',(16.1012192794247,0.,25.6546382004302));
#3007=CARTESIAN_POINT('',(16.1012192794247,5.5,25.6546382004302));
#3008=CARTESIAN_POINT('Origin',(15.1012192794247,0.,25.6546382004302));
#3009=CARTESIAN_POINT('',(15.1012192794247,0.,26.6546382004302));
#3010=CARTESIAN_POINT('Origin',(15.1012192794247,0.,25.6546382004302));
#3011=CARTESIAN_POINT('',(15.1012192794247,5.5,26.6546382004302));
#3012=CARTESIAN_POINT('',(15.1012192794247,0.,26.6546382004302));
#3013=CARTESIAN_POINT('Origin',(15.1012192794247,5.5,25.6546382004302));
#3014=CARTESIAN_POINT('Origin',(13.3012192794247,0.,26.6546382004302));
#3015=CARTESIAN_POINT('',(13.3012192794247,0.,26.6546382004302));
#3016=CARTESIAN_POINT('',(25.5512192794247,0.,26.6546382004301));
#3017=CARTESIAN_POINT('',(13.3012192794247,5.5,26.6546382004302));
#3018=CARTESIAN_POINT('',(13.3012192794247,0.,26.6546382004302));
#3019=CARTESIAN_POINT('',(13.3012192794247,5.5,26.6546382004302));
#3020=CARTESIAN_POINT('Origin',(13.3012192794247,0.,25.6546382004302));
#3021=CARTESIAN_POINT('Origin',(13.3012192794247,0.,25.6546382004302));
#3022=CARTESIAN_POINT('Origin',(13.3012192794247,5.5,25.6546382004302));
#3023=CARTESIAN_POINT('Origin',(13.2012192794247,5.5,23.8546382004302));
#3024=CARTESIAN_POINT('',(10.3012192794247,5.5,19.3546382004302));
#3025=CARTESIAN_POINT('Origin',(62.3012192794247,0.,25.6546382004302));
#3026=CARTESIAN_POINT('',(62.3012192794247,0.,26.6546382004302));
#3027=CARTESIAN_POINT('',(63.3012192794247,0.,25.6546382004302));
#3028=CARTESIAN_POINT('Origin',(62.3012192794247,0.,25.6546382004302));
#3029=CARTESIAN_POINT('',(62.3012192794247,5.5,26.6546382004302));
#3030=CARTESIAN_POINT('',(62.3012192794247,0.,26.6546382004302));
#3031=CARTESIAN_POINT('',(63.3012192794247,5.5,25.6546382004302));
#3032=CARTESIAN_POINT('Origin',(62.3012192794247,5.5,25.6546382004302));
#3033=CARTESIAN_POINT('',(63.3012192794247,0.,25.6546382004302));
#3034=CARTESIAN_POINT('Origin',(60.5012192794247,0.,26.6546382004302));
#3035=CARTESIAN_POINT('',(60.5012192794247,0.,26.6546382004302));
#3036=CARTESIAN_POINT('',(49.1512192794248,0.,26.6546382004301));
#3037=CARTESIAN_POINT('',(60.5012192794247,5.5,26.6546382004302));
#3038=CARTESIAN_POINT('',(60.5012192794247,0.,26.6546382004302));
#3039=CARTESIAN_POINT('',(62.3012192794247,5.5,26.6546382004302));
#3040=CARTESIAN_POINT('Origin',(60.5012192794247,0.,25.6546382004302));
#3041=CARTESIAN_POINT('',(59.5012192794247,0.,25.6546382004302));
#3042=CARTESIAN_POINT('Origin',(60.5012192794247,0.,25.6546382004302));
#3043=CARTESIAN_POINT('',(59.5012192794247,5.5,25.6546382004302));
#3044=CARTESIAN_POINT('',(59.5012192794247,0.,25.6546382004302));
#3045=CARTESIAN_POINT('Origin',(60.5012192794247,5.5,25.6546382004302));
#3046=CARTESIAN_POINT('Origin',(59.5012192794247,0.,22.0546382004302));
#3047=CARTESIAN_POINT('',(59.5012192794247,0.,22.0546382004302));
#3048=CARTESIAN_POINT('',(59.5012192794247,0.,30.9546382004302));
#3049=CARTESIAN_POINT('',(59.5012192794247,5.5,22.0546382004302));
#3050=CARTESIAN_POINT('',(59.5012192794247,0.,22.0546382004302));
#3051=CARTESIAN_POINT('',(59.5012192794247,5.5,25.6546382004302));
#3052=CARTESIAN_POINT('Origin',(60.5012192794247,0.,22.0546382004302));
#3053=CARTESIAN_POINT('',(60.5012192794247,0.,21.0546382004302));
#3054=CARTESIAN_POINT('Origin',(60.5012192794247,0.,22.0546382004302));
#3055=CARTESIAN_POINT('',(60.5012192794247,5.5,21.0546382004302));
#3056=CARTESIAN_POINT('',(60.5012192794247,0.,21.0546382004302));
#3057=CARTESIAN_POINT('Origin',(60.5012192794247,5.5,22.0546382004302));
#3058=CARTESIAN_POINT('Origin',(62.3012192794247,0.,21.0546382004302));
#3059=CARTESIAN_POINT('',(62.3012192794247,0.,21.0546382004302));
#3060=CARTESIAN_POINT('',(50.0512192794247,0.,21.0546382004302));
#3061=CARTESIAN_POINT('',(62.3012192794247,5.5,21.0546382004302));
#3062=CARTESIAN_POINT('',(62.3012192794247,0.,21.0546382004302));
#3063=CARTESIAN_POINT('',(60.5012192794247,5.5,21.0546382004302));
#3064=CARTESIAN_POINT('Origin',(62.3012192794247,0.,22.0546382004302));
#3065=CARTESIAN_POINT('',(63.3012192794247,0.,22.0546382004302));
#3066=CARTESIAN_POINT('Origin',(62.3012192794247,0.,22.0546382004302));
#3067=CARTESIAN_POINT('',(63.3012192794247,5.5,22.0546382004302));
#3068=CARTESIAN_POINT('',(63.3012192794247,0.,22.0546382004302));
#3069=CARTESIAN_POINT('Origin',(62.3012192794247,5.5,22.0546382004302));
#3070=CARTESIAN_POINT('Origin',(63.3012192794247,0.,22.3046382004302));
#3071=CARTESIAN_POINT('',(63.3012192794247,0.,22.3046382004302));
#3072=CARTESIAN_POINT('',(63.3012192794247,0.,31.0796382004302));
#3073=CARTESIAN_POINT('',(63.3012192794247,5.5,22.3046382004302));
#3074=CARTESIAN_POINT('',(63.3012192794247,0.,22.3046382004302));
#3075=CARTESIAN_POINT('',(63.3012192794247,5.5,22.0546382004302));
#3076=CARTESIAN_POINT('Origin',(65.3012192794247,0.,22.3046382004302));
#3077=CARTESIAN_POINT('',(65.3012192794247,0.,22.3046382004302));
#3078=CARTESIAN_POINT('',(51.5512192794247,0.,22.3046382004302));
#3079=CARTESIAN_POINT('',(65.3012192794247,5.5,22.3046382004302));
#3080=CARTESIAN_POINT('',(65.3012192794247,0.,22.3046382004302));
#3081=CARTESIAN_POINT('',(65.3012192794247,5.5,22.3046382004302));
#3082=CARTESIAN_POINT('Origin',(63.3012192794247,0.,25.4046382004302));
#3083=CARTESIAN_POINT('',(63.3012192794247,0.,25.4046382004302));
#3084=CARTESIAN_POINT('',(65.3012192794247,0.,25.4046382004302));
#3085=CARTESIAN_POINT('',(50.5512192794247,0.,25.4046382004302));
#3086=CARTESIAN_POINT('',(63.3012192794247,5.5,25.4046382004302));
#3087=CARTESIAN_POINT('',(63.3012192794247,0.,25.4046382004302));
#3088=CARTESIAN_POINT('',(65.3012192794247,5.5,25.4046382004302));
#3089=CARTESIAN_POINT('',(63.3012192794247,5.5,25.4046382004302));
#3090=CARTESIAN_POINT('',(65.3012192794247,0.,25.4046382004302));
#3091=CARTESIAN_POINT('Origin',(63.3012192794247,0.,25.6546382004302));
#3092=CARTESIAN_POINT('',(63.3012192794247,0.,32.7546382004302));
#3093=CARTESIAN_POINT('',(63.3012192794247,5.5,25.4046382004302));
#3094=CARTESIAN_POINT('Origin',(62.4012192794247,5.5,23.8546382004302));
#3095=CARTESIAN_POINT('',(65.3012192794247,5.5,44.3546382004302));
#3096=CARTESIAN_POINT('Origin',(10.3012192794247,0.,14.8546382004302));
#3097=CARTESIAN_POINT('',(10.3012192794247,0.,64.8546382004302));
#3098=CARTESIAN_POINT('',(10.3012192794247,0.,64.8546382004302));
#3099=CARTESIAN_POINT('',(10.3012192794247,0.,64.8546382004302));
#3100=CARTESIAN_POINT('',(10.3012192794247,0.,14.8546382004302));
#3101=CARTESIAN_POINT('',(10.3012192794247,0.,14.8546382004302));
#3102=CARTESIAN_POINT('',(10.3012192794247,0.,64.8546382004302));
#3103=CARTESIAN_POINT('',(10.3012192794247,0.,64.8546382004302));
#3104=CARTESIAN_POINT('Origin',(65.3012192794247,0.,64.8546382004302));
#3105=CARTESIAN_POINT('',(65.3012192794247,0.,14.8546382004302));
#3106=CARTESIAN_POINT('',(65.3012192794247,0.,14.8546382004302));
#3107=CARTESIAN_POINT('',(65.3012192794247,0.,14.8546382004302));
#3108=CARTESIAN_POINT('',(65.3012192794247,0.,14.8546382004302));
#3109=CARTESIAN_POINT('',(65.3012192794247,0.,64.8546382004302));
#3110=CARTESIAN_POINT('',(65.3012192794247,0.,64.8546382004302));
#3111=CARTESIAN_POINT('',(65.3012192794247,0.,14.8546382004302));
#3112=CARTESIAN_POINT('Origin',(25.3012192794247,0.,39.8546382004302));
#3113=CARTESIAN_POINT('',(16.2512192794247,0.,39.8546382004302));
#3114=CARTESIAN_POINT('Origin',(25.3012192794247,0.,39.8546382004302));
#3115=CARTESIAN_POINT('',(16.2512192794247,1.5,39.8546382004302));
#3116=CARTESIAN_POINT('',(16.2512192794247,0.,39.8546382004302));
#3117=CARTESIAN_POINT('Origin',(25.3012192794247,1.5,39.8546382004302));
#3118=CARTESIAN_POINT('Origin',(25.3012192794247,1.5,39.8546382004302));
#3119=CARTESIAN_POINT('Origin',(55.3012192794247,0.,39.8546382004302));
#3120=CARTESIAN_POINT('',(51.0012192794247,7.2,39.8546382004302));
#3121=CARTESIAN_POINT('Origin',(55.3012192794247,7.2,39.8546382004302));
#3122=CARTESIAN_POINT('',(51.0012192794247,0.,39.8546382004302));
#3123=CARTESIAN_POINT('',(51.0012192794247,0.,39.8546382004302));
#3124=CARTESIAN_POINT('Origin',(55.3012192794247,0.,39.8546382004302));
#3125=CARTESIAN_POINT('Origin',(55.3012192794247,7.2,39.8546382004302));
#3126=CARTESIAN_POINT('',(50.5512192794247,7.2,39.8546382004302));
#3127=CARTESIAN_POINT('Origin',(55.3012192794247,7.2,39.8546382004302));
#3128=CARTESIAN_POINT('Origin',(24.3012192794247,0.,22.3546382004302));
#3129=CARTESIAN_POINT('',(20.0012192794247,7.2,22.3546382004302));
#3130=CARTESIAN_POINT('Origin',(24.3012192794247,7.2,22.3546382004302));
#3131=CARTESIAN_POINT('',(20.0012192794247,0.,22.3546382004302));
#3132=CARTESIAN_POINT('',(20.0012192794247,0.,22.3546382004302));
#3133=CARTESIAN_POINT('Origin',(24.3012192794247,0.,22.3546382004302));
#3134=CARTESIAN_POINT('Origin',(24.3012192794247,7.2,22.3546382004302));
#3135=CARTESIAN_POINT('',(19.5512192794247,7.2,22.3546382004302));
#3136=CARTESIAN_POINT('Origin',(24.3012192794247,7.2,22.3546382004302));
#3137=CARTESIAN_POINT('Origin',(24.3012192794247,0.,57.3546382004302));
#3138=CARTESIAN_POINT('',(20.0012192794247,7.2,57.3546382004302));
#3139=CARTESIAN_POINT('Origin',(24.3012192794247,7.2,57.3546382004302));
#3140=CARTESIAN_POINT('',(20.0012192794247,0.,57.3546382004302));
#3141=CARTESIAN_POINT('',(20.0012192794247,0.,57.3546382004302));
#3142=CARTESIAN_POINT('Origin',(24.3012192794247,0.,57.3546382004302));
#3143=CARTESIAN_POINT('Origin',(24.3012192794247,7.2,57.3546382004302));
#3144=CARTESIAN_POINT('',(19.5512192794247,7.2,57.3546382004302));
#3145=CARTESIAN_POINT('Origin',(24.3012192794247,7.2,57.3546382004302));
#3146=CARTESIAN_POINT('Origin',(60.8012192794247,0.,18.8546382004302));
#3147=CARTESIAN_POINT('',(59.5512192794247,0.,18.8546382004302));
#3148=CARTESIAN_POINT('Origin',(60.8012192794247,0.,18.8546382004302));
#3149=CARTESIAN_POINT('',(59.5512192794247,0.,18.8546382004302));
#3150=CARTESIAN_POINT('Origin',(14.8012192794247,0.,60.8546382004302));
#3151=CARTESIAN_POINT('',(13.5512192794247,0.,60.8546382004302));
#3152=CARTESIAN_POINT('Origin',(14.8012192794247,0.,60.8546382004302));
#3153=CARTESIAN_POINT('',(13.5512192794247,0.,60.8546382004302));
#3154=CARTESIAN_POINT('Origin',(14.8012192794247,0.,18.8546382004302));
#3155=CARTESIAN_POINT('',(13.5512192794247,0.,18.8546382004302));
#3156=CARTESIAN_POINT('Origin',(14.8012192794247,0.,18.8546382004302));
#3157=CARTESIAN_POINT('',(13.5512192794247,0.,18.8546382004302));
#3158=CARTESIAN_POINT('Origin',(60.8012192794247,0.,60.8546382004302));
#3159=CARTESIAN_POINT('',(59.5512192794247,0.,60.8546382004302));
#3160=CARTESIAN_POINT('Origin',(60.8012192794247,0.,60.8546382004302));
#3161=CARTESIAN_POINT('',(59.5512192794247,0.,60.8546382004302));
#3162=CARTESIAN_POINT('Origin',(34.3012192794247,0.,48.8546382004302));
#3163=CARTESIAN_POINT('',(33.5012192794247,0.,48.8546382004302));
#3164=CARTESIAN_POINT('Origin',(34.3012192794247,0.,48.8546382004302));
#3165=CARTESIAN_POINT('',(33.5012192794247,0.,48.8546382004302));
#3166=CARTESIAN_POINT('Origin',(16.3012192794247,0.,30.8546382004302));
#3167=CARTESIAN_POINT('',(15.5012192794247,0.,30.8546382004302));
#3168=CARTESIAN_POINT('Origin',(16.3012192794247,0.,30.8546382004302));
#3169=CARTESIAN_POINT('',(15.5012192794247,0.,30.8546382004302));
#3170=CARTESIAN_POINT('Origin',(38.8719837439669,8.,28.902971805944));
#3171=CARTESIAN_POINT('',(39.6719837439669,4.,28.902971805944));
#3172=CARTESIAN_POINT('Origin',(38.8719837439669,4.,28.902971805944));
#3173=CARTESIAN_POINT('',(39.6719837439669,0.,28.902971805944));
#3174=CARTESIAN_POINT('',(39.6719837439669,8.,28.902971805944));
#3175=CARTESIAN_POINT('Origin',(38.8719837439669,0.,28.902971805944));
#3176=CARTESIAN_POINT('Origin',(55.3012192794247,8.,54.8546382004302));
#3177=CARTESIAN_POINT('',(58.3012192794247,4.,54.8546382004302));
#3178=CARTESIAN_POINT('',(58.3012192794247,8.,54.8546382004302));
#3179=CARTESIAN_POINT('Origin',(55.3012192794247,4.,54.8546382004302));
#3180=CARTESIAN_POINT('Origin',(55.3012192794247,4.,54.8546382004302));
#3181=CARTESIAN_POINT('',(56.8512192794247,4.,54.8546382004302));
#3182=CARTESIAN_POINT('Origin',(55.3012192794247,4.,54.8546382004302));
#3183=CARTESIAN_POINT('Origin',(55.3012192794247,8.,24.8546382004302));
#3184=CARTESIAN_POINT('',(58.3012192794247,4.,24.8546382004302));
#3185=CARTESIAN_POINT('',(58.3012192794247,8.,24.8546382004302));
#3186=CARTESIAN_POINT('Origin',(55.3012192794247,4.,24.8546382004302));
#3187=CARTESIAN_POINT('Origin',(55.3012192794247,4.,24.8546382004302));
#3188=CARTESIAN_POINT('',(56.8512192794247,4.,24.8546382004302));
#3189=CARTESIAN_POINT('Origin',(55.3012192794247,4.,24.8546382004302));
#3190=CARTESIAN_POINT('Origin',(55.3012192794247,8.,54.8546382004302));
#3191=CARTESIAN_POINT('',(56.8512192794247,0.,54.8546382004302));
#3192=CARTESIAN_POINT('',(56.8512192794247,8.,54.8546382004302));
#3193=CARTESIAN_POINT('Origin',(55.3012192794247,0.,54.8546382004302));
#3194=CARTESIAN_POINT('Origin',(55.3012192794247,8.,24.8546382004302));
#3195=CARTESIAN_POINT('',(56.8512192794247,0.,24.8546382004302));
#3196=CARTESIAN_POINT('',(56.8512192794247,8.,24.8546382004302));
#3197=CARTESIAN_POINT('Origin',(55.3012192794247,0.,24.8546382004302));
#3198=CARTESIAN_POINT('Origin',(37.4756794513589,8.,21.5316586233169));
#3199=CARTESIAN_POINT('',(37.4756794513589,0.,22.5316586233169));
#3200=CARTESIAN_POINT('Origin',(37.4756794513589,0.,21.5316586233169));
#3201=CARTESIAN_POINT('',(37.4756794513589,4.,22.5316586233169));
#3202=CARTESIAN_POINT('Origin',(37.4756794513589,4.,21.5316586233169));
#3203=CARTESIAN_POINT('',(37.4756794513589,8.,22.5316586233169));
#3204=CARTESIAN_POINT('Origin',(46.9503022606049,8.,22.5316586233169));
#3205=CARTESIAN_POINT('',(46.9503022606049,0.,22.5316586233169));
#3206=CARTESIAN_POINT('',(42.3757607700148,0.,22.5316586233169));
#3207=CARTESIAN_POINT('',(46.9503022606049,4.,22.5316586233169));
#3208=CARTESIAN_POINT('',(44.5816465582934,4.,22.5316586233169));
#3209=CARTESIAN_POINT('',(46.9503022606049,8.,22.5316586233169));
#3210=CARTESIAN_POINT('Origin',(46.9503022606049,8.,21.5316586233169));
#3211=CARTESIAN_POINT('',(47.9503022606049,0.,21.5316586233169));
#3212=CARTESIAN_POINT('Origin',(46.9503022606049,0.,21.5316586233169));
#3213=CARTESIAN_POINT('',(47.9503022606049,4.,21.5316586233169));
#3214=CARTESIAN_POINT('Origin',(46.9503022606049,4.,21.5316586233169));
#3215=CARTESIAN_POINT('',(47.9503022606049,8.,21.5316586233169));
#3216=CARTESIAN_POINT('Origin',(47.9503022606049,8.,18.6316586233169));
#3217=CARTESIAN_POINT('',(47.9503022606049,4.,41.856299212598));
#3218=CARTESIAN_POINT('',(47.9503022606049,4.,41.856299212598));
#3219=CARTESIAN_POINT('',(47.9503022606049,8.,41.856299212598));
#3220=CARTESIAN_POINT('',(47.9503022606049,0.,18.6316586233169));
#3221=CARTESIAN_POINT('',(47.9503022606049,8.,18.6316586233169));
#3222=CARTESIAN_POINT('',(47.9503022606049,0.,29.2431484118736));
#3223=CARTESIAN_POINT('Origin',(42.2129908559819,4.,30.2439789179574));
#3224=CARTESIAN_POINT('',(37.4756794513589,4.,42.856299212598));
#3225=CARTESIAN_POINT('Origin',(37.4756794513589,4.,41.856299212598));
#3226=CARTESIAN_POINT('',(46.9503022606049,4.,42.856299212598));
#3227=CARTESIAN_POINT('',(46.9503022606049,4.,42.856299212598));
#3228=CARTESIAN_POINT('Origin',(46.9503022606049,4.,41.856299212598));
#3229=CARTESIAN_POINT('Origin',(46.9503022606049,8.,42.856299212598));
#3230=CARTESIAN_POINT('',(46.9503022606049,8.,42.856299212598));
#3231=CARTESIAN_POINT('',(37.4756794513589,8.,42.856299212598));
#3232=CARTESIAN_POINT('Origin',(46.9503022606049,8.,41.856299212598));
#3233=CARTESIAN_POINT('Origin',(46.9503022606049,8.,18.6316586233169));
#3234=CARTESIAN_POINT('',(46.9503022606049,0.,17.6316586233169));
#3235=CARTESIAN_POINT('',(46.9503022606049,8.,17.6316586233169));
#3236=CARTESIAN_POINT('Origin',(46.9503022606049,0.,18.6316586233169));
#3237=CARTESIAN_POINT('Origin',(37.4756794513589,8.,17.6316586233169));
#3238=CARTESIAN_POINT('',(37.4756794513589,0.,17.6316586233169));
#3239=CARTESIAN_POINT('',(37.4756794513589,8.,17.6316586233169));
#3240=CARTESIAN_POINT('',(37.6384493653918,0.,17.6316586233169));
#3241=CARTESIAN_POINT('Origin',(37.4756794513589,8.,18.6316586233169));
#3242=CARTESIAN_POINT('Origin',(37.4756794513589,0.,18.6316586233169));
#3243=CARTESIAN_POINT('Origin',(37.4756794513589,8.,41.856299212598));
#3244=CARTESIAN_POINT('Origin',(55.3012192794247,0.,39.8546382004302));
#3245=CARTESIAN_POINT('',(50.5512192794247,0.,39.8546382004302));
#3246=CARTESIAN_POINT('Origin',(24.3012192794247,0.,22.3546382004302));
#3247=CARTESIAN_POINT('',(19.5512192794247,0.,22.3546382004302));
#3248=CARTESIAN_POINT('Origin',(24.3012192794247,0.,57.3546382004302));
#3249=CARTESIAN_POINT('',(19.5512192794247,0.,57.3546382004302));
#3250=CARTESIAN_POINT('Origin',(10.3012192794247,0.,64.8546382004302));
#3251=CARTESIAN_POINT('',(65.3012192794247,0.,64.8546382004302));
#3252=CARTESIAN_POINT('Origin',(65.3012192794247,0.,14.8546382004302));
#3253=CARTESIAN_POINT('',(10.3012192794247,0.,14.8546382004302));
#3254=CARTESIAN_POINT('Origin',(37.8012192794247,0.,39.8546382004302));
#3255=CARTESIAN_POINT('',(0.,0.,0.));
#3256=UNCERTAINTY_MEASURE_WITH_UNIT(LENGTH_MEASURE(0.01),#3262,
'DISTANCE_ACCURACY_VALUE',
'Maximum model space distance between geometric entities at asserted c
onnectivities');
#3257=UNCERTAINTY_MEASURE_WITH_UNIT(LENGTH_MEASURE(0.01),#3262,
'DISTANCE_ACCURACY_VALUE',
'Maximum model space distance between geometric entities at asserted c
onnectivities');
#3258=UNCERTAINTY_MEASURE_WITH_UNIT(LENGTH_MEASURE(0.01),#3262,
'DISTANCE_ACCURACY_VALUE',
'Maximum model space distance between geometric entities at asserted c
onnectivities');
#3259=(
GEOMETRIC_REPRESENTATION_CONTEXT(3)
GLOBAL_UNCERTAINTY_ASSIGNED_CONTEXT((#3256))
GLOBAL_UNIT_ASSIGNED_CONTEXT((#3262,#3264,#3265))
REPRESENTATION_CONTEXT('','3D')
);
#3260=(
GEOMETRIC_REPRESENTATION_CONTEXT(3)
GLOBAL_UNCERTAINTY_ASSIGNED_CONTEXT((#3257))
GLOBAL_UNIT_ASSIGNED_CONTEXT((#3262,#3264,#3265))
REPRESENTATION_CONTEXT('','3D')
);
#3261=(
GEOMETRIC_REPRESENTATION_CONTEXT(3)
GLOBAL_UNCERTAINTY_ASSIGNED_CONTEXT((#3258))
GLOBAL_UNIT_ASSIGNED_CONTEXT((#3262,#3264,#3265))
REPRESENTATION_CONTEXT('','3D')
);
#3262=(
LENGTH_UNIT()
NAMED_UNIT(*)
SI_UNIT(.MILLI.,.METRE.)
);
#3263=(
LENGTH_UNIT()
NAMED_UNIT(*)
SI_UNIT($,.METRE.)
);
#3264=(
NAMED_UNIT(*)
PLANE_ANGLE_UNIT()
SI_UNIT($,.RADIAN.)
);
#3265=(
NAMED_UNIT(*)
SI_UNIT($,.STERADIAN.)
SOLID_ANGLE_UNIT()
);
#3266=SHAPE_DEFINITION_REPRESENTATION(#3268,#3271);
#3267=SHAPE_DEFINITION_REPRESENTATION(#3269,#3272);
#3268=PRODUCT_DEFINITION_SHAPE('',$,#3274);
#3269=PRODUCT_DEFINITION_SHAPE('',$,#3275);
#3270=PRODUCT_DEFINITION_SHAPE($,$,#14);
#3271=SHAPE_REPRESENTATION('',(#1944,#2136),#3259);
#3272=SHAPE_REPRESENTATION('',(#1945),#3260);
#3273=PRODUCT_DEFINITION_CONTEXT('part definition',#3281,'design');
#3274=PRODUCT_DEFINITION('CNC-STM-\X2\673A4F534E3B4F53\X0\',
'CNC-STM-\X2\673A4F534E3B4F53\X0\ v15',#3276,#3273);
#3275=PRODUCT_DEFINITION('\X2\96F690E84EF6\X0\2','\X2\96F690E84EF6\X0\2',
#3277,#3273);
#3276=PRODUCT_DEFINITION_FORMATION('',$,#3283);
#3277=PRODUCT_DEFINITION_FORMATION('',$,#3284);
#3278=PRODUCT_RELATED_PRODUCT_CATEGORY('CNC-STM-\X2\673A4F534E3B4F53\X0\ 
v15','CNC-STM-\X2\673A4F534E3B4F53\X0\ v15',(#3283));
#3279=PRODUCT_RELATED_PRODUCT_CATEGORY('\X2\96F690E84EF6\X0\2',
'\X2\96F690E84EF6\X0\2',(#3284));
#3280=APPLICATION_PROTOCOL_DEFINITION('international standard',
'automotive_design',2009,#3281);
#3281=APPLICATION_CONTEXT(
'Core Data for Automotive Mechanical Design Process');
#3282=PRODUCT_CONTEXT('part definition',#3281,'mechanical');
#3283=PRODUCT('CNC-STM-\X2\673A4F534E3B4F53\X0\',
'CNC-STM-\X2\673A4F534E3B4F53\X0\ v15',$,(#3282));
#3284=PRODUCT('\X2\96F690E84EF6\X0\2','\X2\96F690E84EF6\X0\2',$,(#3282));
#3285=PRESENTATION_STYLE_ASSIGNMENT((#3286));
#3286=SURFACE_STYLE_USAGE(.BOTH.,#3287);
#3287=SURFACE_SIDE_STYLE('',(#3288));
#3288=SURFACE_STYLE_FILL_AREA(#3289);
#3289=FILL_AREA_STYLE('\X2\94A2\X0\ - \X2\7F0E5149\X0\',(#3290));
#3290=FILL_AREA_STYLE_COLOUR('\X2\94A2\X0\ - \X2\7F0E5149\X0\',#3291);
#3291=COLOUR_RGB('\X2\94A2\X0\ - \X2\7F0E5149\X0\',0.627450980392157,0.627450980392157,
0.627450980392157);
ENDSEC;
END-ISO-10303-21;
