ISO-10303-21;
HEADER;
/* Generated by software containing ST-Developer
 * from STEP Tools, Inc. (www.steptools.com) 
 */

FILE_DESCRIPTION(
/* description */ (''),
/* implementation_level */ '2;1');

FILE_NAME(
/* name */ '',
/* time_stamp */ '2026-02-18T12:08:36+08:00',
/* author */ (''),
/* organization */ (''),
/* preprocessor_version */ 'ST-DEVELOPER v20.1',
/* originating_system */ 'Autodesk Translation Framework v14.24.0.0',
/* authorisation */ '');

FILE_SCHEMA (('AUTOMOTIVE_DESIGN { 1 0 10303 214 3 1 1 }'));
ENDSEC;

DATA;
#10=MECHANICAL_DESIGN_GEOMETRIC_PRESENTATION_REPRESENTATION('',(#17),#3171);
#11=ITEM_DEFINED_TRANSFORMATION($,$,#1895,#2078);
#12=(
REPRESENTATION_RELATIONSHIP($,$,#3182,#3181)
REPRESENTATION_RELATIONSHIP_WITH_TRANSFORMATION(#11)
SHAPE_REPRESENTATION_RELATIONSHIP()
);
#13=CONTEXT_DEPENDENT_SHAPE_REPRESENTATION(#12,#3180);
#14=NEXT_ASSEMBLY_USAGE_OCCURRENCE('\X2\96F690E84EF6\X0\1:1',
'\X2\96F690E84EF6\X0\1:1','\X2\96F690E84EF6\X0\1:1',#3184,#3185,
'\X2\96F690E84EF6\X0\1:1');
#15=SHAPE_REPRESENTATION_RELATIONSHIP('SRR','None',#3182,#16);
#16=ADVANCED_BREP_SHAPE_REPRESENTATION('',(#18),#3170);
#17=STYLED_ITEM('',(#3195),#18);
#18=MANIFOLD_SOLID_BREP('\X2\5B9E4F53\X0\1',#1881);
#19=CYLINDRICAL_SURFACE('',#1919,8.5);
#20=CYLINDRICAL_SURFACE('',#1924,7.5);
#21=CYLINDRICAL_SURFACE('',#1925,0.999999999999992);
#22=CYLINDRICAL_SURFACE('',#1929,0.999999999999996);
#23=CYLINDRICAL_SURFACE('',#1933,0.999999999999996);
#24=CYLINDRICAL_SURFACE('',#1937,0.999999999999996);
#25=CYLINDRICAL_SURFACE('',#1946,0.999999999999996);
#26=CYLINDRICAL_SURFACE('',#1950,0.999999999999996);
#27=CYLINDRICAL_SURFACE('',#1954,0.999999999999996);
#28=CYLINDRICAL_SURFACE('',#1961,0.999999999999996);
#29=CYLINDRICAL_SURFACE('',#1969,0.999999999999994);
#30=CYLINDRICAL_SURFACE('',#1973,0.999999999999988);
#31=CYLINDRICAL_SURFACE('',#1977,0.999999999999992);
#32=CYLINDRICAL_SURFACE('',#1981,0.999999999999996);
#33=CYLINDRICAL_SURFACE('',#1985,0.999999999999996);
#34=CYLINDRICAL_SURFACE('',#1989,0.999999999999996);
#35=CYLINDRICAL_SURFACE('',#1993,0.999999999999996);
#36=CYLINDRICAL_SURFACE('',#1997,0.999999999999996);
#37=CYLINDRICAL_SURFACE('',#2007,9.05);
#38=CYLINDRICAL_SURFACE('',#2011,4.3);
#39=CYLINDRICAL_SURFACE('',#2016,4.3);
#40=CYLINDRICAL_SURFACE('',#2021,4.3);
#41=CYLINDRICAL_SURFACE('',#2026,1.25);
#42=CYLINDRICAL_SURFACE('',#2028,1.25);
#43=CYLINDRICAL_SURFACE('',#2030,1.25);
#44=CYLINDRICAL_SURFACE('',#2032,1.25);
#45=CYLINDRICAL_SURFACE('',#2034,0.800000000000001);
#46=CYLINDRICAL_SURFACE('',#2036,0.800000000000001);
#47=CYLINDRICAL_SURFACE('',#2038,0.800000000000001);
#48=CYLINDRICAL_SURFACE('',#2041,3.);
#49=CYLINDRICAL_SURFACE('',#2045,3.);
#50=CYLINDRICAL_SURFACE('',#2049,1.55);
#51=CYLINDRICAL_SURFACE('',#2051,1.55);
#52=CYLINDRICAL_SURFACE('',#2053,1.00000000000001);
#53=CYLINDRICAL_SURFACE('',#2057,0.999999999999996);
#54=CYLINDRICAL_SURFACE('',#2065,0.999999999999996);
#55=CYLINDRICAL_SURFACE('',#2066,0.999999999999996);
#56=CYLINDRICAL_SURFACE('',#2069,1.00000000000001);
#57=CYLINDRICAL_SURFACE('',#2071,0.999999999999988);
#58=CYLINDRICAL_SURFACE('',#2072,4.75);
#59=CYLINDRICAL_SURFACE('',#2073,4.75);
#60=CYLINDRICAL_SURFACE('',#2074,4.75);
#61=FACE_BOUND('',#281,.T.);
#62=FACE_BOUND('',#282,.T.);
#63=FACE_BOUND('',#283,.T.);
#64=FACE_BOUND('',#284,.T.);
#65=FACE_BOUND('',#285,.T.);
#66=FACE_BOUND('',#286,.T.);
#67=FACE_BOUND('',#287,.T.);
#68=FACE_BOUND('',#288,.T.);
#69=FACE_BOUND('',#289,.T.);
#70=FACE_BOUND('',#290,.T.);
#71=FACE_BOUND('',#291,.T.);
#72=FACE_BOUND('',#292,.T.);
#73=FACE_BOUND('',#296,.T.);
#74=FACE_BOUND('',#350,.T.);
#75=FACE_BOUND('',#353,.T.);
#76=FACE_BOUND('',#356,.T.);
#77=FACE_BOUND('',#359,.T.);
#78=FACE_BOUND('',#369,.T.);
#79=FACE_BOUND('',#372,.T.);
#80=FACE_BOUND('',#380,.T.);
#81=FACE_BOUND('',#393,.T.);
#82=FACE_BOUND('',#394,.T.);
#83=FACE_BOUND('',#395,.T.);
#84=FACE_BOUND('',#396,.T.);
#85=FACE_BOUND('',#397,.T.);
#86=FACE_BOUND('',#398,.T.);
#87=FACE_BOUND('',#399,.T.);
#88=FACE_BOUND('',#400,.T.);
#89=FACE_BOUND('',#401,.T.);
#90=FACE_BOUND('',#402,.T.);
#91=FACE_BOUND('',#403,.T.);
#92=FACE_BOUND('',#404,.T.);
#93=FACE_BOUND('',#405,.T.);
#94=FACE_BOUND('',#406,.T.);
#95=CIRCLE('',#1899,7.5);
#96=CIRCLE('',#1901,4.75);
#97=CIRCLE('',#1902,4.75);
#98=CIRCLE('',#1903,4.75);
#99=CIRCLE('',#1904,1.00000000000001);
#100=CIRCLE('',#1905,0.999999999999996);
#101=CIRCLE('',#1906,0.999999999999996);
#102=CIRCLE('',#1907,0.999999999999988);
#103=CIRCLE('',#1908,7.5);
#104=CIRCLE('',#1909,7.5);
#105=CIRCLE('',#1910,3.);
#106=CIRCLE('',#1911,3.);
#107=CIRCLE('',#1912,0.800000000000001);
#108=CIRCLE('',#1913,0.800000000000001);
#109=CIRCLE('',#1914,1.25);
#110=CIRCLE('',#1915,1.25);
#111=CIRCLE('',#1916,1.25);
#112=CIRCLE('',#1917,1.25);
#113=CIRCLE('',#1920,8.5);
#114=CIRCLE('',#1921,8.5);
#115=CIRCLE('',#1923,7.5);
#116=CIRCLE('',#1926,0.999999999999992);
#117=CIRCLE('',#1927,0.999999999999992);
#118=CIRCLE('',#1930,0.999999999999996);
#119=CIRCLE('',#1931,0.999999999999996);
#120=CIRCLE('',#1934,0.999999999999996);
#121=CIRCLE('',#1935,0.999999999999996);
#122=CIRCLE('',#1938,0.999999999999996);
#123=CIRCLE('',#1939,0.999999999999996);
#124=CIRCLE('',#1947,0.999999999999996);
#125=CIRCLE('',#1948,0.999999999999996);
#126=CIRCLE('',#1951,0.999999999999996);
#127=CIRCLE('',#1952,0.999999999999996);
#128=CIRCLE('',#1955,0.999999999999996);
#129=CIRCLE('',#1956,0.999999999999996);
#130=CIRCLE('',#1962,0.999999999999996);
#131=CIRCLE('',#1963,0.999999999999996);
#132=CIRCLE('',#1970,0.999999999999994);
#133=CIRCLE('',#1971,0.999999999999994);
#134=CIRCLE('',#1974,0.999999999999988);
#135=CIRCLE('',#1975,0.999999999999988);
#136=CIRCLE('',#1978,0.999999999999992);
#137=CIRCLE('',#1979,0.999999999999992);
#138=CIRCLE('',#1982,0.999999999999996);
#139=CIRCLE('',#1983,0.999999999999996);
#140=CIRCLE('',#1986,0.999999999999996);
#141=CIRCLE('',#1987,0.999999999999996);
#142=CIRCLE('',#1990,0.999999999999996);
#143=CIRCLE('',#1991,0.999999999999996);
#144=CIRCLE('',#1994,0.999999999999996);
#145=CIRCLE('',#1995,0.999999999999996);
#146=CIRCLE('',#1998,0.999999999999996);
#147=CIRCLE('',#1999,0.999999999999996);
#148=CIRCLE('',#2008,9.05);
#149=CIRCLE('',#2009,9.05);
#150=CIRCLE('',#2012,4.3);
#151=CIRCLE('',#2013,4.3);
#152=CIRCLE('',#2015,4.75);
#153=CIRCLE('',#2017,4.3);
#154=CIRCLE('',#2018,4.3);
#155=CIRCLE('',#2020,4.75);
#156=CIRCLE('',#2022,4.3);
#157=CIRCLE('',#2023,4.3);
#158=CIRCLE('',#2025,4.75);
#159=CIRCLE('',#2027,1.25);
#160=CIRCLE('',#2029,1.25);
#161=CIRCLE('',#2031,1.25);
#162=CIRCLE('',#2033,1.25);
#163=CIRCLE('',#2035,0.800000000000001);
#164=CIRCLE('',#2037,0.800000000000001);
#165=CIRCLE('',#2039,0.800000000000001);
#166=CIRCLE('',#2040,0.800000000000001);
#167=CIRCLE('',#2042,3.);
#168=CIRCLE('',#2044,1.55);
#169=CIRCLE('',#2046,3.);
#170=CIRCLE('',#2048,1.55);
#171=CIRCLE('',#2050,1.55);
#172=CIRCLE('',#2052,1.55);
#173=CIRCLE('',#2054,1.00000000000001);
#174=CIRCLE('',#2055,1.00000000000001);
#175=CIRCLE('',#2058,0.999999999999996);
#176=CIRCLE('',#2059,0.999999999999996);
#177=CIRCLE('',#2062,0.999999999999988);
#178=CIRCLE('',#2063,0.999999999999996);
#179=CIRCLE('',#2067,0.999999999999996);
#180=CIRCLE('',#2070,1.00000000000001);
#181=FACE_OUTER_BOUND('',#277,.T.);
#182=FACE_OUTER_BOUND('',#278,.T.);
#183=FACE_OUTER_BOUND('',#279,.T.);
#184=FACE_OUTER_BOUND('',#280,.T.);
#185=FACE_OUTER_BOUND('',#293,.T.);
#186=FACE_OUTER_BOUND('',#294,.T.);
#187=FACE_OUTER_BOUND('',#295,.T.);
#188=FACE_OUTER_BOUND('',#297,.T.);
#189=FACE_OUTER_BOUND('',#298,.T.);
#190=FACE_OUTER_BOUND('',#299,.T.);
#191=FACE_OUTER_BOUND('',#300,.T.);
#192=FACE_OUTER_BOUND('',#301,.T.);
#193=FACE_OUTER_BOUND('',#302,.T.);
#194=FACE_OUTER_BOUND('',#303,.T.);
#195=FACE_OUTER_BOUND('',#304,.T.);
#196=FACE_OUTER_BOUND('',#305,.T.);
#197=FACE_OUTER_BOUND('',#306,.T.);
#198=FACE_OUTER_BOUND('',#307,.T.);
#199=FACE_OUTER_BOUND('',#308,.T.);
#200=FACE_OUTER_BOUND('',#309,.T.);
#201=FACE_OUTER_BOUND('',#310,.T.);
#202=FACE_OUTER_BOUND('',#311,.T.);
#203=FACE_OUTER_BOUND('',#312,.T.);
#204=FACE_OUTER_BOUND('',#313,.T.);
#205=FACE_OUTER_BOUND('',#314,.T.);
#206=FACE_OUTER_BOUND('',#315,.T.);
#207=FACE_OUTER_BOUND('',#316,.T.);
#208=FACE_OUTER_BOUND('',#317,.T.);
#209=FACE_OUTER_BOUND('',#318,.T.);
#210=FACE_OUTER_BOUND('',#319,.T.);
#211=FACE_OUTER_BOUND('',#320,.T.);
#212=FACE_OUTER_BOUND('',#321,.T.);
#213=FACE_OUTER_BOUND('',#322,.T.);
#214=FACE_OUTER_BOUND('',#323,.T.);
#215=FACE_OUTER_BOUND('',#324,.T.);
#216=FACE_OUTER_BOUND('',#325,.T.);
#217=FACE_OUTER_BOUND('',#326,.T.);
#218=FACE_OUTER_BOUND('',#327,.T.);
#219=FACE_OUTER_BOUND('',#328,.T.);
#220=FACE_OUTER_BOUND('',#329,.T.);
#221=FACE_OUTER_BOUND('',#330,.T.);
#222=FACE_OUTER_BOUND('',#331,.T.);
#223=FACE_OUTER_BOUND('',#332,.T.);
#224=FACE_OUTER_BOUND('',#333,.T.);
#225=FACE_OUTER_BOUND('',#334,.T.);
#226=FACE_OUTER_BOUND('',#335,.T.);
#227=FACE_OUTER_BOUND('',#336,.T.);
#228=FACE_OUTER_BOUND('',#337,.T.);
#229=FACE_OUTER_BOUND('',#338,.T.);
#230=FACE_OUTER_BOUND('',#339,.T.);
#231=FACE_OUTER_BOUND('',#340,.T.);
#232=FACE_OUTER_BOUND('',#341,.T.);
#233=FACE_OUTER_BOUND('',#342,.T.);
#234=FACE_OUTER_BOUND('',#343,.T.);
#235=FACE_OUTER_BOUND('',#344,.T.);
#236=FACE_OUTER_BOUND('',#345,.T.);
#237=FACE_OUTER_BOUND('',#346,.T.);
#238=FACE_OUTER_BOUND('',#347,.T.);
#239=FACE_OUTER_BOUND('',#348,.T.);
#240=FACE_OUTER_BOUND('',#349,.T.);
#241=FACE_OUTER_BOUND('',#351,.T.);
#242=FACE_OUTER_BOUND('',#352,.T.);
#243=FACE_OUTER_BOUND('',#354,.T.);
#244=FACE_OUTER_BOUND('',#355,.T.);
#245=FACE_OUTER_BOUND('',#357,.T.);
#246=FACE_OUTER_BOUND('',#358,.T.);
#247=FACE_OUTER_BOUND('',#360,.T.);
#248=FACE_OUTER_BOUND('',#361,.T.);
#249=FACE_OUTER_BOUND('',#362,.T.);
#250=FACE_OUTER_BOUND('',#363,.T.);
#251=FACE_OUTER_BOUND('',#364,.T.);
#252=FACE_OUTER_BOUND('',#365,.T.);
#253=FACE_OUTER_BOUND('',#366,.T.);
#254=FACE_OUTER_BOUND('',#367,.T.);
#255=FACE_OUTER_BOUND('',#368,.T.);
#256=FACE_OUTER_BOUND('',#370,.T.);
#257=FACE_OUTER_BOUND('',#371,.T.);
#258=FACE_OUTER_BOUND('',#373,.T.);
#259=FACE_OUTER_BOUND('',#374,.T.);
#260=FACE_OUTER_BOUND('',#375,.T.);
#261=FACE_OUTER_BOUND('',#376,.T.);
#262=FACE_OUTER_BOUND('',#377,.T.);
#263=FACE_OUTER_BOUND('',#378,.T.);
#264=FACE_OUTER_BOUND('',#379,.T.);
#265=FACE_OUTER_BOUND('',#381,.T.);
#266=FACE_OUTER_BOUND('',#382,.T.);
#267=FACE_OUTER_BOUND('',#383,.T.);
#268=FACE_OUTER_BOUND('',#384,.T.);
#269=FACE_OUTER_BOUND('',#385,.T.);
#270=FACE_OUTER_BOUND('',#386,.T.);
#271=FACE_OUTER_BOUND('',#387,.T.);
#272=FACE_OUTER_BOUND('',#388,.T.);
#273=FACE_OUTER_BOUND('',#389,.T.);
#274=FACE_OUTER_BOUND('',#390,.T.);
#275=FACE_OUTER_BOUND('',#391,.T.);
#276=FACE_OUTER_BOUND('',#392,.T.);
#277=EDGE_LOOP('',(#1203,#1204,#1205,#1206));
#278=EDGE_LOOP('',(#1207,#1208,#1209,#1210));
#279=EDGE_LOOP('',(#1211,#1212,#1213,#1214));
#280=EDGE_LOOP('',(#1215,#1216,#1217,#1218));
#281=EDGE_LOOP('',(#1219));
#282=EDGE_LOOP('',(#1220));
#283=EDGE_LOOP('',(#1221));
#284=EDGE_LOOP('',(#1222,#1223,#1224,#1225,#1226,#1227,#1228,#1229,#1230,
#1231,#1232,#1233,#1234));
#285=EDGE_LOOP('',(#1235));
#286=EDGE_LOOP('',(#1236));
#287=EDGE_LOOP('',(#1237));
#288=EDGE_LOOP('',(#1238));
#289=EDGE_LOOP('',(#1239));
#290=EDGE_LOOP('',(#1240));
#291=EDGE_LOOP('',(#1241));
#292=EDGE_LOOP('',(#1242));
#293=EDGE_LOOP('',(#1243,#1244,#1245,#1246,#1247,#1248,#1249,#1250,#1251,
#1252));
#294=EDGE_LOOP('',(#1253,#1254,#1255,#1256));
#295=EDGE_LOOP('',(#1257));
#296=EDGE_LOOP('',(#1258));
#297=EDGE_LOOP('',(#1259,#1260,#1261,#1262,#1263,#1264,#1265,#1266));
#298=EDGE_LOOP('',(#1267,#1268,#1269,#1270));
#299=EDGE_LOOP('',(#1271,#1272,#1273,#1274));
#300=EDGE_LOOP('',(#1275,#1276,#1277,#1278));
#301=EDGE_LOOP('',(#1279,#1280,#1281,#1282));
#302=EDGE_LOOP('',(#1283,#1284,#1285,#1286));
#303=EDGE_LOOP('',(#1287,#1288,#1289,#1290));
#304=EDGE_LOOP('',(#1291,#1292,#1293,#1294));
#305=EDGE_LOOP('',(#1295,#1296,#1297,#1298));
#306=EDGE_LOOP('',(#1299,#1300,#1301,#1302));
#307=EDGE_LOOP('',(#1303,#1304,#1305,#1306));
#308=EDGE_LOOP('',(#1307,#1308,#1309,#1310));
#309=EDGE_LOOP('',(#1311,#1312,#1313,#1314,#1315,#1316,#1317,#1318,#1319,
#1320,#1321,#1322));
#310=EDGE_LOOP('',(#1323,#1324,#1325,#1326));
#311=EDGE_LOOP('',(#1327,#1328,#1329,#1330));
#312=EDGE_LOOP('',(#1331,#1332,#1333,#1334));
#313=EDGE_LOOP('',(#1335,#1336,#1337,#1338));
#314=EDGE_LOOP('',(#1339,#1340,#1341,#1342));
#315=EDGE_LOOP('',(#1343,#1344,#1345,#1346));
#316=EDGE_LOOP('',(#1347,#1348,#1349,#1350));
#317=EDGE_LOOP('',(#1351,#1352,#1353,#1354));
#318=EDGE_LOOP('',(#1355,#1356,#1357,#1358));
#319=EDGE_LOOP('',(#1359,#1360,#1361,#1362));
#320=EDGE_LOOP('',(#1363,#1364,#1365,#1366));
#321=EDGE_LOOP('',(#1367,#1368,#1369,#1370,#1371,#1372,#1373,#1374,#1375,
#1376,#1377,#1378));
#322=EDGE_LOOP('',(#1379,#1380,#1381,#1382));
#323=EDGE_LOOP('',(#1383,#1384,#1385,#1386));
#324=EDGE_LOOP('',(#1387,#1388,#1389,#1390));
#325=EDGE_LOOP('',(#1391,#1392,#1393,#1394));
#326=EDGE_LOOP('',(#1395,#1396,#1397,#1398));
#327=EDGE_LOOP('',(#1399,#1400,#1401,#1402));
#328=EDGE_LOOP('',(#1403,#1404,#1405,#1406));
#329=EDGE_LOOP('',(#1407,#1408,#1409,#1410));
#330=EDGE_LOOP('',(#1411,#1412,#1413,#1414));
#331=EDGE_LOOP('',(#1415,#1416,#1417,#1418));
#332=EDGE_LOOP('',(#1419,#1420,#1421,#1422));
#333=EDGE_LOOP('',(#1423,#1424,#1425,#1426,#1427,#1428,#1429,#1430,#1431,
#1432,#1433,#1434));
#334=EDGE_LOOP('',(#1435,#1436,#1437,#1438));
#335=EDGE_LOOP('',(#1439,#1440,#1441,#1442));
#336=EDGE_LOOP('',(#1443,#1444,#1445,#1446));
#337=EDGE_LOOP('',(#1447,#1448,#1449,#1450));
#338=EDGE_LOOP('',(#1451,#1452,#1453,#1454));
#339=EDGE_LOOP('',(#1455,#1456,#1457,#1458));
#340=EDGE_LOOP('',(#1459,#1460,#1461,#1462));
#341=EDGE_LOOP('',(#1463,#1464,#1465,#1466));
#342=EDGE_LOOP('',(#1467,#1468,#1469,#1470));
#343=EDGE_LOOP('',(#1471,#1472,#1473,#1474));
#344=EDGE_LOOP('',(#1475,#1476,#1477,#1478));
#345=EDGE_LOOP('',(#1479,#1480,#1481,#1482,#1483,#1484,#1485,#1486,#1487,
#1488,#1489,#1490));
#346=EDGE_LOOP('',(#1491,#1492,#1493,#1494,#1495,#1496,#1497,#1498,#1499,
#1500,#1501,#1502));
#347=EDGE_LOOP('',(#1503,#1504,#1505,#1506,#1507,#1508,#1509,#1510,#1511,
#1512,#1513,#1514));
#348=EDGE_LOOP('',(#1515,#1516,#1517,#1518));
#349=EDGE_LOOP('',(#1519));
#350=EDGE_LOOP('',(#1520));
#351=EDGE_LOOP('',(#1521,#1522,#1523,#1524));
#352=EDGE_LOOP('',(#1525));
#353=EDGE_LOOP('',(#1526));
#354=EDGE_LOOP('',(#1527,#1528,#1529,#1530));
#355=EDGE_LOOP('',(#1531));
#356=EDGE_LOOP('',(#1532));
#357=EDGE_LOOP('',(#1533,#1534,#1535,#1536));
#358=EDGE_LOOP('',(#1537));
#359=EDGE_LOOP('',(#1538));
#360=EDGE_LOOP('',(#1539,#1540,#1541,#1542));
#361=EDGE_LOOP('',(#1543,#1544,#1545,#1546));
#362=EDGE_LOOP('',(#1547,#1548,#1549,#1550));
#363=EDGE_LOOP('',(#1551,#1552,#1553,#1554));
#364=EDGE_LOOP('',(#1555,#1556,#1557,#1558));
#365=EDGE_LOOP('',(#1559,#1560,#1561,#1562));
#366=EDGE_LOOP('',(#1563,#1564,#1565,#1566));
#367=EDGE_LOOP('',(#1567,#1568,#1569,#1570));
#368=EDGE_LOOP('',(#1571));
#369=EDGE_LOOP('',(#1572));
#370=EDGE_LOOP('',(#1573,#1574,#1575,#1576));
#371=EDGE_LOOP('',(#1577));
#372=EDGE_LOOP('',(#1578));
#373=EDGE_LOOP('',(#1579,#1580,#1581,#1582));
#374=EDGE_LOOP('',(#1583,#1584,#1585,#1586));
#375=EDGE_LOOP('',(#1587,#1588,#1589,#1590));
#376=EDGE_LOOP('',(#1591,#1592,#1593,#1594));
#377=EDGE_LOOP('',(#1595,#1596,#1597,#1598));
#378=EDGE_LOOP('',(#1599,#1600,#1601,#1602,#1603,#1604));
#379=EDGE_LOOP('',(#1605,#1606,#1607,#1608,#1609,#1610,#1611,#1612));
#380=EDGE_LOOP('',(#1613));
#381=EDGE_LOOP('',(#1614,#1615,#1616,#1617));
#382=EDGE_LOOP('',(#1618,#1619,#1620,#1621));
#383=EDGE_LOOP('',(#1622,#1623,#1624,#1625));
#384=EDGE_LOOP('',(#1626,#1627,#1628,#1629));
#385=EDGE_LOOP('',(#1630,#1631,#1632,#1633));
#386=EDGE_LOOP('',(#1634,#1635,#1636,#1637));
#387=EDGE_LOOP('',(#1638,#1639,#1640,#1641));
#388=EDGE_LOOP('',(#1642,#1643,#1644,#1645));
#389=EDGE_LOOP('',(#1646,#1647,#1648,#1649));
#390=EDGE_LOOP('',(#1650,#1651,#1652,#1653));
#391=EDGE_LOOP('',(#1654,#1655,#1656,#1657));
#392=EDGE_LOOP('',(#1658,#1659,#1660,#1661,#1662,#1663,#1664,#1665,#1666,
#1667,#1668,#1669,#1670,#1671,#1672,#1673,#1674,#1675,#1676,#1677,#1678,
#1679,#1680,#1681,#1682,#1683,#1684,#1685,#1686,#1687,#1688,#1689,#1690,
#1691,#1692,#1693,#1694,#1695,#1696,#1697,#1698,#1699,#1700,#1701,#1702,
#1703,#1704,#1705,#1706,#1707,#1708,#1709));
#393=EDGE_LOOP('',(#1710));
#394=EDGE_LOOP('',(#1711));
#395=EDGE_LOOP('',(#1712));
#396=EDGE_LOOP('',(#1713));
#397=EDGE_LOOP('',(#1714));
#398=EDGE_LOOP('',(#1715));
#399=EDGE_LOOP('',(#1716));
#400=EDGE_LOOP('',(#1717));
#401=EDGE_LOOP('',(#1718));
#402=EDGE_LOOP('',(#1719));
#403=EDGE_LOOP('',(#1720));
#404=EDGE_LOOP('',(#1721));
#405=EDGE_LOOP('',(#1722));
#406=EDGE_LOOP('',(#1723,#1724,#1725,#1726,#1727,#1728,#1729,#1730));
#407=LINE('',#2632,#585);
#408=LINE('',#2634,#586);
#409=LINE('',#2636,#587);
#410=LINE('',#2637,#588);
#411=LINE('',#2641,#589);
#412=LINE('',#2643,#590);
#413=LINE('',#2645,#591);
#414=LINE('',#2646,#592);
#415=LINE('',#2649,#593);
#416=LINE('',#2653,#594);
#417=LINE('',#2655,#595);
#418=LINE('',#2657,#596);
#419=LINE('',#2658,#597);
#420=LINE('',#2666,#598);
#421=LINE('',#2670,#599);
#422=LINE('',#2674,#600);
#423=LINE('',#2678,#601);
#424=LINE('',#2681,#602);
#425=LINE('',#2703,#603);
#426=LINE('',#2705,#604);
#427=LINE('',#2707,#605);
#428=LINE('',#2709,#606);
#429=LINE('',#2710,#607);
#430=LINE('',#2715,#608);
#431=LINE('',#2721,#609);
#432=LINE('',#2727,#610);
#433=LINE('',#2730,#611);
#434=LINE('',#2733,#612);
#435=LINE('',#2735,#613);
#436=LINE('',#2736,#614);
#437=LINE('',#2741,#615);
#438=LINE('',#2745,#616);
#439=LINE('',#2747,#617);
#440=LINE('',#2748,#618);
#441=LINE('',#2753,#619);
#442=LINE('',#2757,#620);
#443=LINE('',#2759,#621);
#444=LINE('',#2760,#622);
#445=LINE('',#2765,#623);
#446=LINE('',#2769,#624);
#447=LINE('',#2771,#625);
#448=LINE('',#2772,#626);
#449=LINE('',#2775,#627);
#450=LINE('',#2777,#628);
#451=LINE('',#2778,#629);
#452=LINE('',#2782,#630);
#453=LINE('',#2784,#631);
#454=LINE('',#2786,#632);
#455=LINE('',#2787,#633);
#456=LINE('',#2789,#634);
#457=LINE('',#2790,#635);
#458=LINE('',#2792,#636);
#459=LINE('',#2796,#637);
#460=LINE('',#2798,#638);
#461=LINE('',#2800,#639);
#462=LINE('',#2801,#640);
#463=LINE('',#2806,#641);
#464=LINE('',#2810,#642);
#465=LINE('',#2812,#643);
#466=LINE('',#2813,#644);
#467=LINE('',#2818,#645);
#468=LINE('',#2822,#646);
#469=LINE('',#2824,#647);
#470=LINE('',#2825,#648);
#471=LINE('',#2830,#649);
#472=LINE('',#2834,#650);
#473=LINE('',#2836,#651);
#474=LINE('',#2837,#652);
#475=LINE('',#2840,#653);
#476=LINE('',#2842,#654);
#477=LINE('',#2843,#655);
#478=LINE('',#2847,#656);
#479=LINE('',#2849,#657);
#480=LINE('',#2851,#658);
#481=LINE('',#2852,#659);
#482=LINE('',#2855,#660);
#483=LINE('',#2857,#661);
#484=LINE('',#2858,#662);
#485=LINE('',#2863,#663);
#486=LINE('',#2867,#664);
#487=LINE('',#2869,#665);
#488=LINE('',#2871,#666);
#489=LINE('',#2872,#667);
#490=LINE('',#2875,#668);
#491=LINE('',#2877,#669);
#492=LINE('',#2878,#670);
#493=LINE('',#2882,#671);
#494=LINE('',#2884,#672);
#495=LINE('',#2886,#673);
#496=LINE('',#2887,#674);
#497=LINE('',#2890,#675);
#498=LINE('',#2892,#676);
#499=LINE('',#2893,#677);
#500=LINE('',#2898,#678);
#501=LINE('',#2902,#679);
#502=LINE('',#2904,#680);
#503=LINE('',#2905,#681);
#504=LINE('',#2910,#682);
#505=LINE('',#2914,#683);
#506=LINE('',#2916,#684);
#507=LINE('',#2917,#685);
#508=LINE('',#2922,#686);
#509=LINE('',#2926,#687);
#510=LINE('',#2928,#688);
#511=LINE('',#2929,#689);
#512=LINE('',#2934,#690);
#513=LINE('',#2940,#691);
#514=LINE('',#2943,#692);
#515=LINE('',#2946,#693);
#516=LINE('',#2948,#694);
#517=LINE('',#2949,#695);
#518=LINE('',#2954,#696);
#519=LINE('',#2958,#697);
#520=LINE('',#2960,#698);
#521=LINE('',#2961,#699);
#522=LINE('',#2966,#700);
#523=LINE('',#2970,#701);
#524=LINE('',#2972,#702);
#525=LINE('',#2973,#703);
#526=LINE('',#2978,#704);
#527=LINE('',#2982,#705);
#528=LINE('',#2984,#706);
#529=LINE('',#2985,#707);
#530=LINE('',#2988,#708);
#531=LINE('',#2990,#709);
#532=LINE('',#2991,#710);
#533=LINE('',#2995,#711);
#534=LINE('',#2997,#712);
#535=LINE('',#2999,#713);
#536=LINE('',#3000,#714);
#537=LINE('',#3002,#715);
#538=LINE('',#3003,#716);
#539=LINE('',#3005,#717);
#540=LINE('',#3008,#718);
#541=LINE('',#3009,#719);
#542=LINE('',#3011,#720);
#543=LINE('',#3012,#721);
#544=LINE('',#3013,#722);
#545=LINE('',#3015,#723);
#546=LINE('',#3017,#724);
#547=LINE('',#3018,#725);
#548=LINE('',#3020,#726);
#549=LINE('',#3021,#727);
#550=LINE('',#3026,#728);
#551=LINE('',#3033,#729);
#552=LINE('',#3042,#730);
#553=LINE('',#3051,#731);
#554=LINE('',#3059,#732);
#555=LINE('',#3063,#733);
#556=LINE('',#3067,#734);
#557=LINE('',#3071,#735);
#558=LINE('',#3075,#736);
#559=LINE('',#3079,#737);
#560=LINE('',#3084,#738);
#561=LINE('',#3088,#739);
#562=LINE('',#3095,#740);
#563=LINE('',#3102,#741);
#564=LINE('',#3106,#742);
#565=LINE('',#3113,#743);
#566=LINE('',#3116,#744);
#567=LINE('',#3118,#745);
#568=LINE('',#3119,#746);
#569=LINE('',#3125,#747);
#570=LINE('',#3128,#748);
#571=LINE('',#3129,#749);
#572=LINE('',#3131,#750);
#573=LINE('',#3132,#751);
#574=LINE('',#3137,#752);
#575=LINE('',#3140,#753);
#576=LINE('',#3141,#754);
#577=LINE('',#3145,#755);
#578=LINE('',#3149,#756);
#579=LINE('',#3150,#757);
#580=LINE('',#3155,#758);
#581=LINE('',#3157,#759);
#582=LINE('',#3159,#760);
#583=LINE('',#3161,#761);
#584=LINE('',#3163,#762);
#585=VECTOR('',#2085,10.);
#586=VECTOR('',#2086,10.);
#587=VECTOR('',#2087,10.);
#588=VECTOR('',#2088,10.);
#589=VECTOR('',#2091,10.);
#590=VECTOR('',#2092,10.);
#591=VECTOR('',#2093,10.);
#592=VECTOR('',#2094,10.);
#593=VECTOR('',#2099,10.);
#594=VECTOR('',#2102,10.);
#595=VECTOR('',#2103,10.);
#596=VECTOR('',#2104,10.);
#597=VECTOR('',#2105,10.);
#598=VECTOR('',#2112,10.);
#599=VECTOR('',#2115,10.);
#600=VECTOR('',#2118,10.);
#601=VECTOR('',#2121,10.);
#602=VECTOR('',#2124,10.);
#603=VECTOR('',#2147,10.);
#604=VECTOR('',#2148,10.);
#605=VECTOR('',#2149,10.);
#606=VECTOR('',#2150,10.);
#607=VECTOR('',#2151,10.);
#608=VECTOR('',#2156,8.5);
#609=VECTOR('',#2165,7.5);
#610=VECTOR('',#2170,10.);
#611=VECTOR('',#2173,10.);
#612=VECTOR('',#2176,10.);
#613=VECTOR('',#2177,10.);
#614=VECTOR('',#2178,10.);
#615=VECTOR('',#2183,10.);
#616=VECTOR('',#2188,10.);
#617=VECTOR('',#2189,10.);
#618=VECTOR('',#2190,10.);
#619=VECTOR('',#2195,10.);
#620=VECTOR('',#2200,10.);
#621=VECTOR('',#2201,10.);
#622=VECTOR('',#2202,10.);
#623=VECTOR('',#2207,10.);
#624=VECTOR('',#2212,10.);
#625=VECTOR('',#2213,10.);
#626=VECTOR('',#2214,10.);
#627=VECTOR('',#2217,10.);
#628=VECTOR('',#2218,10.);
#629=VECTOR('',#2219,10.);
#630=VECTOR('',#2222,10.);
#631=VECTOR('',#2223,10.);
#632=VECTOR('',#2224,10.);
#633=VECTOR('',#2225,10.);
#634=VECTOR('',#2228,10.);
#635=VECTOR('',#2229,10.);
#636=VECTOR('',#2232,10.);
#637=VECTOR('',#2235,10.);
#638=VECTOR('',#2236,10.);
#639=VECTOR('',#2237,10.);
#640=VECTOR('',#2238,10.);
#641=VECTOR('',#2243,10.);
#642=VECTOR('',#2248,10.);
#643=VECTOR('',#2249,10.);
#644=VECTOR('',#2250,10.);
#645=VECTOR('',#2255,10.);
#646=VECTOR('',#2260,10.);
#647=VECTOR('',#2261,10.);
#648=VECTOR('',#2262,10.);
#649=VECTOR('',#2267,10.);
#650=VECTOR('',#2272,10.);
#651=VECTOR('',#2273,10.);
#652=VECTOR('',#2274,10.);
#653=VECTOR('',#2277,10.);
#654=VECTOR('',#2278,10.);
#655=VECTOR('',#2279,10.);
#656=VECTOR('',#2282,10.);
#657=VECTOR('',#2283,10.);
#658=VECTOR('',#2284,10.);
#659=VECTOR('',#2285,10.);
#660=VECTOR('',#2288,10.);
#661=VECTOR('',#2289,10.);
#662=VECTOR('',#2290,10.);
#663=VECTOR('',#2299,10.);
#664=VECTOR('',#2302,10.);
#665=VECTOR('',#2303,10.);
#666=VECTOR('',#2304,10.);
#667=VECTOR('',#2305,10.);
#668=VECTOR('',#2308,10.);
#669=VECTOR('',#2309,10.);
#670=VECTOR('',#2310,10.);
#671=VECTOR('',#2313,10.);
#672=VECTOR('',#2314,10.);
#673=VECTOR('',#2315,10.);
#674=VECTOR('',#2316,10.);
#675=VECTOR('',#2319,10.);
#676=VECTOR('',#2320,10.);
#677=VECTOR('',#2321,10.);
#678=VECTOR('',#2326,10.);
#679=VECTOR('',#2331,10.);
#680=VECTOR('',#2332,10.);
#681=VECTOR('',#2333,10.);
#682=VECTOR('',#2338,10.);
#683=VECTOR('',#2343,10.);
#684=VECTOR('',#2344,10.);
#685=VECTOR('',#2345,10.);
#686=VECTOR('',#2350,10.);
#687=VECTOR('',#2355,10.);
#688=VECTOR('',#2356,10.);
#689=VECTOR('',#2357,10.);
#690=VECTOR('',#2366,10.);
#691=VECTOR('',#2371,10.);
#692=VECTOR('',#2374,10.);
#693=VECTOR('',#2377,10.);
#694=VECTOR('',#2378,10.);
#695=VECTOR('',#2379,10.);
#696=VECTOR('',#2384,10.);
#697=VECTOR('',#2389,10.);
#698=VECTOR('',#2390,10.);
#699=VECTOR('',#2391,10.);
#700=VECTOR('',#2396,10.);
#701=VECTOR('',#2401,10.);
#702=VECTOR('',#2402,10.);
#703=VECTOR('',#2403,10.);
#704=VECTOR('',#2408,10.);
#705=VECTOR('',#2413,10.);
#706=VECTOR('',#2414,10.);
#707=VECTOR('',#2415,10.);
#708=VECTOR('',#2418,10.);
#709=VECTOR('',#2419,10.);
#710=VECTOR('',#2420,10.);
#711=VECTOR('',#2423,10.);
#712=VECTOR('',#2424,10.);
#713=VECTOR('',#2425,10.);
#714=VECTOR('',#2426,10.);
#715=VECTOR('',#2429,10.);
#716=VECTOR('',#2430,10.);
#717=VECTOR('',#2433,10.);
#718=VECTOR('',#2436,10.);
#719=VECTOR('',#2437,10.);
#720=VECTOR('',#2438,10.);
#721=VECTOR('',#2439,10.);
#722=VECTOR('',#2440,10.);
#723=VECTOR('',#2443,10.);
#724=VECTOR('',#2444,10.);
#725=VECTOR('',#2445,10.);
#726=VECTOR('',#2446,10.);
#727=VECTOR('',#2447,10.);
#728=VECTOR('',#2452,9.05);
#729=VECTOR('',#2461,4.3);
#730=VECTOR('',#2472,4.3);
#731=VECTOR('',#2483,4.3);
#732=VECTOR('',#2494,1.25);
#733=VECTOR('',#2499,1.25);
#734=VECTOR('',#2504,1.25);
#735=VECTOR('',#2509,1.25);
#736=VECTOR('',#2514,0.800000000000001);
#737=VECTOR('',#2519,0.800000000000001);
#738=VECTOR('',#2524,0.800000000000001);
#739=VECTOR('',#2529,3.);
#740=VECTOR('',#2538,3.);
#741=VECTOR('',#2547,1.55);
#742=VECTOR('',#2552,1.55);
#743=VECTOR('',#2561,10.);
#744=VECTOR('',#2564,10.);
#745=VECTOR('',#2565,10.);
#746=VECTOR('',#2566,10.);
#747=VECTOR('',#2573,10.);
#748=VECTOR('',#2576,10.);
#749=VECTOR('',#2577,10.);
#750=VECTOR('',#2578,10.);
#751=VECTOR('',#2579,10.);
#752=VECTOR('',#2584,10.);
#753=VECTOR('',#2589,10.);
#754=VECTOR('',#2590,10.);
#755=VECTOR('',#2595,10.);
#756=VECTOR('',#2600,10.);
#757=VECTOR('',#2601,10.);
#758=VECTOR('',#2610,4.75);
#759=VECTOR('',#2613,4.75);
#760=VECTOR('',#2616,4.75);
#761=VECTOR('',#2619,10.);
#762=VECTOR('',#2622,10.);
#763=VERTEX_POINT('',#2630);
#764=VERTEX_POINT('',#2631);
#765=VERTEX_POINT('',#2633);
#766=VERTEX_POINT('',#2635);
#767=VERTEX_POINT('',#2639);
#768=VERTEX_POINT('',#2640);
#769=VERTEX_POINT('',#2642);
#770=VERTEX_POINT('',#2644);
#771=VERTEX_POINT('',#2651);
#772=VERTEX_POINT('',#2652);
#773=VERTEX_POINT('',#2654);
#774=VERTEX_POINT('',#2656);
#775=VERTEX_POINT('',#2659);
#776=VERTEX_POINT('',#2661);
#777=VERTEX_POINT('',#2663);
#778=VERTEX_POINT('',#2665);
#779=VERTEX_POINT('',#2667);
#780=VERTEX_POINT('',#2669);
#781=VERTEX_POINT('',#2671);
#782=VERTEX_POINT('',#2673);
#783=VERTEX_POINT('',#2675);
#784=VERTEX_POINT('',#2677);
#785=VERTEX_POINT('',#2679);
#786=VERTEX_POINT('',#2682);
#787=VERTEX_POINT('',#2685);
#788=VERTEX_POINT('',#2687);
#789=VERTEX_POINT('',#2689);
#790=VERTEX_POINT('',#2691);
#791=VERTEX_POINT('',#2693);
#792=VERTEX_POINT('',#2695);
#793=VERTEX_POINT('',#2697);
#794=VERTEX_POINT('',#2699);
#795=VERTEX_POINT('',#2702);
#796=VERTEX_POINT('',#2704);
#797=VERTEX_POINT('',#2706);
#798=VERTEX_POINT('',#2708);
#799=VERTEX_POINT('',#2712);
#800=VERTEX_POINT('',#2714);
#801=VERTEX_POINT('',#2718);
#802=VERTEX_POINT('',#2723);
#803=VERTEX_POINT('',#2724);
#804=VERTEX_POINT('',#2726);
#805=VERTEX_POINT('',#2728);
#806=VERTEX_POINT('',#2732);
#807=VERTEX_POINT('',#2734);
#808=VERTEX_POINT('',#2738);
#809=VERTEX_POINT('',#2740);
#810=VERTEX_POINT('',#2744);
#811=VERTEX_POINT('',#2746);
#812=VERTEX_POINT('',#2750);
#813=VERTEX_POINT('',#2752);
#814=VERTEX_POINT('',#2756);
#815=VERTEX_POINT('',#2758);
#816=VERTEX_POINT('',#2762);
#817=VERTEX_POINT('',#2764);
#818=VERTEX_POINT('',#2768);
#819=VERTEX_POINT('',#2770);
#820=VERTEX_POINT('',#2774);
#821=VERTEX_POINT('',#2776);
#822=VERTEX_POINT('',#2780);
#823=VERTEX_POINT('',#2781);
#824=VERTEX_POINT('',#2783);
#825=VERTEX_POINT('',#2785);
#826=VERTEX_POINT('',#2794);
#827=VERTEX_POINT('',#2795);
#828=VERTEX_POINT('',#2797);
#829=VERTEX_POINT('',#2799);
#830=VERTEX_POINT('',#2803);
#831=VERTEX_POINT('',#2805);
#832=VERTEX_POINT('',#2809);
#833=VERTEX_POINT('',#2811);
#834=VERTEX_POINT('',#2815);
#835=VERTEX_POINT('',#2817);
#836=VERTEX_POINT('',#2821);
#837=VERTEX_POINT('',#2823);
#838=VERTEX_POINT('',#2827);
#839=VERTEX_POINT('',#2829);
#840=VERTEX_POINT('',#2833);
#841=VERTEX_POINT('',#2835);
#842=VERTEX_POINT('',#2839);
#843=VERTEX_POINT('',#2841);
#844=VERTEX_POINT('',#2845);
#845=VERTEX_POINT('',#2846);
#846=VERTEX_POINT('',#2848);
#847=VERTEX_POINT('',#2850);
#848=VERTEX_POINT('',#2854);
#849=VERTEX_POINT('',#2856);
#850=VERTEX_POINT('',#2865);
#851=VERTEX_POINT('',#2866);
#852=VERTEX_POINT('',#2868);
#853=VERTEX_POINT('',#2870);
#854=VERTEX_POINT('',#2874);
#855=VERTEX_POINT('',#2876);
#856=VERTEX_POINT('',#2880);
#857=VERTEX_POINT('',#2881);
#858=VERTEX_POINT('',#2883);
#859=VERTEX_POINT('',#2885);
#860=VERTEX_POINT('',#2889);
#861=VERTEX_POINT('',#2891);
#862=VERTEX_POINT('',#2895);
#863=VERTEX_POINT('',#2897);
#864=VERTEX_POINT('',#2901);
#865=VERTEX_POINT('',#2903);
#866=VERTEX_POINT('',#2907);
#867=VERTEX_POINT('',#2909);
#868=VERTEX_POINT('',#2913);
#869=VERTEX_POINT('',#2915);
#870=VERTEX_POINT('',#2919);
#871=VERTEX_POINT('',#2921);
#872=VERTEX_POINT('',#2925);
#873=VERTEX_POINT('',#2927);
#874=VERTEX_POINT('',#2936);
#875=VERTEX_POINT('',#2937);
#876=VERTEX_POINT('',#2939);
#877=VERTEX_POINT('',#2941);
#878=VERTEX_POINT('',#2945);
#879=VERTEX_POINT('',#2947);
#880=VERTEX_POINT('',#2951);
#881=VERTEX_POINT('',#2953);
#882=VERTEX_POINT('',#2957);
#883=VERTEX_POINT('',#2959);
#884=VERTEX_POINT('',#2963);
#885=VERTEX_POINT('',#2965);
#886=VERTEX_POINT('',#2969);
#887=VERTEX_POINT('',#2971);
#888=VERTEX_POINT('',#2975);
#889=VERTEX_POINT('',#2977);
#890=VERTEX_POINT('',#2981);
#891=VERTEX_POINT('',#2983);
#892=VERTEX_POINT('',#2987);
#893=VERTEX_POINT('',#2989);
#894=VERTEX_POINT('',#2993);
#895=VERTEX_POINT('',#2994);
#896=VERTEX_POINT('',#2996);
#897=VERTEX_POINT('',#2998);
#898=VERTEX_POINT('',#3007);
#899=VERTEX_POINT('',#3010);
#900=VERTEX_POINT('',#3016);
#901=VERTEX_POINT('',#3019);
#902=VERTEX_POINT('',#3023);
#903=VERTEX_POINT('',#3025);
#904=VERTEX_POINT('',#3030);
#905=VERTEX_POINT('',#3032);
#906=VERTEX_POINT('',#3036);
#907=VERTEX_POINT('',#3039);
#908=VERTEX_POINT('',#3041);
#909=VERTEX_POINT('',#3045);
#910=VERTEX_POINT('',#3048);
#911=VERTEX_POINT('',#3050);
#912=VERTEX_POINT('',#3054);
#913=VERTEX_POINT('',#3057);
#914=VERTEX_POINT('',#3061);
#915=VERTEX_POINT('',#3065);
#916=VERTEX_POINT('',#3069);
#917=VERTEX_POINT('',#3073);
#918=VERTEX_POINT('',#3077);
#919=VERTEX_POINT('',#3081);
#920=VERTEX_POINT('',#3083);
#921=VERTEX_POINT('',#3087);
#922=VERTEX_POINT('',#3091);
#923=VERTEX_POINT('',#3094);
#924=VERTEX_POINT('',#3098);
#925=VERTEX_POINT('',#3101);
#926=VERTEX_POINT('',#3105);
#927=VERTEX_POINT('',#3109);
#928=VERTEX_POINT('',#3111);
#929=VERTEX_POINT('',#3115);
#930=VERTEX_POINT('',#3117);
#931=VERTEX_POINT('',#3121);
#932=VERTEX_POINT('',#3123);
#933=VERTEX_POINT('',#3127);
#934=VERTEX_POINT('',#3130);
#935=VERTEX_POINT('',#3134);
#936=VERTEX_POINT('',#3136);
#937=VERTEX_POINT('',#3144);
#938=VERTEX_POINT('',#3148);
#939=EDGE_CURVE('',#763,#764,#407,.T.);
#940=EDGE_CURVE('',#763,#765,#408,.T.);
#941=EDGE_CURVE('',#766,#765,#409,.T.);
#942=EDGE_CURVE('',#764,#766,#410,.T.);
#943=EDGE_CURVE('',#767,#768,#411,.T.);
#944=EDGE_CURVE('',#769,#767,#412,.T.);
#945=EDGE_CURVE('',#770,#769,#413,.T.);
#946=EDGE_CURVE('',#770,#768,#414,.T.);
#947=EDGE_CURVE('',#768,#763,#95,.T.);
#948=EDGE_CURVE('',#765,#770,#415,.T.);
#949=EDGE_CURVE('',#771,#772,#416,.T.);
#950=EDGE_CURVE('',#772,#773,#417,.T.);
#951=EDGE_CURVE('',#773,#774,#418,.T.);
#952=EDGE_CURVE('',#774,#771,#419,.T.);
#953=EDGE_CURVE('',#775,#775,#96,.T.);
#954=EDGE_CURVE('',#776,#776,#97,.T.);
#955=EDGE_CURVE('',#777,#777,#98,.T.);
#956=EDGE_CURVE('',#766,#778,#420,.T.);
#957=EDGE_CURVE('',#778,#779,#99,.T.);
#958=EDGE_CURVE('',#779,#780,#421,.T.);
#959=EDGE_CURVE('',#780,#781,#100,.T.);
#960=EDGE_CURVE('',#781,#782,#422,.T.);
#961=EDGE_CURVE('',#782,#783,#101,.T.);
#962=EDGE_CURVE('',#783,#784,#423,.T.);
#963=EDGE_CURVE('',#784,#785,#102,.T.);
#964=EDGE_CURVE('',#785,#769,#424,.T.);
#965=EDGE_CURVE('',#767,#786,#103,.T.);
#966=EDGE_CURVE('',#786,#764,#104,.T.);
#967=EDGE_CURVE('',#787,#787,#105,.T.);
#968=EDGE_CURVE('',#788,#788,#106,.T.);
#969=EDGE_CURVE('',#789,#789,#107,.T.);
#970=EDGE_CURVE('',#790,#790,#108,.T.);
#971=EDGE_CURVE('',#791,#791,#109,.T.);
#972=EDGE_CURVE('',#792,#792,#110,.T.);
#973=EDGE_CURVE('',#793,#793,#111,.T.);
#974=EDGE_CURVE('',#794,#794,#112,.T.);
#975=EDGE_CURVE('',#785,#795,#425,.T.);
#976=EDGE_CURVE('',#795,#796,#426,.T.);
#977=EDGE_CURVE('',#796,#797,#427,.T.);
#978=EDGE_CURVE('',#798,#797,#428,.T.);
#979=EDGE_CURVE('',#778,#798,#429,.T.);
#980=EDGE_CURVE('',#799,#799,#113,.T.);
#981=EDGE_CURVE('',#799,#800,#430,.T.);
#982=EDGE_CURVE('',#800,#800,#114,.T.);
#983=EDGE_CURVE('',#801,#801,#115,.T.);
#984=EDGE_CURVE('',#786,#801,#431,.T.);
#985=EDGE_CURVE('',#802,#803,#116,.T.);
#986=EDGE_CURVE('',#802,#804,#432,.T.);
#987=EDGE_CURVE('',#804,#805,#117,.T.);
#988=EDGE_CURVE('',#803,#805,#433,.T.);
#989=EDGE_CURVE('',#806,#802,#434,.T.);
#990=EDGE_CURVE('',#806,#807,#435,.T.);
#991=EDGE_CURVE('',#807,#804,#436,.T.);
#992=EDGE_CURVE('',#808,#806,#118,.T.);
#993=EDGE_CURVE('',#808,#809,#437,.T.);
#994=EDGE_CURVE('',#809,#807,#119,.T.);
#995=EDGE_CURVE('',#810,#808,#438,.T.);
#996=EDGE_CURVE('',#810,#811,#439,.T.);
#997=EDGE_CURVE('',#811,#809,#440,.T.);
#998=EDGE_CURVE('',#812,#810,#120,.T.);
#999=EDGE_CURVE('',#812,#813,#441,.T.);
#1000=EDGE_CURVE('',#813,#811,#121,.T.);
#1001=EDGE_CURVE('',#814,#812,#442,.T.);
#1002=EDGE_CURVE('',#814,#815,#443,.T.);
#1003=EDGE_CURVE('',#815,#813,#444,.T.);
#1004=EDGE_CURVE('',#816,#814,#122,.T.);
#1005=EDGE_CURVE('',#816,#817,#445,.T.);
#1006=EDGE_CURVE('',#817,#815,#123,.T.);
#1007=EDGE_CURVE('',#818,#816,#446,.T.);
#1008=EDGE_CURVE('',#818,#819,#447,.T.);
#1009=EDGE_CURVE('',#819,#817,#448,.T.);
#1010=EDGE_CURVE('',#820,#818,#449,.T.);
#1011=EDGE_CURVE('',#821,#820,#450,.T.);
#1012=EDGE_CURVE('',#821,#819,#451,.T.);
#1013=EDGE_CURVE('',#822,#823,#452,.T.);
#1014=EDGE_CURVE('',#822,#824,#453,.T.);
#1015=EDGE_CURVE('',#824,#825,#454,.T.);
#1016=EDGE_CURVE('',#823,#825,#455,.T.);
#1017=EDGE_CURVE('',#803,#822,#456,.T.);
#1018=EDGE_CURVE('',#805,#824,#457,.T.);
#1019=EDGE_CURVE('',#825,#821,#458,.T.);
#1020=EDGE_CURVE('',#826,#827,#459,.T.);
#1021=EDGE_CURVE('',#826,#828,#460,.T.);
#1022=EDGE_CURVE('',#828,#829,#461,.T.);
#1023=EDGE_CURVE('',#827,#829,#462,.T.);
#1024=EDGE_CURVE('',#830,#826,#124,.T.);
#1025=EDGE_CURVE('',#830,#831,#463,.T.);
#1026=EDGE_CURVE('',#831,#828,#125,.T.);
#1027=EDGE_CURVE('',#832,#830,#464,.T.);
#1028=EDGE_CURVE('',#832,#833,#465,.T.);
#1029=EDGE_CURVE('',#833,#831,#466,.T.);
#1030=EDGE_CURVE('',#834,#832,#126,.T.);
#1031=EDGE_CURVE('',#834,#835,#467,.T.);
#1032=EDGE_CURVE('',#835,#833,#127,.T.);
#1033=EDGE_CURVE('',#836,#834,#468,.T.);
#1034=EDGE_CURVE('',#836,#837,#469,.T.);
#1035=EDGE_CURVE('',#837,#835,#470,.T.);
#1036=EDGE_CURVE('',#838,#836,#128,.T.);
#1037=EDGE_CURVE('',#838,#839,#471,.T.);
#1038=EDGE_CURVE('',#839,#837,#129,.T.);
#1039=EDGE_CURVE('',#840,#838,#472,.T.);
#1040=EDGE_CURVE('',#840,#841,#473,.T.);
#1041=EDGE_CURVE('',#841,#839,#474,.T.);
#1042=EDGE_CURVE('',#842,#840,#475,.T.);
#1043=EDGE_CURVE('',#843,#842,#476,.T.);
#1044=EDGE_CURVE('',#843,#841,#477,.T.);
#1045=EDGE_CURVE('',#844,#845,#478,.T.);
#1046=EDGE_CURVE('',#844,#846,#479,.T.);
#1047=EDGE_CURVE('',#846,#847,#480,.T.);
#1048=EDGE_CURVE('',#845,#847,#481,.T.);
#1049=EDGE_CURVE('',#848,#844,#482,.T.);
#1050=EDGE_CURVE('',#848,#849,#483,.T.);
#1051=EDGE_CURVE('',#849,#846,#484,.T.);
#1052=EDGE_CURVE('',#827,#848,#130,.T.);
#1053=EDGE_CURVE('',#829,#849,#131,.T.);
#1054=EDGE_CURVE('',#847,#843,#485,.T.);
#1055=EDGE_CURVE('',#850,#851,#486,.T.);
#1056=EDGE_CURVE('',#850,#852,#487,.T.);
#1057=EDGE_CURVE('',#852,#853,#488,.T.);
#1058=EDGE_CURVE('',#851,#853,#489,.T.);
#1059=EDGE_CURVE('',#854,#850,#490,.T.);
#1060=EDGE_CURVE('',#855,#854,#491,.T.);
#1061=EDGE_CURVE('',#855,#852,#492,.T.);
#1062=EDGE_CURVE('',#856,#857,#493,.T.);
#1063=EDGE_CURVE('',#856,#858,#494,.T.);
#1064=EDGE_CURVE('',#858,#859,#495,.T.);
#1065=EDGE_CURVE('',#857,#859,#496,.T.);
#1066=EDGE_CURVE('',#860,#856,#497,.T.);
#1067=EDGE_CURVE('',#860,#861,#498,.T.);
#1068=EDGE_CURVE('',#861,#858,#499,.T.);
#1069=EDGE_CURVE('',#862,#860,#132,.T.);
#1070=EDGE_CURVE('',#862,#863,#500,.T.);
#1071=EDGE_CURVE('',#863,#861,#133,.T.);
#1072=EDGE_CURVE('',#864,#862,#501,.T.);
#1073=EDGE_CURVE('',#864,#865,#502,.T.);
#1074=EDGE_CURVE('',#865,#863,#503,.T.);
#1075=EDGE_CURVE('',#866,#864,#134,.T.);
#1076=EDGE_CURVE('',#866,#867,#504,.T.);
#1077=EDGE_CURVE('',#867,#865,#135,.T.);
#1078=EDGE_CURVE('',#868,#866,#505,.T.);
#1079=EDGE_CURVE('',#868,#869,#506,.T.);
#1080=EDGE_CURVE('',#869,#867,#507,.T.);
#1081=EDGE_CURVE('',#870,#868,#136,.T.);
#1082=EDGE_CURVE('',#870,#871,#508,.T.);
#1083=EDGE_CURVE('',#871,#869,#137,.T.);
#1084=EDGE_CURVE('',#872,#870,#509,.T.);
#1085=EDGE_CURVE('',#872,#873,#510,.T.);
#1086=EDGE_CURVE('',#873,#871,#511,.T.);
#1087=EDGE_CURVE('',#851,#872,#138,.T.);
#1088=EDGE_CURVE('',#853,#873,#139,.T.);
#1089=EDGE_CURVE('',#859,#855,#512,.T.);
#1090=EDGE_CURVE('',#874,#875,#140,.T.);
#1091=EDGE_CURVE('',#874,#876,#513,.T.);
#1092=EDGE_CURVE('',#876,#877,#141,.T.);
#1093=EDGE_CURVE('',#875,#877,#514,.T.);
#1094=EDGE_CURVE('',#878,#874,#515,.T.);
#1095=EDGE_CURVE('',#878,#879,#516,.T.);
#1096=EDGE_CURVE('',#879,#876,#517,.T.);
#1097=EDGE_CURVE('',#880,#878,#142,.T.);
#1098=EDGE_CURVE('',#880,#881,#518,.T.);
#1099=EDGE_CURVE('',#881,#879,#143,.T.);
#1100=EDGE_CURVE('',#882,#880,#519,.T.);
#1101=EDGE_CURVE('',#882,#883,#520,.T.);
#1102=EDGE_CURVE('',#883,#881,#521,.T.);
#1103=EDGE_CURVE('',#884,#882,#144,.T.);
#1104=EDGE_CURVE('',#884,#885,#522,.T.);
#1105=EDGE_CURVE('',#885,#883,#145,.T.);
#1106=EDGE_CURVE('',#886,#884,#523,.T.);
#1107=EDGE_CURVE('',#886,#887,#524,.T.);
#1108=EDGE_CURVE('',#887,#885,#525,.T.);
#1109=EDGE_CURVE('',#888,#886,#146,.T.);
#1110=EDGE_CURVE('',#888,#889,#526,.T.);
#1111=EDGE_CURVE('',#889,#887,#147,.T.);
#1112=EDGE_CURVE('',#890,#888,#527,.T.);
#1113=EDGE_CURVE('',#890,#891,#528,.T.);
#1114=EDGE_CURVE('',#891,#889,#529,.T.);
#1115=EDGE_CURVE('',#892,#890,#530,.T.);
#1116=EDGE_CURVE('',#893,#892,#531,.T.);
#1117=EDGE_CURVE('',#893,#891,#532,.T.);
#1118=EDGE_CURVE('',#894,#895,#533,.T.);
#1119=EDGE_CURVE('',#894,#896,#534,.T.);
#1120=EDGE_CURVE('',#896,#897,#535,.T.);
#1121=EDGE_CURVE('',#895,#897,#536,.T.);
#1122=EDGE_CURVE('',#875,#894,#537,.T.);
#1123=EDGE_CURVE('',#877,#896,#538,.T.);
#1124=EDGE_CURVE('',#897,#893,#539,.T.);
#1125=EDGE_CURVE('',#898,#820,#540,.T.);
#1126=EDGE_CURVE('',#898,#773,#541,.T.);
#1127=EDGE_CURVE('',#899,#772,#542,.T.);
#1128=EDGE_CURVE('',#857,#899,#543,.T.);
#1129=EDGE_CURVE('',#823,#854,#544,.T.);
#1130=EDGE_CURVE('',#895,#842,#545,.T.);
#1131=EDGE_CURVE('',#900,#892,#546,.T.);
#1132=EDGE_CURVE('',#900,#771,#547,.T.);
#1133=EDGE_CURVE('',#901,#774,#548,.T.);
#1134=EDGE_CURVE('',#845,#901,#549,.T.);
#1135=EDGE_CURVE('',#902,#902,#148,.T.);
#1136=EDGE_CURVE('',#902,#903,#550,.T.);
#1137=EDGE_CURVE('',#903,#903,#149,.T.);
#1138=EDGE_CURVE('',#904,#904,#150,.T.);
#1139=EDGE_CURVE('',#904,#905,#551,.T.);
#1140=EDGE_CURVE('',#905,#905,#151,.T.);
#1141=EDGE_CURVE('',#906,#906,#152,.T.);
#1142=EDGE_CURVE('',#907,#907,#153,.T.);
#1143=EDGE_CURVE('',#907,#908,#552,.T.);
#1144=EDGE_CURVE('',#908,#908,#154,.T.);
#1145=EDGE_CURVE('',#909,#909,#155,.T.);
#1146=EDGE_CURVE('',#910,#910,#156,.T.);
#1147=EDGE_CURVE('',#910,#911,#553,.T.);
#1148=EDGE_CURVE('',#911,#911,#157,.T.);
#1149=EDGE_CURVE('',#912,#912,#158,.T.);
#1150=EDGE_CURVE('',#913,#913,#159,.T.);
#1151=EDGE_CURVE('',#913,#794,#554,.T.);
#1152=EDGE_CURVE('',#914,#914,#160,.T.);
#1153=EDGE_CURVE('',#914,#793,#555,.T.);
#1154=EDGE_CURVE('',#915,#915,#161,.T.);
#1155=EDGE_CURVE('',#915,#792,#556,.T.);
#1156=EDGE_CURVE('',#916,#916,#162,.T.);
#1157=EDGE_CURVE('',#916,#791,#557,.T.);
#1158=EDGE_CURVE('',#917,#917,#163,.T.);
#1159=EDGE_CURVE('',#917,#790,#558,.T.);
#1160=EDGE_CURVE('',#918,#918,#164,.T.);
#1161=EDGE_CURVE('',#918,#789,#559,.T.);
#1162=EDGE_CURVE('',#919,#919,#165,.T.);
#1163=EDGE_CURVE('',#919,#920,#560,.T.);
#1164=EDGE_CURVE('',#920,#920,#166,.T.);
#1165=EDGE_CURVE('',#788,#921,#561,.T.);
#1166=EDGE_CURVE('',#921,#921,#167,.T.);
#1167=EDGE_CURVE('',#922,#922,#168,.T.);
#1168=EDGE_CURVE('',#787,#923,#562,.T.);
#1169=EDGE_CURVE('',#923,#923,#169,.T.);
#1170=EDGE_CURVE('',#924,#924,#170,.T.);
#1171=EDGE_CURVE('',#922,#925,#563,.T.);
#1172=EDGE_CURVE('',#925,#925,#171,.T.);
#1173=EDGE_CURVE('',#924,#926,#564,.T.);
#1174=EDGE_CURVE('',#926,#926,#172,.T.);
#1175=EDGE_CURVE('',#797,#927,#173,.T.);
#1176=EDGE_CURVE('',#928,#796,#174,.T.);
#1177=EDGE_CURVE('',#928,#927,#565,.T.);
#1178=EDGE_CURVE('',#927,#929,#566,.T.);
#1179=EDGE_CURVE('',#930,#928,#567,.T.);
#1180=EDGE_CURVE('',#930,#929,#568,.T.);
#1181=EDGE_CURVE('',#929,#931,#175,.T.);
#1182=EDGE_CURVE('',#932,#930,#176,.T.);
#1183=EDGE_CURVE('',#932,#931,#569,.T.);
#1184=EDGE_CURVE('',#932,#933,#570,.T.);
#1185=EDGE_CURVE('',#782,#933,#571,.T.);
#1186=EDGE_CURVE('',#781,#934,#572,.T.);
#1187=EDGE_CURVE('',#931,#934,#573,.T.);
#1188=EDGE_CURVE('',#935,#795,#177,.T.);
#1189=EDGE_CURVE('',#936,#935,#574,.T.);
#1190=EDGE_CURVE('',#933,#936,#178,.T.);
#1191=EDGE_CURVE('',#783,#936,#575,.T.);
#1192=EDGE_CURVE('',#784,#935,#576,.T.);
#1193=EDGE_CURVE('',#780,#937,#577,.T.);
#1194=EDGE_CURVE('',#934,#937,#179,.T.);
#1195=EDGE_CURVE('',#779,#938,#578,.T.);
#1196=EDGE_CURVE('',#937,#938,#579,.T.);
#1197=EDGE_CURVE('',#938,#798,#180,.T.);
#1198=EDGE_CURVE('',#775,#906,#580,.T.);
#1199=EDGE_CURVE('',#776,#909,#581,.T.);
#1200=EDGE_CURVE('',#777,#912,#582,.T.);
#1201=EDGE_CURVE('',#901,#898,#583,.T.);
#1202=EDGE_CURVE('',#899,#900,#584,.T.);
#1203=ORIENTED_EDGE('',*,*,#939,.F.);
#1204=ORIENTED_EDGE('',*,*,#940,.T.);
#1205=ORIENTED_EDGE('',*,*,#941,.F.);
#1206=ORIENTED_EDGE('',*,*,#942,.F.);
#1207=ORIENTED_EDGE('',*,*,#943,.F.);
#1208=ORIENTED_EDGE('',*,*,#944,.F.);
#1209=ORIENTED_EDGE('',*,*,#945,.F.);
#1210=ORIENTED_EDGE('',*,*,#946,.T.);
#1211=ORIENTED_EDGE('',*,*,#947,.F.);
#1212=ORIENTED_EDGE('',*,*,#946,.F.);
#1213=ORIENTED_EDGE('',*,*,#948,.F.);
#1214=ORIENTED_EDGE('',*,*,#940,.F.);
#1215=ORIENTED_EDGE('',*,*,#949,.T.);
#1216=ORIENTED_EDGE('',*,*,#950,.T.);
#1217=ORIENTED_EDGE('',*,*,#951,.T.);
#1218=ORIENTED_EDGE('',*,*,#952,.T.);
#1219=ORIENTED_EDGE('',*,*,#953,.T.);
#1220=ORIENTED_EDGE('',*,*,#954,.T.);
#1221=ORIENTED_EDGE('',*,*,#955,.T.);
#1222=ORIENTED_EDGE('',*,*,#942,.T.);
#1223=ORIENTED_EDGE('',*,*,#956,.T.);
#1224=ORIENTED_EDGE('',*,*,#957,.T.);
#1225=ORIENTED_EDGE('',*,*,#958,.T.);
#1226=ORIENTED_EDGE('',*,*,#959,.T.);
#1227=ORIENTED_EDGE('',*,*,#960,.T.);
#1228=ORIENTED_EDGE('',*,*,#961,.T.);
#1229=ORIENTED_EDGE('',*,*,#962,.T.);
#1230=ORIENTED_EDGE('',*,*,#963,.T.);
#1231=ORIENTED_EDGE('',*,*,#964,.T.);
#1232=ORIENTED_EDGE('',*,*,#944,.T.);
#1233=ORIENTED_EDGE('',*,*,#965,.T.);
#1234=ORIENTED_EDGE('',*,*,#966,.T.);
#1235=ORIENTED_EDGE('',*,*,#967,.T.);
#1236=ORIENTED_EDGE('',*,*,#968,.T.);
#1237=ORIENTED_EDGE('',*,*,#969,.T.);
#1238=ORIENTED_EDGE('',*,*,#970,.T.);
#1239=ORIENTED_EDGE('',*,*,#971,.T.);
#1240=ORIENTED_EDGE('',*,*,#972,.T.);
#1241=ORIENTED_EDGE('',*,*,#973,.T.);
#1242=ORIENTED_EDGE('',*,*,#974,.T.);
#1243=ORIENTED_EDGE('',*,*,#941,.T.);
#1244=ORIENTED_EDGE('',*,*,#948,.T.);
#1245=ORIENTED_EDGE('',*,*,#945,.T.);
#1246=ORIENTED_EDGE('',*,*,#964,.F.);
#1247=ORIENTED_EDGE('',*,*,#975,.T.);
#1248=ORIENTED_EDGE('',*,*,#976,.T.);
#1249=ORIENTED_EDGE('',*,*,#977,.T.);
#1250=ORIENTED_EDGE('',*,*,#978,.F.);
#1251=ORIENTED_EDGE('',*,*,#979,.F.);
#1252=ORIENTED_EDGE('',*,*,#956,.F.);
#1253=ORIENTED_EDGE('',*,*,#980,.T.);
#1254=ORIENTED_EDGE('',*,*,#981,.T.);
#1255=ORIENTED_EDGE('',*,*,#982,.T.);
#1256=ORIENTED_EDGE('',*,*,#981,.F.);
#1257=ORIENTED_EDGE('',*,*,#982,.F.);
#1258=ORIENTED_EDGE('',*,*,#983,.F.);
#1259=ORIENTED_EDGE('',*,*,#939,.T.);
#1260=ORIENTED_EDGE('',*,*,#966,.F.);
#1261=ORIENTED_EDGE('',*,*,#984,.T.);
#1262=ORIENTED_EDGE('',*,*,#983,.T.);
#1263=ORIENTED_EDGE('',*,*,#984,.F.);
#1264=ORIENTED_EDGE('',*,*,#965,.F.);
#1265=ORIENTED_EDGE('',*,*,#943,.T.);
#1266=ORIENTED_EDGE('',*,*,#947,.T.);
#1267=ORIENTED_EDGE('',*,*,#985,.F.);
#1268=ORIENTED_EDGE('',*,*,#986,.T.);
#1269=ORIENTED_EDGE('',*,*,#987,.T.);
#1270=ORIENTED_EDGE('',*,*,#988,.F.);
#1271=ORIENTED_EDGE('',*,*,#989,.F.);
#1272=ORIENTED_EDGE('',*,*,#990,.T.);
#1273=ORIENTED_EDGE('',*,*,#991,.T.);
#1274=ORIENTED_EDGE('',*,*,#986,.F.);
#1275=ORIENTED_EDGE('',*,*,#992,.F.);
#1276=ORIENTED_EDGE('',*,*,#993,.T.);
#1277=ORIENTED_EDGE('',*,*,#994,.T.);
#1278=ORIENTED_EDGE('',*,*,#990,.F.);
#1279=ORIENTED_EDGE('',*,*,#995,.F.);
#1280=ORIENTED_EDGE('',*,*,#996,.T.);
#1281=ORIENTED_EDGE('',*,*,#997,.T.);
#1282=ORIENTED_EDGE('',*,*,#993,.F.);
#1283=ORIENTED_EDGE('',*,*,#998,.F.);
#1284=ORIENTED_EDGE('',*,*,#999,.T.);
#1285=ORIENTED_EDGE('',*,*,#1000,.T.);
#1286=ORIENTED_EDGE('',*,*,#996,.F.);
#1287=ORIENTED_EDGE('',*,*,#1001,.F.);
#1288=ORIENTED_EDGE('',*,*,#1002,.T.);
#1289=ORIENTED_EDGE('',*,*,#1003,.T.);
#1290=ORIENTED_EDGE('',*,*,#999,.F.);
#1291=ORIENTED_EDGE('',*,*,#1004,.F.);
#1292=ORIENTED_EDGE('',*,*,#1005,.T.);
#1293=ORIENTED_EDGE('',*,*,#1006,.T.);
#1294=ORIENTED_EDGE('',*,*,#1002,.F.);
#1295=ORIENTED_EDGE('',*,*,#1007,.F.);
#1296=ORIENTED_EDGE('',*,*,#1008,.T.);
#1297=ORIENTED_EDGE('',*,*,#1009,.T.);
#1298=ORIENTED_EDGE('',*,*,#1005,.F.);
#1299=ORIENTED_EDGE('',*,*,#1010,.F.);
#1300=ORIENTED_EDGE('',*,*,#1011,.F.);
#1301=ORIENTED_EDGE('',*,*,#1012,.T.);
#1302=ORIENTED_EDGE('',*,*,#1008,.F.);
#1303=ORIENTED_EDGE('',*,*,#1013,.F.);
#1304=ORIENTED_EDGE('',*,*,#1014,.T.);
#1305=ORIENTED_EDGE('',*,*,#1015,.T.);
#1306=ORIENTED_EDGE('',*,*,#1016,.F.);
#1307=ORIENTED_EDGE('',*,*,#1017,.F.);
#1308=ORIENTED_EDGE('',*,*,#988,.T.);
#1309=ORIENTED_EDGE('',*,*,#1018,.T.);
#1310=ORIENTED_EDGE('',*,*,#1014,.F.);
#1311=ORIENTED_EDGE('',*,*,#1018,.F.);
#1312=ORIENTED_EDGE('',*,*,#987,.F.);
#1313=ORIENTED_EDGE('',*,*,#991,.F.);
#1314=ORIENTED_EDGE('',*,*,#994,.F.);
#1315=ORIENTED_EDGE('',*,*,#997,.F.);
#1316=ORIENTED_EDGE('',*,*,#1000,.F.);
#1317=ORIENTED_EDGE('',*,*,#1003,.F.);
#1318=ORIENTED_EDGE('',*,*,#1006,.F.);
#1319=ORIENTED_EDGE('',*,*,#1009,.F.);
#1320=ORIENTED_EDGE('',*,*,#1012,.F.);
#1321=ORIENTED_EDGE('',*,*,#1019,.F.);
#1322=ORIENTED_EDGE('',*,*,#1015,.F.);
#1323=ORIENTED_EDGE('',*,*,#1020,.F.);
#1324=ORIENTED_EDGE('',*,*,#1021,.T.);
#1325=ORIENTED_EDGE('',*,*,#1022,.T.);
#1326=ORIENTED_EDGE('',*,*,#1023,.F.);
#1327=ORIENTED_EDGE('',*,*,#1024,.F.);
#1328=ORIENTED_EDGE('',*,*,#1025,.T.);
#1329=ORIENTED_EDGE('',*,*,#1026,.T.);
#1330=ORIENTED_EDGE('',*,*,#1021,.F.);
#1331=ORIENTED_EDGE('',*,*,#1027,.F.);
#1332=ORIENTED_EDGE('',*,*,#1028,.T.);
#1333=ORIENTED_EDGE('',*,*,#1029,.T.);
#1334=ORIENTED_EDGE('',*,*,#1025,.F.);
#1335=ORIENTED_EDGE('',*,*,#1030,.F.);
#1336=ORIENTED_EDGE('',*,*,#1031,.T.);
#1337=ORIENTED_EDGE('',*,*,#1032,.T.);
#1338=ORIENTED_EDGE('',*,*,#1028,.F.);
#1339=ORIENTED_EDGE('',*,*,#1033,.F.);
#1340=ORIENTED_EDGE('',*,*,#1034,.T.);
#1341=ORIENTED_EDGE('',*,*,#1035,.T.);
#1342=ORIENTED_EDGE('',*,*,#1031,.F.);
#1343=ORIENTED_EDGE('',*,*,#1036,.F.);
#1344=ORIENTED_EDGE('',*,*,#1037,.T.);
#1345=ORIENTED_EDGE('',*,*,#1038,.T.);
#1346=ORIENTED_EDGE('',*,*,#1034,.F.);
#1347=ORIENTED_EDGE('',*,*,#1039,.F.);
#1348=ORIENTED_EDGE('',*,*,#1040,.T.);
#1349=ORIENTED_EDGE('',*,*,#1041,.T.);
#1350=ORIENTED_EDGE('',*,*,#1037,.F.);
#1351=ORIENTED_EDGE('',*,*,#1042,.F.);
#1352=ORIENTED_EDGE('',*,*,#1043,.F.);
#1353=ORIENTED_EDGE('',*,*,#1044,.T.);
#1354=ORIENTED_EDGE('',*,*,#1040,.F.);
#1355=ORIENTED_EDGE('',*,*,#1045,.F.);
#1356=ORIENTED_EDGE('',*,*,#1046,.T.);
#1357=ORIENTED_EDGE('',*,*,#1047,.T.);
#1358=ORIENTED_EDGE('',*,*,#1048,.F.);
#1359=ORIENTED_EDGE('',*,*,#1049,.F.);
#1360=ORIENTED_EDGE('',*,*,#1050,.T.);
#1361=ORIENTED_EDGE('',*,*,#1051,.T.);
#1362=ORIENTED_EDGE('',*,*,#1046,.F.);
#1363=ORIENTED_EDGE('',*,*,#1052,.F.);
#1364=ORIENTED_EDGE('',*,*,#1023,.T.);
#1365=ORIENTED_EDGE('',*,*,#1053,.T.);
#1366=ORIENTED_EDGE('',*,*,#1050,.F.);
#1367=ORIENTED_EDGE('',*,*,#1053,.F.);
#1368=ORIENTED_EDGE('',*,*,#1022,.F.);
#1369=ORIENTED_EDGE('',*,*,#1026,.F.);
#1370=ORIENTED_EDGE('',*,*,#1029,.F.);
#1371=ORIENTED_EDGE('',*,*,#1032,.F.);
#1372=ORIENTED_EDGE('',*,*,#1035,.F.);
#1373=ORIENTED_EDGE('',*,*,#1038,.F.);
#1374=ORIENTED_EDGE('',*,*,#1041,.F.);
#1375=ORIENTED_EDGE('',*,*,#1044,.F.);
#1376=ORIENTED_EDGE('',*,*,#1054,.F.);
#1377=ORIENTED_EDGE('',*,*,#1047,.F.);
#1378=ORIENTED_EDGE('',*,*,#1051,.F.);
#1379=ORIENTED_EDGE('',*,*,#1055,.F.);
#1380=ORIENTED_EDGE('',*,*,#1056,.T.);
#1381=ORIENTED_EDGE('',*,*,#1057,.T.);
#1382=ORIENTED_EDGE('',*,*,#1058,.F.);
#1383=ORIENTED_EDGE('',*,*,#1059,.F.);
#1384=ORIENTED_EDGE('',*,*,#1060,.F.);
#1385=ORIENTED_EDGE('',*,*,#1061,.T.);
#1386=ORIENTED_EDGE('',*,*,#1056,.F.);
#1387=ORIENTED_EDGE('',*,*,#1062,.F.);
#1388=ORIENTED_EDGE('',*,*,#1063,.T.);
#1389=ORIENTED_EDGE('',*,*,#1064,.T.);
#1390=ORIENTED_EDGE('',*,*,#1065,.F.);
#1391=ORIENTED_EDGE('',*,*,#1066,.F.);
#1392=ORIENTED_EDGE('',*,*,#1067,.T.);
#1393=ORIENTED_EDGE('',*,*,#1068,.T.);
#1394=ORIENTED_EDGE('',*,*,#1063,.F.);
#1395=ORIENTED_EDGE('',*,*,#1069,.F.);
#1396=ORIENTED_EDGE('',*,*,#1070,.T.);
#1397=ORIENTED_EDGE('',*,*,#1071,.T.);
#1398=ORIENTED_EDGE('',*,*,#1067,.F.);
#1399=ORIENTED_EDGE('',*,*,#1072,.F.);
#1400=ORIENTED_EDGE('',*,*,#1073,.T.);
#1401=ORIENTED_EDGE('',*,*,#1074,.T.);
#1402=ORIENTED_EDGE('',*,*,#1070,.F.);
#1403=ORIENTED_EDGE('',*,*,#1075,.F.);
#1404=ORIENTED_EDGE('',*,*,#1076,.T.);
#1405=ORIENTED_EDGE('',*,*,#1077,.T.);
#1406=ORIENTED_EDGE('',*,*,#1073,.F.);
#1407=ORIENTED_EDGE('',*,*,#1078,.F.);
#1408=ORIENTED_EDGE('',*,*,#1079,.T.);
#1409=ORIENTED_EDGE('',*,*,#1080,.T.);
#1410=ORIENTED_EDGE('',*,*,#1076,.F.);
#1411=ORIENTED_EDGE('',*,*,#1081,.F.);
#1412=ORIENTED_EDGE('',*,*,#1082,.T.);
#1413=ORIENTED_EDGE('',*,*,#1083,.T.);
#1414=ORIENTED_EDGE('',*,*,#1079,.F.);
#1415=ORIENTED_EDGE('',*,*,#1084,.F.);
#1416=ORIENTED_EDGE('',*,*,#1085,.T.);
#1417=ORIENTED_EDGE('',*,*,#1086,.T.);
#1418=ORIENTED_EDGE('',*,*,#1082,.F.);
#1419=ORIENTED_EDGE('',*,*,#1087,.F.);
#1420=ORIENTED_EDGE('',*,*,#1058,.T.);
#1421=ORIENTED_EDGE('',*,*,#1088,.T.);
#1422=ORIENTED_EDGE('',*,*,#1085,.F.);
#1423=ORIENTED_EDGE('',*,*,#1088,.F.);
#1424=ORIENTED_EDGE('',*,*,#1057,.F.);
#1425=ORIENTED_EDGE('',*,*,#1061,.F.);
#1426=ORIENTED_EDGE('',*,*,#1089,.F.);
#1427=ORIENTED_EDGE('',*,*,#1064,.F.);
#1428=ORIENTED_EDGE('',*,*,#1068,.F.);
#1429=ORIENTED_EDGE('',*,*,#1071,.F.);
#1430=ORIENTED_EDGE('',*,*,#1074,.F.);
#1431=ORIENTED_EDGE('',*,*,#1077,.F.);
#1432=ORIENTED_EDGE('',*,*,#1080,.F.);
#1433=ORIENTED_EDGE('',*,*,#1083,.F.);
#1434=ORIENTED_EDGE('',*,*,#1086,.F.);
#1435=ORIENTED_EDGE('',*,*,#1090,.F.);
#1436=ORIENTED_EDGE('',*,*,#1091,.T.);
#1437=ORIENTED_EDGE('',*,*,#1092,.T.);
#1438=ORIENTED_EDGE('',*,*,#1093,.F.);
#1439=ORIENTED_EDGE('',*,*,#1094,.F.);
#1440=ORIENTED_EDGE('',*,*,#1095,.T.);
#1441=ORIENTED_EDGE('',*,*,#1096,.T.);
#1442=ORIENTED_EDGE('',*,*,#1091,.F.);
#1443=ORIENTED_EDGE('',*,*,#1097,.F.);
#1444=ORIENTED_EDGE('',*,*,#1098,.T.);
#1445=ORIENTED_EDGE('',*,*,#1099,.T.);
#1446=ORIENTED_EDGE('',*,*,#1095,.F.);
#1447=ORIENTED_EDGE('',*,*,#1100,.F.);
#1448=ORIENTED_EDGE('',*,*,#1101,.T.);
#1449=ORIENTED_EDGE('',*,*,#1102,.T.);
#1450=ORIENTED_EDGE('',*,*,#1098,.F.);
#1451=ORIENTED_EDGE('',*,*,#1103,.F.);
#1452=ORIENTED_EDGE('',*,*,#1104,.T.);
#1453=ORIENTED_EDGE('',*,*,#1105,.T.);
#1454=ORIENTED_EDGE('',*,*,#1101,.F.);
#1455=ORIENTED_EDGE('',*,*,#1106,.F.);
#1456=ORIENTED_EDGE('',*,*,#1107,.T.);
#1457=ORIENTED_EDGE('',*,*,#1108,.T.);
#1458=ORIENTED_EDGE('',*,*,#1104,.F.);
#1459=ORIENTED_EDGE('',*,*,#1109,.F.);
#1460=ORIENTED_EDGE('',*,*,#1110,.T.);
#1461=ORIENTED_EDGE('',*,*,#1111,.T.);
#1462=ORIENTED_EDGE('',*,*,#1107,.F.);
#1463=ORIENTED_EDGE('',*,*,#1112,.F.);
#1464=ORIENTED_EDGE('',*,*,#1113,.T.);
#1465=ORIENTED_EDGE('',*,*,#1114,.T.);
#1466=ORIENTED_EDGE('',*,*,#1110,.F.);
#1467=ORIENTED_EDGE('',*,*,#1115,.F.);
#1468=ORIENTED_EDGE('',*,*,#1116,.F.);
#1469=ORIENTED_EDGE('',*,*,#1117,.T.);
#1470=ORIENTED_EDGE('',*,*,#1113,.F.);
#1471=ORIENTED_EDGE('',*,*,#1118,.F.);
#1472=ORIENTED_EDGE('',*,*,#1119,.T.);
#1473=ORIENTED_EDGE('',*,*,#1120,.T.);
#1474=ORIENTED_EDGE('',*,*,#1121,.F.);
#1475=ORIENTED_EDGE('',*,*,#1122,.F.);
#1476=ORIENTED_EDGE('',*,*,#1093,.T.);
#1477=ORIENTED_EDGE('',*,*,#1123,.T.);
#1478=ORIENTED_EDGE('',*,*,#1119,.F.);
#1479=ORIENTED_EDGE('',*,*,#1123,.F.);
#1480=ORIENTED_EDGE('',*,*,#1092,.F.);
#1481=ORIENTED_EDGE('',*,*,#1096,.F.);
#1482=ORIENTED_EDGE('',*,*,#1099,.F.);
#1483=ORIENTED_EDGE('',*,*,#1102,.F.);
#1484=ORIENTED_EDGE('',*,*,#1105,.F.);
#1485=ORIENTED_EDGE('',*,*,#1108,.F.);
#1486=ORIENTED_EDGE('',*,*,#1111,.F.);
#1487=ORIENTED_EDGE('',*,*,#1114,.F.);
#1488=ORIENTED_EDGE('',*,*,#1117,.F.);
#1489=ORIENTED_EDGE('',*,*,#1124,.F.);
#1490=ORIENTED_EDGE('',*,*,#1120,.F.);
#1491=ORIENTED_EDGE('',*,*,#1016,.T.);
#1492=ORIENTED_EDGE('',*,*,#1019,.T.);
#1493=ORIENTED_EDGE('',*,*,#1011,.T.);
#1494=ORIENTED_EDGE('',*,*,#1125,.F.);
#1495=ORIENTED_EDGE('',*,*,#1126,.T.);
#1496=ORIENTED_EDGE('',*,*,#950,.F.);
#1497=ORIENTED_EDGE('',*,*,#1127,.F.);
#1498=ORIENTED_EDGE('',*,*,#1128,.F.);
#1499=ORIENTED_EDGE('',*,*,#1065,.T.);
#1500=ORIENTED_EDGE('',*,*,#1089,.T.);
#1501=ORIENTED_EDGE('',*,*,#1060,.T.);
#1502=ORIENTED_EDGE('',*,*,#1129,.F.);
#1503=ORIENTED_EDGE('',*,*,#1048,.T.);
#1504=ORIENTED_EDGE('',*,*,#1054,.T.);
#1505=ORIENTED_EDGE('',*,*,#1043,.T.);
#1506=ORIENTED_EDGE('',*,*,#1130,.F.);
#1507=ORIENTED_EDGE('',*,*,#1121,.T.);
#1508=ORIENTED_EDGE('',*,*,#1124,.T.);
#1509=ORIENTED_EDGE('',*,*,#1116,.T.);
#1510=ORIENTED_EDGE('',*,*,#1131,.F.);
#1511=ORIENTED_EDGE('',*,*,#1132,.T.);
#1512=ORIENTED_EDGE('',*,*,#952,.F.);
#1513=ORIENTED_EDGE('',*,*,#1133,.F.);
#1514=ORIENTED_EDGE('',*,*,#1134,.F.);
#1515=ORIENTED_EDGE('',*,*,#1135,.F.);
#1516=ORIENTED_EDGE('',*,*,#1136,.T.);
#1517=ORIENTED_EDGE('',*,*,#1137,.T.);
#1518=ORIENTED_EDGE('',*,*,#1136,.F.);
#1519=ORIENTED_EDGE('',*,*,#1137,.F.);
#1520=ORIENTED_EDGE('',*,*,#980,.F.);
#1521=ORIENTED_EDGE('',*,*,#1138,.F.);
#1522=ORIENTED_EDGE('',*,*,#1139,.T.);
#1523=ORIENTED_EDGE('',*,*,#1140,.T.);
#1524=ORIENTED_EDGE('',*,*,#1139,.F.);
#1525=ORIENTED_EDGE('',*,*,#1141,.F.);
#1526=ORIENTED_EDGE('',*,*,#1138,.T.);
#1527=ORIENTED_EDGE('',*,*,#1142,.F.);
#1528=ORIENTED_EDGE('',*,*,#1143,.T.);
#1529=ORIENTED_EDGE('',*,*,#1144,.T.);
#1530=ORIENTED_EDGE('',*,*,#1143,.F.);
#1531=ORIENTED_EDGE('',*,*,#1145,.F.);
#1532=ORIENTED_EDGE('',*,*,#1142,.T.);
#1533=ORIENTED_EDGE('',*,*,#1146,.F.);
#1534=ORIENTED_EDGE('',*,*,#1147,.T.);
#1535=ORIENTED_EDGE('',*,*,#1148,.T.);
#1536=ORIENTED_EDGE('',*,*,#1147,.F.);
#1537=ORIENTED_EDGE('',*,*,#1149,.F.);
#1538=ORIENTED_EDGE('',*,*,#1146,.T.);
#1539=ORIENTED_EDGE('',*,*,#1150,.F.);
#1540=ORIENTED_EDGE('',*,*,#1151,.T.);
#1541=ORIENTED_EDGE('',*,*,#974,.F.);
#1542=ORIENTED_EDGE('',*,*,#1151,.F.);
#1543=ORIENTED_EDGE('',*,*,#1152,.F.);
#1544=ORIENTED_EDGE('',*,*,#1153,.T.);
#1545=ORIENTED_EDGE('',*,*,#973,.F.);
#1546=ORIENTED_EDGE('',*,*,#1153,.F.);
#1547=ORIENTED_EDGE('',*,*,#1154,.F.);
#1548=ORIENTED_EDGE('',*,*,#1155,.T.);
#1549=ORIENTED_EDGE('',*,*,#972,.F.);
#1550=ORIENTED_EDGE('',*,*,#1155,.F.);
#1551=ORIENTED_EDGE('',*,*,#1156,.F.);
#1552=ORIENTED_EDGE('',*,*,#1157,.T.);
#1553=ORIENTED_EDGE('',*,*,#971,.F.);
#1554=ORIENTED_EDGE('',*,*,#1157,.F.);
#1555=ORIENTED_EDGE('',*,*,#1158,.F.);
#1556=ORIENTED_EDGE('',*,*,#1159,.T.);
#1557=ORIENTED_EDGE('',*,*,#970,.F.);
#1558=ORIENTED_EDGE('',*,*,#1159,.F.);
#1559=ORIENTED_EDGE('',*,*,#1160,.F.);
#1560=ORIENTED_EDGE('',*,*,#1161,.T.);
#1561=ORIENTED_EDGE('',*,*,#969,.F.);
#1562=ORIENTED_EDGE('',*,*,#1161,.F.);
#1563=ORIENTED_EDGE('',*,*,#1162,.F.);
#1564=ORIENTED_EDGE('',*,*,#1163,.T.);
#1565=ORIENTED_EDGE('',*,*,#1164,.F.);
#1566=ORIENTED_EDGE('',*,*,#1163,.F.);
#1567=ORIENTED_EDGE('',*,*,#968,.F.);
#1568=ORIENTED_EDGE('',*,*,#1165,.T.);
#1569=ORIENTED_EDGE('',*,*,#1166,.T.);
#1570=ORIENTED_EDGE('',*,*,#1165,.F.);
#1571=ORIENTED_EDGE('',*,*,#1166,.F.);
#1572=ORIENTED_EDGE('',*,*,#1167,.F.);
#1573=ORIENTED_EDGE('',*,*,#967,.F.);
#1574=ORIENTED_EDGE('',*,*,#1168,.T.);
#1575=ORIENTED_EDGE('',*,*,#1169,.T.);
#1576=ORIENTED_EDGE('',*,*,#1168,.F.);
#1577=ORIENTED_EDGE('',*,*,#1169,.F.);
#1578=ORIENTED_EDGE('',*,*,#1170,.F.);
#1579=ORIENTED_EDGE('',*,*,#1167,.T.);
#1580=ORIENTED_EDGE('',*,*,#1171,.T.);
#1581=ORIENTED_EDGE('',*,*,#1172,.F.);
#1582=ORIENTED_EDGE('',*,*,#1171,.F.);
#1583=ORIENTED_EDGE('',*,*,#1170,.T.);
#1584=ORIENTED_EDGE('',*,*,#1173,.T.);
#1585=ORIENTED_EDGE('',*,*,#1174,.F.);
#1586=ORIENTED_EDGE('',*,*,#1173,.F.);
#1587=ORIENTED_EDGE('',*,*,#1175,.F.);
#1588=ORIENTED_EDGE('',*,*,#977,.F.);
#1589=ORIENTED_EDGE('',*,*,#1176,.F.);
#1590=ORIENTED_EDGE('',*,*,#1177,.T.);
#1591=ORIENTED_EDGE('',*,*,#1178,.F.);
#1592=ORIENTED_EDGE('',*,*,#1177,.F.);
#1593=ORIENTED_EDGE('',*,*,#1179,.F.);
#1594=ORIENTED_EDGE('',*,*,#1180,.T.);
#1595=ORIENTED_EDGE('',*,*,#1181,.F.);
#1596=ORIENTED_EDGE('',*,*,#1180,.F.);
#1597=ORIENTED_EDGE('',*,*,#1182,.F.);
#1598=ORIENTED_EDGE('',*,*,#1183,.T.);
#1599=ORIENTED_EDGE('',*,*,#1184,.T.);
#1600=ORIENTED_EDGE('',*,*,#1185,.F.);
#1601=ORIENTED_EDGE('',*,*,#960,.F.);
#1602=ORIENTED_EDGE('',*,*,#1186,.T.);
#1603=ORIENTED_EDGE('',*,*,#1187,.F.);
#1604=ORIENTED_EDGE('',*,*,#1183,.F.);
#1605=ORIENTED_EDGE('',*,*,#1182,.T.);
#1606=ORIENTED_EDGE('',*,*,#1179,.T.);
#1607=ORIENTED_EDGE('',*,*,#1176,.T.);
#1608=ORIENTED_EDGE('',*,*,#976,.F.);
#1609=ORIENTED_EDGE('',*,*,#1188,.F.);
#1610=ORIENTED_EDGE('',*,*,#1189,.F.);
#1611=ORIENTED_EDGE('',*,*,#1190,.F.);
#1612=ORIENTED_EDGE('',*,*,#1184,.F.);
#1613=ORIENTED_EDGE('',*,*,#1162,.T.);
#1614=ORIENTED_EDGE('',*,*,#962,.F.);
#1615=ORIENTED_EDGE('',*,*,#1191,.T.);
#1616=ORIENTED_EDGE('',*,*,#1189,.T.);
#1617=ORIENTED_EDGE('',*,*,#1192,.F.);
#1618=ORIENTED_EDGE('',*,*,#961,.F.);
#1619=ORIENTED_EDGE('',*,*,#1185,.T.);
#1620=ORIENTED_EDGE('',*,*,#1190,.T.);
#1621=ORIENTED_EDGE('',*,*,#1191,.F.);
#1622=ORIENTED_EDGE('',*,*,#959,.F.);
#1623=ORIENTED_EDGE('',*,*,#1193,.T.);
#1624=ORIENTED_EDGE('',*,*,#1194,.F.);
#1625=ORIENTED_EDGE('',*,*,#1186,.F.);
#1626=ORIENTED_EDGE('',*,*,#958,.F.);
#1627=ORIENTED_EDGE('',*,*,#1195,.T.);
#1628=ORIENTED_EDGE('',*,*,#1196,.F.);
#1629=ORIENTED_EDGE('',*,*,#1193,.F.);
#1630=ORIENTED_EDGE('',*,*,#957,.F.);
#1631=ORIENTED_EDGE('',*,*,#979,.T.);
#1632=ORIENTED_EDGE('',*,*,#1197,.F.);
#1633=ORIENTED_EDGE('',*,*,#1195,.F.);
#1634=ORIENTED_EDGE('',*,*,#963,.F.);
#1635=ORIENTED_EDGE('',*,*,#1192,.T.);
#1636=ORIENTED_EDGE('',*,*,#1188,.T.);
#1637=ORIENTED_EDGE('',*,*,#975,.F.);
#1638=ORIENTED_EDGE('',*,*,#953,.F.);
#1639=ORIENTED_EDGE('',*,*,#1198,.T.);
#1640=ORIENTED_EDGE('',*,*,#1141,.T.);
#1641=ORIENTED_EDGE('',*,*,#1198,.F.);
#1642=ORIENTED_EDGE('',*,*,#954,.F.);
#1643=ORIENTED_EDGE('',*,*,#1199,.T.);
#1644=ORIENTED_EDGE('',*,*,#1145,.T.);
#1645=ORIENTED_EDGE('',*,*,#1199,.F.);
#1646=ORIENTED_EDGE('',*,*,#955,.F.);
#1647=ORIENTED_EDGE('',*,*,#1200,.T.);
#1648=ORIENTED_EDGE('',*,*,#1149,.T.);
#1649=ORIENTED_EDGE('',*,*,#1200,.F.);
#1650=ORIENTED_EDGE('',*,*,#1201,.F.);
#1651=ORIENTED_EDGE('',*,*,#1133,.T.);
#1652=ORIENTED_EDGE('',*,*,#951,.F.);
#1653=ORIENTED_EDGE('',*,*,#1126,.F.);
#1654=ORIENTED_EDGE('',*,*,#1202,.F.);
#1655=ORIENTED_EDGE('',*,*,#1127,.T.);
#1656=ORIENTED_EDGE('',*,*,#949,.F.);
#1657=ORIENTED_EDGE('',*,*,#1132,.F.);
#1658=ORIENTED_EDGE('',*,*,#1013,.T.);
#1659=ORIENTED_EDGE('',*,*,#1129,.T.);
#1660=ORIENTED_EDGE('',*,*,#1059,.T.);
#1661=ORIENTED_EDGE('',*,*,#1055,.T.);
#1662=ORIENTED_EDGE('',*,*,#1087,.T.);
#1663=ORIENTED_EDGE('',*,*,#1084,.T.);
#1664=ORIENTED_EDGE('',*,*,#1081,.T.);
#1665=ORIENTED_EDGE('',*,*,#1078,.T.);
#1666=ORIENTED_EDGE('',*,*,#1075,.T.);
#1667=ORIENTED_EDGE('',*,*,#1072,.T.);
#1668=ORIENTED_EDGE('',*,*,#1069,.T.);
#1669=ORIENTED_EDGE('',*,*,#1066,.T.);
#1670=ORIENTED_EDGE('',*,*,#1062,.T.);
#1671=ORIENTED_EDGE('',*,*,#1128,.T.);
#1672=ORIENTED_EDGE('',*,*,#1202,.T.);
#1673=ORIENTED_EDGE('',*,*,#1131,.T.);
#1674=ORIENTED_EDGE('',*,*,#1115,.T.);
#1675=ORIENTED_EDGE('',*,*,#1112,.T.);
#1676=ORIENTED_EDGE('',*,*,#1109,.T.);
#1677=ORIENTED_EDGE('',*,*,#1106,.T.);
#1678=ORIENTED_EDGE('',*,*,#1103,.T.);
#1679=ORIENTED_EDGE('',*,*,#1100,.T.);
#1680=ORIENTED_EDGE('',*,*,#1097,.T.);
#1681=ORIENTED_EDGE('',*,*,#1094,.T.);
#1682=ORIENTED_EDGE('',*,*,#1090,.T.);
#1683=ORIENTED_EDGE('',*,*,#1122,.T.);
#1684=ORIENTED_EDGE('',*,*,#1118,.T.);
#1685=ORIENTED_EDGE('',*,*,#1130,.T.);
#1686=ORIENTED_EDGE('',*,*,#1042,.T.);
#1687=ORIENTED_EDGE('',*,*,#1039,.T.);
#1688=ORIENTED_EDGE('',*,*,#1036,.T.);
#1689=ORIENTED_EDGE('',*,*,#1033,.T.);
#1690=ORIENTED_EDGE('',*,*,#1030,.T.);
#1691=ORIENTED_EDGE('',*,*,#1027,.T.);
#1692=ORIENTED_EDGE('',*,*,#1024,.T.);
#1693=ORIENTED_EDGE('',*,*,#1020,.T.);
#1694=ORIENTED_EDGE('',*,*,#1052,.T.);
#1695=ORIENTED_EDGE('',*,*,#1049,.T.);
#1696=ORIENTED_EDGE('',*,*,#1045,.T.);
#1697=ORIENTED_EDGE('',*,*,#1134,.T.);
#1698=ORIENTED_EDGE('',*,*,#1201,.T.);
#1699=ORIENTED_EDGE('',*,*,#1125,.T.);
#1700=ORIENTED_EDGE('',*,*,#1010,.T.);
#1701=ORIENTED_EDGE('',*,*,#1007,.T.);
#1702=ORIENTED_EDGE('',*,*,#1004,.T.);
#1703=ORIENTED_EDGE('',*,*,#1001,.T.);
#1704=ORIENTED_EDGE('',*,*,#998,.T.);
#1705=ORIENTED_EDGE('',*,*,#995,.T.);
#1706=ORIENTED_EDGE('',*,*,#992,.T.);
#1707=ORIENTED_EDGE('',*,*,#989,.T.);
#1708=ORIENTED_EDGE('',*,*,#985,.T.);
#1709=ORIENTED_EDGE('',*,*,#1017,.T.);
#1710=ORIENTED_EDGE('',*,*,#1135,.T.);
#1711=ORIENTED_EDGE('',*,*,#1140,.F.);
#1712=ORIENTED_EDGE('',*,*,#1144,.F.);
#1713=ORIENTED_EDGE('',*,*,#1148,.F.);
#1714=ORIENTED_EDGE('',*,*,#1150,.T.);
#1715=ORIENTED_EDGE('',*,*,#1152,.T.);
#1716=ORIENTED_EDGE('',*,*,#1154,.T.);
#1717=ORIENTED_EDGE('',*,*,#1156,.T.);
#1718=ORIENTED_EDGE('',*,*,#1158,.T.);
#1719=ORIENTED_EDGE('',*,*,#1160,.T.);
#1720=ORIENTED_EDGE('',*,*,#1164,.T.);
#1721=ORIENTED_EDGE('',*,*,#1172,.T.);
#1722=ORIENTED_EDGE('',*,*,#1174,.T.);
#1723=ORIENTED_EDGE('',*,*,#1175,.T.);
#1724=ORIENTED_EDGE('',*,*,#1178,.T.);
#1725=ORIENTED_EDGE('',*,*,#1181,.T.);
#1726=ORIENTED_EDGE('',*,*,#1187,.T.);
#1727=ORIENTED_EDGE('',*,*,#1194,.T.);
#1728=ORIENTED_EDGE('',*,*,#1196,.T.);
#1729=ORIENTED_EDGE('',*,*,#1197,.T.);
#1730=ORIENTED_EDGE('',*,*,#978,.T.);
#1731=PLANE('',#1896);
#1732=PLANE('',#1897);
#1733=PLANE('',#1898);
#1734=PLANE('',#1900);
#1735=PLANE('',#1918);
#1736=PLANE('',#1922);
#1737=PLANE('',#1928);
#1738=PLANE('',#1932);
#1739=PLANE('',#1936);
#1740=PLANE('',#1940);
#1741=PLANE('',#1941);
#1742=PLANE('',#1942);
#1743=PLANE('',#1943);
#1744=PLANE('',#1944);
#1745=PLANE('',#1945);
#1746=PLANE('',#1949);
#1747=PLANE('',#1953);
#1748=PLANE('',#1957);
#1749=PLANE('',#1958);
#1750=PLANE('',#1959);
#1751=PLANE('',#1960);
#1752=PLANE('',#1964);
#1753=PLANE('',#1965);
#1754=PLANE('',#1966);
#1755=PLANE('',#1967);
#1756=PLANE('',#1968);
#1757=PLANE('',#1972);
#1758=PLANE('',#1976);
#1759=PLANE('',#1980);
#1760=PLANE('',#1984);
#1761=PLANE('',#1988);
#1762=PLANE('',#1992);
#1763=PLANE('',#1996);
#1764=PLANE('',#2000);
#1765=PLANE('',#2001);
#1766=PLANE('',#2002);
#1767=PLANE('',#2003);
#1768=PLANE('',#2004);
#1769=PLANE('',#2005);
#1770=PLANE('',#2006);
#1771=PLANE('',#2010);
#1772=PLANE('',#2014);
#1773=PLANE('',#2019);
#1774=PLANE('',#2024);
#1775=PLANE('',#2043);
#1776=PLANE('',#2047);
#1777=PLANE('',#2056);
#1778=PLANE('',#2060);
#1779=PLANE('',#2061);
#1780=PLANE('',#2064);
#1781=PLANE('',#2068);
#1782=PLANE('',#2075);
#1783=PLANE('',#2076);
#1784=PLANE('',#2077);
#1785=ADVANCED_FACE('',(#181),#1731,.F.);
#1786=ADVANCED_FACE('',(#182),#1732,.F.);
#1787=ADVANCED_FACE('',(#183),#1733,.F.);
#1788=ADVANCED_FACE('',(#184,#61,#62,#63,#64,#65,#66,#67,#68,#69,#70,#71,
#72),#1734,.T.);
#1789=ADVANCED_FACE('',(#185),#1735,.F.);
#1790=ADVANCED_FACE('',(#186),#19,.F.);
#1791=ADVANCED_FACE('',(#187,#73),#1736,.F.);
#1792=ADVANCED_FACE('',(#188),#20,.F.);
#1793=ADVANCED_FACE('',(#189),#21,.F.);
#1794=ADVANCED_FACE('',(#190),#1737,.F.);
#1795=ADVANCED_FACE('',(#191),#22,.F.);
#1796=ADVANCED_FACE('',(#192),#1738,.F.);
#1797=ADVANCED_FACE('',(#193),#23,.F.);
#1798=ADVANCED_FACE('',(#194),#1739,.F.);
#1799=ADVANCED_FACE('',(#195),#24,.F.);
#1800=ADVANCED_FACE('',(#196),#1740,.F.);
#1801=ADVANCED_FACE('',(#197),#1741,.F.);
#1802=ADVANCED_FACE('',(#198),#1742,.F.);
#1803=ADVANCED_FACE('',(#199),#1743,.F.);
#1804=ADVANCED_FACE('',(#200),#1744,.T.);
#1805=ADVANCED_FACE('',(#201),#1745,.F.);
#1806=ADVANCED_FACE('',(#202),#25,.F.);
#1807=ADVANCED_FACE('',(#203),#1746,.F.);
#1808=ADVANCED_FACE('',(#204),#26,.F.);
#1809=ADVANCED_FACE('',(#205),#1747,.F.);
#1810=ADVANCED_FACE('',(#206),#27,.F.);
#1811=ADVANCED_FACE('',(#207),#1748,.F.);
#1812=ADVANCED_FACE('',(#208),#1749,.F.);
#1813=ADVANCED_FACE('',(#209),#1750,.F.);
#1814=ADVANCED_FACE('',(#210),#1751,.F.);
#1815=ADVANCED_FACE('',(#211),#28,.F.);
#1816=ADVANCED_FACE('',(#212),#1752,.T.);
#1817=ADVANCED_FACE('',(#213),#1753,.F.);
#1818=ADVANCED_FACE('',(#214),#1754,.F.);
#1819=ADVANCED_FACE('',(#215),#1755,.F.);
#1820=ADVANCED_FACE('',(#216),#1756,.F.);
#1821=ADVANCED_FACE('',(#217),#29,.F.);
#1822=ADVANCED_FACE('',(#218),#1757,.F.);
#1823=ADVANCED_FACE('',(#219),#30,.F.);
#1824=ADVANCED_FACE('',(#220),#1758,.F.);
#1825=ADVANCED_FACE('',(#221),#31,.F.);
#1826=ADVANCED_FACE('',(#222),#1759,.F.);
#1827=ADVANCED_FACE('',(#223),#32,.F.);
#1828=ADVANCED_FACE('',(#224),#1760,.T.);
#1829=ADVANCED_FACE('',(#225),#33,.F.);
#1830=ADVANCED_FACE('',(#226),#1761,.F.);
#1831=ADVANCED_FACE('',(#227),#34,.F.);
#1832=ADVANCED_FACE('',(#228),#1762,.F.);
#1833=ADVANCED_FACE('',(#229),#35,.F.);
#1834=ADVANCED_FACE('',(#230),#1763,.F.);
#1835=ADVANCED_FACE('',(#231),#36,.F.);
#1836=ADVANCED_FACE('',(#232),#1764,.F.);
#1837=ADVANCED_FACE('',(#233),#1765,.F.);
#1838=ADVANCED_FACE('',(#234),#1766,.F.);
#1839=ADVANCED_FACE('',(#235),#1767,.F.);
#1840=ADVANCED_FACE('',(#236),#1768,.T.);
#1841=ADVANCED_FACE('',(#237),#1769,.T.);
#1842=ADVANCED_FACE('',(#238),#1770,.T.);
#1843=ADVANCED_FACE('',(#239),#37,.F.);
#1844=ADVANCED_FACE('',(#240,#74),#1771,.F.);
#1845=ADVANCED_FACE('',(#241),#38,.F.);
#1846=ADVANCED_FACE('',(#242,#75),#1772,.T.);
#1847=ADVANCED_FACE('',(#243),#39,.F.);
#1848=ADVANCED_FACE('',(#244,#76),#1773,.T.);
#1849=ADVANCED_FACE('',(#245),#40,.F.);
#1850=ADVANCED_FACE('',(#246,#77),#1774,.T.);
#1851=ADVANCED_FACE('',(#247),#41,.F.);
#1852=ADVANCED_FACE('',(#248),#42,.F.);
#1853=ADVANCED_FACE('',(#249),#43,.F.);
#1854=ADVANCED_FACE('',(#250),#44,.F.);
#1855=ADVANCED_FACE('',(#251),#45,.F.);
#1856=ADVANCED_FACE('',(#252),#46,.F.);
#1857=ADVANCED_FACE('',(#253),#47,.F.);
#1858=ADVANCED_FACE('',(#254),#48,.F.);
#1859=ADVANCED_FACE('',(#255,#78),#1775,.T.);
#1860=ADVANCED_FACE('',(#256),#49,.F.);
#1861=ADVANCED_FACE('',(#257,#79),#1776,.T.);
#1862=ADVANCED_FACE('',(#258),#50,.F.);
#1863=ADVANCED_FACE('',(#259),#51,.F.);
#1864=ADVANCED_FACE('',(#260),#52,.F.);
#1865=ADVANCED_FACE('',(#261),#1777,.F.);
#1866=ADVANCED_FACE('',(#262),#53,.F.);
#1867=ADVANCED_FACE('',(#263),#1778,.F.);
#1868=ADVANCED_FACE('',(#264,#80),#1779,.T.);
#1869=ADVANCED_FACE('',(#265),#1780,.F.);
#1870=ADVANCED_FACE('',(#266),#54,.F.);
#1871=ADVANCED_FACE('',(#267),#55,.F.);
#1872=ADVANCED_FACE('',(#268),#1781,.F.);
#1873=ADVANCED_FACE('',(#269),#56,.F.);
#1874=ADVANCED_FACE('',(#270),#57,.F.);
#1875=ADVANCED_FACE('',(#271),#58,.F.);
#1876=ADVANCED_FACE('',(#272),#59,.F.);
#1877=ADVANCED_FACE('',(#273),#60,.F.);
#1878=ADVANCED_FACE('',(#274),#1782,.T.);
#1879=ADVANCED_FACE('',(#275),#1783,.T.);
#1880=ADVANCED_FACE('',(#276,#81,#82,#83,#84,#85,#86,#87,#88,#89,#90,#91,
#92,#93,#94),#1784,.F.);
#1881=CLOSED_SHELL('',(#1785,#1786,#1787,#1788,#1789,#1790,#1791,#1792,
#1793,#1794,#1795,#1796,#1797,#1798,#1799,#1800,#1801,#1802,#1803,#1804,
#1805,#1806,#1807,#1808,#1809,#1810,#1811,#1812,#1813,#1814,#1815,#1816,
#1817,#1818,#1819,#1820,#1821,#1822,#1823,#1824,#1825,#1826,#1827,#1828,
#1829,#1830,#1831,#1832,#1833,#1834,#1835,#1836,#1837,#1838,#1839,#1840,
#1841,#1842,#1843,#1844,#1845,#1846,#1847,#1848,#1849,#1850,#1851,#1852,
#1853,#1854,#1855,#1856,#1857,#1858,#1859,#1860,#1861,#1862,#1863,#1864,
#1865,#1866,#1867,#1868,#1869,#1870,#1871,#1872,#1873,#1874,#1875,#1876,
#1877,#1878,#1879,#1880));
#1882=DERIVED_UNIT_ELEMENT(#1884,1.);
#1883=DERIVED_UNIT_ELEMENT(#3173,-3.);
#1884=(
MASS_UNIT()
NAMED_UNIT(*)
SI_UNIT(.KILO.,.GRAM.)
);
#1885=DERIVED_UNIT((#1882,#1883));
#1886=MEASURE_REPRESENTATION_ITEM('density measure',
POSITIVE_RATIO_MEASURE(7850.),#1885);
#1887=PROPERTY_DEFINITION_REPRESENTATION(#1892,#1889);
#1888=PROPERTY_DEFINITION_REPRESENTATION(#1893,#1890);
#1889=REPRESENTATION('material name',(#1891),#3170);
#1890=REPRESENTATION('density',(#1886),#3170);
#1891=DESCRIPTIVE_REPRESENTATION_ITEM('\X2\94A2\X0\','\X2\94A2\X0\');
#1892=PROPERTY_DEFINITION('material property','material name',#3185);
#1893=PROPERTY_DEFINITION('material property','density of part',#3185);
#1894=AXIS2_PLACEMENT_3D('',#2627,#2079,#2080);
#1895=AXIS2_PLACEMENT_3D('',#2628,#2081,#2082);
#1896=AXIS2_PLACEMENT_3D('',#2629,#2083,#2084);
#1897=AXIS2_PLACEMENT_3D('',#2638,#2089,#2090);
#1898=AXIS2_PLACEMENT_3D('',#2647,#2095,#2096);
#1899=AXIS2_PLACEMENT_3D('',#2648,#2097,#2098);
#1900=AXIS2_PLACEMENT_3D('',#2650,#2100,#2101);
#1901=AXIS2_PLACEMENT_3D('',#2660,#2106,#2107);
#1902=AXIS2_PLACEMENT_3D('',#2662,#2108,#2109);
#1903=AXIS2_PLACEMENT_3D('',#2664,#2110,#2111);
#1904=AXIS2_PLACEMENT_3D('',#2668,#2113,#2114);
#1905=AXIS2_PLACEMENT_3D('',#2672,#2116,#2117);
#1906=AXIS2_PLACEMENT_3D('',#2676,#2119,#2120);
#1907=AXIS2_PLACEMENT_3D('',#2680,#2122,#2123);
#1908=AXIS2_PLACEMENT_3D('',#2683,#2125,#2126);
#1909=AXIS2_PLACEMENT_3D('',#2684,#2127,#2128);
#1910=AXIS2_PLACEMENT_3D('',#2686,#2129,#2130);
#1911=AXIS2_PLACEMENT_3D('',#2688,#2131,#2132);
#1912=AXIS2_PLACEMENT_3D('',#2690,#2133,#2134);
#1913=AXIS2_PLACEMENT_3D('',#2692,#2135,#2136);
#1914=AXIS2_PLACEMENT_3D('',#2694,#2137,#2138);
#1915=AXIS2_PLACEMENT_3D('',#2696,#2139,#2140);
#1916=AXIS2_PLACEMENT_3D('',#2698,#2141,#2142);
#1917=AXIS2_PLACEMENT_3D('',#2700,#2143,#2144);
#1918=AXIS2_PLACEMENT_3D('',#2701,#2145,#2146);
#1919=AXIS2_PLACEMENT_3D('',#2711,#2152,#2153);
#1920=AXIS2_PLACEMENT_3D('',#2713,#2154,#2155);
#1921=AXIS2_PLACEMENT_3D('',#2716,#2157,#2158);
#1922=AXIS2_PLACEMENT_3D('',#2717,#2159,#2160);
#1923=AXIS2_PLACEMENT_3D('',#2719,#2161,#2162);
#1924=AXIS2_PLACEMENT_3D('',#2720,#2163,#2164);
#1925=AXIS2_PLACEMENT_3D('',#2722,#2166,#2167);
#1926=AXIS2_PLACEMENT_3D('',#2725,#2168,#2169);
#1927=AXIS2_PLACEMENT_3D('',#2729,#2171,#2172);
#1928=AXIS2_PLACEMENT_3D('',#2731,#2174,#2175);
#1929=AXIS2_PLACEMENT_3D('',#2737,#2179,#2180);
#1930=AXIS2_PLACEMENT_3D('',#2739,#2181,#2182);
#1931=AXIS2_PLACEMENT_3D('',#2742,#2184,#2185);
#1932=AXIS2_PLACEMENT_3D('',#2743,#2186,#2187);
#1933=AXIS2_PLACEMENT_3D('',#2749,#2191,#2192);
#1934=AXIS2_PLACEMENT_3D('',#2751,#2193,#2194);
#1935=AXIS2_PLACEMENT_3D('',#2754,#2196,#2197);
#1936=AXIS2_PLACEMENT_3D('',#2755,#2198,#2199);
#1937=AXIS2_PLACEMENT_3D('',#2761,#2203,#2204);
#1938=AXIS2_PLACEMENT_3D('',#2763,#2205,#2206);
#1939=AXIS2_PLACEMENT_3D('',#2766,#2208,#2209);
#1940=AXIS2_PLACEMENT_3D('',#2767,#2210,#2211);
#1941=AXIS2_PLACEMENT_3D('',#2773,#2215,#2216);
#1942=AXIS2_PLACEMENT_3D('',#2779,#2220,#2221);
#1943=AXIS2_PLACEMENT_3D('',#2788,#2226,#2227);
#1944=AXIS2_PLACEMENT_3D('',#2791,#2230,#2231);
#1945=AXIS2_PLACEMENT_3D('',#2793,#2233,#2234);
#1946=AXIS2_PLACEMENT_3D('',#2802,#2239,#2240);
#1947=AXIS2_PLACEMENT_3D('',#2804,#2241,#2242);
#1948=AXIS2_PLACEMENT_3D('',#2807,#2244,#2245);
#1949=AXIS2_PLACEMENT_3D('',#2808,#2246,#2247);
#1950=AXIS2_PLACEMENT_3D('',#2814,#2251,#2252);
#1951=AXIS2_PLACEMENT_3D('',#2816,#2253,#2254);
#1952=AXIS2_PLACEMENT_3D('',#2819,#2256,#2257);
#1953=AXIS2_PLACEMENT_3D('',#2820,#2258,#2259);
#1954=AXIS2_PLACEMENT_3D('',#2826,#2263,#2264);
#1955=AXIS2_PLACEMENT_3D('',#2828,#2265,#2266);
#1956=AXIS2_PLACEMENT_3D('',#2831,#2268,#2269);
#1957=AXIS2_PLACEMENT_3D('',#2832,#2270,#2271);
#1958=AXIS2_PLACEMENT_3D('',#2838,#2275,#2276);
#1959=AXIS2_PLACEMENT_3D('',#2844,#2280,#2281);
#1960=AXIS2_PLACEMENT_3D('',#2853,#2286,#2287);
#1961=AXIS2_PLACEMENT_3D('',#2859,#2291,#2292);
#1962=AXIS2_PLACEMENT_3D('',#2860,#2293,#2294);
#1963=AXIS2_PLACEMENT_3D('',#2861,#2295,#2296);
#1964=AXIS2_PLACEMENT_3D('',#2862,#2297,#2298);
#1965=AXIS2_PLACEMENT_3D('',#2864,#2300,#2301);
#1966=AXIS2_PLACEMENT_3D('',#2873,#2306,#2307);
#1967=AXIS2_PLACEMENT_3D('',#2879,#2311,#2312);
#1968=AXIS2_PLACEMENT_3D('',#2888,#2317,#2318);
#1969=AXIS2_PLACEMENT_3D('',#2894,#2322,#2323);
#1970=AXIS2_PLACEMENT_3D('',#2896,#2324,#2325);
#1971=AXIS2_PLACEMENT_3D('',#2899,#2327,#2328);
#1972=AXIS2_PLACEMENT_3D('',#2900,#2329,#2330);
#1973=AXIS2_PLACEMENT_3D('',#2906,#2334,#2335);
#1974=AXIS2_PLACEMENT_3D('',#2908,#2336,#2337);
#1975=AXIS2_PLACEMENT_3D('',#2911,#2339,#2340);
#1976=AXIS2_PLACEMENT_3D('',#2912,#2341,#2342);
#1977=AXIS2_PLACEMENT_3D('',#2918,#2346,#2347);
#1978=AXIS2_PLACEMENT_3D('',#2920,#2348,#2349);
#1979=AXIS2_PLACEMENT_3D('',#2923,#2351,#2352);
#1980=AXIS2_PLACEMENT_3D('',#2924,#2353,#2354);
#1981=AXIS2_PLACEMENT_3D('',#2930,#2358,#2359);
#1982=AXIS2_PLACEMENT_3D('',#2931,#2360,#2361);
#1983=AXIS2_PLACEMENT_3D('',#2932,#2362,#2363);
#1984=AXIS2_PLACEMENT_3D('',#2933,#2364,#2365);
#1985=AXIS2_PLACEMENT_3D('',#2935,#2367,#2368);
#1986=AXIS2_PLACEMENT_3D('',#2938,#2369,#2370);
#1987=AXIS2_PLACEMENT_3D('',#2942,#2372,#2373);
#1988=AXIS2_PLACEMENT_3D('',#2944,#2375,#2376);
#1989=AXIS2_PLACEMENT_3D('',#2950,#2380,#2381);
#1990=AXIS2_PLACEMENT_3D('',#2952,#2382,#2383);
#1991=AXIS2_PLACEMENT_3D('',#2955,#2385,#2386);
#1992=AXIS2_PLACEMENT_3D('',#2956,#2387,#2388);
#1993=AXIS2_PLACEMENT_3D('',#2962,#2392,#2393);
#1994=AXIS2_PLACEMENT_3D('',#2964,#2394,#2395);
#1995=AXIS2_PLACEMENT_3D('',#2967,#2397,#2398);
#1996=AXIS2_PLACEMENT_3D('',#2968,#2399,#2400);
#1997=AXIS2_PLACEMENT_3D('',#2974,#2404,#2405);
#1998=AXIS2_PLACEMENT_3D('',#2976,#2406,#2407);
#1999=AXIS2_PLACEMENT_3D('',#2979,#2409,#2410);
#2000=AXIS2_PLACEMENT_3D('',#2980,#2411,#2412);
#2001=AXIS2_PLACEMENT_3D('',#2986,#2416,#2417);
#2002=AXIS2_PLACEMENT_3D('',#2992,#2421,#2422);
#2003=AXIS2_PLACEMENT_3D('',#3001,#2427,#2428);
#2004=AXIS2_PLACEMENT_3D('',#3004,#2431,#2432);
#2005=AXIS2_PLACEMENT_3D('',#3006,#2434,#2435);
#2006=AXIS2_PLACEMENT_3D('',#3014,#2441,#2442);
#2007=AXIS2_PLACEMENT_3D('',#3022,#2448,#2449);
#2008=AXIS2_PLACEMENT_3D('',#3024,#2450,#2451);
#2009=AXIS2_PLACEMENT_3D('',#3027,#2453,#2454);
#2010=AXIS2_PLACEMENT_3D('',#3028,#2455,#2456);
#2011=AXIS2_PLACEMENT_3D('',#3029,#2457,#2458);
#2012=AXIS2_PLACEMENT_3D('',#3031,#2459,#2460);
#2013=AXIS2_PLACEMENT_3D('',#3034,#2462,#2463);
#2014=AXIS2_PLACEMENT_3D('',#3035,#2464,#2465);
#2015=AXIS2_PLACEMENT_3D('',#3037,#2466,#2467);
#2016=AXIS2_PLACEMENT_3D('',#3038,#2468,#2469);
#2017=AXIS2_PLACEMENT_3D('',#3040,#2470,#2471);
#2018=AXIS2_PLACEMENT_3D('',#3043,#2473,#2474);
#2019=AXIS2_PLACEMENT_3D('',#3044,#2475,#2476);
#2020=AXIS2_PLACEMENT_3D('',#3046,#2477,#2478);
#2021=AXIS2_PLACEMENT_3D('',#3047,#2479,#2480);
#2022=AXIS2_PLACEMENT_3D('',#3049,#2481,#2482);
#2023=AXIS2_PLACEMENT_3D('',#3052,#2484,#2485);
#2024=AXIS2_PLACEMENT_3D('',#3053,#2486,#2487);
#2025=AXIS2_PLACEMENT_3D('',#3055,#2488,#2489);
#2026=AXIS2_PLACEMENT_3D('',#3056,#2490,#2491);
#2027=AXIS2_PLACEMENT_3D('',#3058,#2492,#2493);
#2028=AXIS2_PLACEMENT_3D('',#3060,#2495,#2496);
#2029=AXIS2_PLACEMENT_3D('',#3062,#2497,#2498);
#2030=AXIS2_PLACEMENT_3D('',#3064,#2500,#2501);
#2031=AXIS2_PLACEMENT_3D('',#3066,#2502,#2503);
#2032=AXIS2_PLACEMENT_3D('',#3068,#2505,#2506);
#2033=AXIS2_PLACEMENT_3D('',#3070,#2507,#2508);
#2034=AXIS2_PLACEMENT_3D('',#3072,#2510,#2511);
#2035=AXIS2_PLACEMENT_3D('',#3074,#2512,#2513);
#2036=AXIS2_PLACEMENT_3D('',#3076,#2515,#2516);
#2037=AXIS2_PLACEMENT_3D('',#3078,#2517,#2518);
#2038=AXIS2_PLACEMENT_3D('',#3080,#2520,#2521);
#2039=AXIS2_PLACEMENT_3D('',#3082,#2522,#2523);
#2040=AXIS2_PLACEMENT_3D('',#3085,#2525,#2526);
#2041=AXIS2_PLACEMENT_3D('',#3086,#2527,#2528);
#2042=AXIS2_PLACEMENT_3D('',#3089,#2530,#2531);
#2043=AXIS2_PLACEMENT_3D('',#3090,#2532,#2533);
#2044=AXIS2_PLACEMENT_3D('',#3092,#2534,#2535);
#2045=AXIS2_PLACEMENT_3D('',#3093,#2536,#2537);
#2046=AXIS2_PLACEMENT_3D('',#3096,#2539,#2540);
#2047=AXIS2_PLACEMENT_3D('',#3097,#2541,#2542);
#2048=AXIS2_PLACEMENT_3D('',#3099,#2543,#2544);
#2049=AXIS2_PLACEMENT_3D('',#3100,#2545,#2546);
#2050=AXIS2_PLACEMENT_3D('',#3103,#2548,#2549);
#2051=AXIS2_PLACEMENT_3D('',#3104,#2550,#2551);
#2052=AXIS2_PLACEMENT_3D('',#3107,#2553,#2554);
#2053=AXIS2_PLACEMENT_3D('',#3108,#2555,#2556);
#2054=AXIS2_PLACEMENT_3D('',#3110,#2557,#2558);
#2055=AXIS2_PLACEMENT_3D('',#3112,#2559,#2560);
#2056=AXIS2_PLACEMENT_3D('',#3114,#2562,#2563);
#2057=AXIS2_PLACEMENT_3D('',#3120,#2567,#2568);
#2058=AXIS2_PLACEMENT_3D('',#3122,#2569,#2570);
#2059=AXIS2_PLACEMENT_3D('',#3124,#2571,#2572);
#2060=AXIS2_PLACEMENT_3D('',#3126,#2574,#2575);
#2061=AXIS2_PLACEMENT_3D('',#3133,#2580,#2581);
#2062=AXIS2_PLACEMENT_3D('',#3135,#2582,#2583);
#2063=AXIS2_PLACEMENT_3D('',#3138,#2585,#2586);
#2064=AXIS2_PLACEMENT_3D('',#3139,#2587,#2588);
#2065=AXIS2_PLACEMENT_3D('',#3142,#2591,#2592);
#2066=AXIS2_PLACEMENT_3D('',#3143,#2593,#2594);
#2067=AXIS2_PLACEMENT_3D('',#3146,#2596,#2597);
#2068=AXIS2_PLACEMENT_3D('',#3147,#2598,#2599);
#2069=AXIS2_PLACEMENT_3D('',#3151,#2602,#2603);
#2070=AXIS2_PLACEMENT_3D('',#3152,#2604,#2605);
#2071=AXIS2_PLACEMENT_3D('',#3153,#2606,#2607);
#2072=AXIS2_PLACEMENT_3D('',#3154,#2608,#2609);
#2073=AXIS2_PLACEMENT_3D('',#3156,#2611,#2612);
#2074=AXIS2_PLACEMENT_3D('',#3158,#2614,#2615);
#2075=AXIS2_PLACEMENT_3D('',#3160,#2617,#2618);
#2076=AXIS2_PLACEMENT_3D('',#3162,#2620,#2621);
#2077=AXIS2_PLACEMENT_3D('',#3164,#2623,#2624);
#2078=AXIS2_PLACEMENT_3D('',#3165,#2625,#2626);
#2079=DIRECTION('axis',(0.,0.,1.));
#2080=DIRECTION('refdir',(1.,0.,0.));
#2081=DIRECTION('axis',(0.,0.,1.));
#2082=DIRECTION('refdir',(1.,0.,0.));
#2083=DIRECTION('center_axis',(0.,0.,-1.));
#2084=DIRECTION('ref_axis',(1.,0.,0.));
#2085=DIRECTION('',(0.,1.,0.));
#2086=DIRECTION('',(1.,0.,0.));
#2087=DIRECTION('',(0.,-1.,0.));
#2088=DIRECTION('',(1.,0.,0.));
#2089=DIRECTION('center_axis',(3.15038342895331E-14,0.,1.));
#2090=DIRECTION('ref_axis',(-1.,0.,3.15038342895331E-14));
#2091=DIRECTION('',(0.,-1.,0.));
#2092=DIRECTION('',(-1.,0.,3.15038342895331E-14));
#2093=DIRECTION('',(0.,1.,0.));
#2094=DIRECTION('',(-1.,0.,3.15038342895331E-14));
#2095=DIRECTION('center_axis',(0.,-1.,0.));
#2096=DIRECTION('ref_axis',(0.,0.,-1.));
#2097=DIRECTION('center_axis',(0.,1.,0.));
#2098=DIRECTION('ref_axis',(1.,0.,0.));
#2099=DIRECTION('',(0.,0.,1.));
#2100=DIRECTION('center_axis',(0.,1.,0.));
#2101=DIRECTION('ref_axis',(1.,0.,0.));
#2102=DIRECTION('',(-1.,0.,0.));
#2103=DIRECTION('',(0.,0.,1.));
#2104=DIRECTION('',(1.,0.,-1.61486985400023E-16));
#2105=DIRECTION('',(0.,0.,-1.));
#2106=DIRECTION('center_axis',(0.,-1.,0.));
#2107=DIRECTION('ref_axis',(1.,0.,0.));
#2108=DIRECTION('center_axis',(0.,-1.,0.));
#2109=DIRECTION('ref_axis',(1.,0.,0.));
#2110=DIRECTION('center_axis',(0.,-1.,0.));
#2111=DIRECTION('ref_axis',(1.,0.,0.));
#2112=DIRECTION('',(0.,0.,-1.));
#2113=DIRECTION('center_axis',(0.,-1.,0.));
#2114=DIRECTION('ref_axis',(-8.8817841970012E-15,0.,-1.));
#2115=DIRECTION('',(1.,0.,0.));
#2116=DIRECTION('center_axis',(0.,-1.,0.));
#2117=DIRECTION('ref_axis',(1.,0.,2.22044604925032E-15));
#2118=DIRECTION('',(0.,0.,1.));
#2119=DIRECTION('center_axis',(0.,-1.,0.));
#2120=DIRECTION('ref_axis',(0.,0.,1.));
#2121=DIRECTION('',(-1.,0.,0.));
#2122=DIRECTION('center_axis',(0.,-1.,0.));
#2123=DIRECTION('ref_axis',(-1.,0.,-8.88178419700136E-15));
#2124=DIRECTION('',(0.,0.,-1.));
#2125=DIRECTION('center_axis',(0.,-1.,0.));
#2126=DIRECTION('ref_axis',(1.,0.,0.));
#2127=DIRECTION('center_axis',(0.,-1.,0.));
#2128=DIRECTION('ref_axis',(1.,0.,0.));
#2129=DIRECTION('center_axis',(0.,-1.,0.));
#2130=DIRECTION('ref_axis',(-1.,0.,0.));
#2131=DIRECTION('center_axis',(0.,-1.,0.));
#2132=DIRECTION('ref_axis',(-1.,0.,0.));
#2133=DIRECTION('center_axis',(0.,-1.,0.));
#2134=DIRECTION('ref_axis',(1.,0.,0.));
#2135=DIRECTION('center_axis',(0.,-1.,0.));
#2136=DIRECTION('ref_axis',(1.,0.,0.));
#2137=DIRECTION('center_axis',(0.,-1.,0.));
#2138=DIRECTION('ref_axis',(1.,0.,0.));
#2139=DIRECTION('center_axis',(0.,-1.,0.));
#2140=DIRECTION('ref_axis',(1.,0.,0.));
#2141=DIRECTION('center_axis',(0.,-1.,0.));
#2142=DIRECTION('ref_axis',(1.,0.,0.));
#2143=DIRECTION('center_axis',(0.,-1.,0.));
#2144=DIRECTION('ref_axis',(1.,0.,0.));
#2145=DIRECTION('center_axis',(-1.,0.,0.));
#2146=DIRECTION('ref_axis',(0.,0.,-1.));
#2147=DIRECTION('',(0.,-1.,0.));
#2148=DIRECTION('',(0.,0.,-1.));
#2149=DIRECTION('',(0.,-1.,0.));
#2150=DIRECTION('',(2.32235809926896E-16,0.,1.));
#2151=DIRECTION('',(0.,-1.,0.));
#2152=DIRECTION('center_axis',(0.,1.,0.));
#2153=DIRECTION('ref_axis',(1.,0.,0.));
#2154=DIRECTION('center_axis',(0.,-1.,0.));
#2155=DIRECTION('ref_axis',(1.,0.,0.));
#2156=DIRECTION('',(0.,1.,0.));
#2157=DIRECTION('center_axis',(0.,1.,0.));
#2158=DIRECTION('ref_axis',(1.,0.,0.));
#2159=DIRECTION('center_axis',(0.,1.,0.));
#2160=DIRECTION('ref_axis',(1.,0.,0.));
#2161=DIRECTION('center_axis',(0.,-1.,0.));
#2162=DIRECTION('ref_axis',(1.,0.,0.));
#2163=DIRECTION('center_axis',(0.,1.,0.));
#2164=DIRECTION('ref_axis',(1.,0.,0.));
#2165=DIRECTION('',(0.,-1.,0.));
#2166=DIRECTION('center_axis',(0.,1.,0.));
#2167=DIRECTION('ref_axis',(-1.,0.,0.));
#2168=DIRECTION('center_axis',(0.,1.,0.));
#2169=DIRECTION('ref_axis',(-1.,0.,0.));
#2170=DIRECTION('',(0.,1.,0.));
#2171=DIRECTION('center_axis',(0.,1.,0.));
#2172=DIRECTION('ref_axis',(-1.,0.,0.));
#2173=DIRECTION('',(0.,1.,0.));
#2174=DIRECTION('center_axis',(0.,0.,-1.));
#2175=DIRECTION('ref_axis',(-1.,0.,0.));
#2176=DIRECTION('',(-1.,0.,0.));
#2177=DIRECTION('',(0.,1.,0.));
#2178=DIRECTION('',(-1.,0.,0.));
#2179=DIRECTION('center_axis',(0.,1.,0.));
#2180=DIRECTION('ref_axis',(0.,0.,-1.));
#2181=DIRECTION('center_axis',(0.,1.,0.));
#2182=DIRECTION('ref_axis',(0.,0.,-1.));
#2183=DIRECTION('',(0.,1.,0.));
#2184=DIRECTION('center_axis',(0.,1.,0.));
#2185=DIRECTION('ref_axis',(0.,0.,-1.));
#2186=DIRECTION('center_axis',(1.,0.,-1.23358113847239E-15));
#2187=DIRECTION('ref_axis',(-1.23358113847239E-15,0.,-1.));
#2188=DIRECTION('',(-1.23358113847239E-15,0.,-1.));
#2189=DIRECTION('',(0.,1.,0.));
#2190=DIRECTION('',(-1.23358113847239E-15,0.,-1.));
#2191=DIRECTION('center_axis',(0.,1.,0.));
#2192=DIRECTION('ref_axis',(1.,0.,0.));
#2193=DIRECTION('center_axis',(0.,1.,0.));
#2194=DIRECTION('ref_axis',(1.,0.,0.));
#2195=DIRECTION('',(0.,1.,0.));
#2196=DIRECTION('center_axis',(0.,1.,0.));
#2197=DIRECTION('ref_axis',(1.,0.,0.));
#2198=DIRECTION('center_axis',(3.70074341541718E-15,0.,1.));
#2199=DIRECTION('ref_axis',(1.,0.,-3.70074341541718E-15));
#2200=DIRECTION('',(1.,0.,-3.70074341541718E-15));
#2201=DIRECTION('',(0.,1.,0.));
#2202=DIRECTION('',(1.,0.,-3.70074341541718E-15));
#2203=DIRECTION('center_axis',(0.,1.,0.));
#2204=DIRECTION('ref_axis',(0.,0.,1.));
#2205=DIRECTION('center_axis',(0.,1.,0.));
#2206=DIRECTION('ref_axis',(0.,0.,1.));
#2207=DIRECTION('',(0.,1.,0.));
#2208=DIRECTION('center_axis',(0.,1.,0.));
#2209=DIRECTION('ref_axis',(0.,0.,1.));
#2210=DIRECTION('center_axis',(-1.,0.,-8.88178419700113E-15));
#2211=DIRECTION('ref_axis',(-8.88178419700113E-15,0.,1.));
#2212=DIRECTION('',(-8.88178419700113E-15,0.,1.));
#2213=DIRECTION('',(0.,1.,0.));
#2214=DIRECTION('',(-8.88178419700113E-15,0.,1.));
#2215=DIRECTION('center_axis',(0.,0.,1.));
#2216=DIRECTION('ref_axis',(1.,0.,0.));
#2217=DIRECTION('',(1.,0.,0.));
#2218=DIRECTION('',(0.,-1.,0.));
#2219=DIRECTION('',(1.,0.,0.));
#2220=DIRECTION('center_axis',(0.,0.,-1.));
#2221=DIRECTION('ref_axis',(-1.,0.,0.));
#2222=DIRECTION('',(-1.,0.,0.));
#2223=DIRECTION('',(0.,1.,0.));
#2224=DIRECTION('',(-1.,0.,0.));
#2225=DIRECTION('',(0.,1.,0.));
#2226=DIRECTION('center_axis',(-1.,0.,8.88178419700113E-15));
#2227=DIRECTION('ref_axis',(8.88178419700113E-15,0.,1.));
#2228=DIRECTION('',(8.88178419700113E-15,0.,1.));
#2229=DIRECTION('',(8.88178419700113E-15,0.,1.));
#2230=DIRECTION('center_axis',(0.,-1.,0.));
#2231=DIRECTION('ref_axis',(1.,0.,0.));
#2232=DIRECTION('',(0.,0.,1.));
#2233=DIRECTION('center_axis',(0.,0.,1.));
#2234=DIRECTION('ref_axis',(1.,0.,0.));
#2235=DIRECTION('',(1.,0.,0.));
#2236=DIRECTION('',(0.,1.,0.));
#2237=DIRECTION('',(1.,0.,0.));
#2238=DIRECTION('',(0.,1.,0.));
#2239=DIRECTION('center_axis',(0.,1.,0.));
#2240=DIRECTION('ref_axis',(0.,0.,1.));
#2241=DIRECTION('center_axis',(0.,1.,0.));
#2242=DIRECTION('ref_axis',(0.,0.,1.));
#2243=DIRECTION('',(0.,1.,0.));
#2244=DIRECTION('center_axis',(0.,1.,0.));
#2245=DIRECTION('ref_axis',(0.,0.,1.));
#2246=DIRECTION('center_axis',(-1.,0.,0.));
#2247=DIRECTION('ref_axis',(0.,0.,1.));
#2248=DIRECTION('',(0.,0.,1.));
#2249=DIRECTION('',(0.,1.,0.));
#2250=DIRECTION('',(0.,0.,1.));
#2251=DIRECTION('center_axis',(0.,1.,0.));
#2252=DIRECTION('ref_axis',(-1.,0.,0.));
#2253=DIRECTION('center_axis',(0.,1.,0.));
#2254=DIRECTION('ref_axis',(-1.,0.,0.));
#2255=DIRECTION('',(0.,1.,0.));
#2256=DIRECTION('center_axis',(0.,1.,0.));
#2257=DIRECTION('ref_axis',(-1.,0.,0.));
#2258=DIRECTION('center_axis',(3.70074341541719E-15,0.,-1.));
#2259=DIRECTION('ref_axis',(-1.,0.,-3.70074341541719E-15));
#2260=DIRECTION('',(-1.,0.,-3.70074341541719E-15));
#2261=DIRECTION('',(0.,1.,0.));
#2262=DIRECTION('',(-1.,0.,-3.70074341541719E-15));
#2263=DIRECTION('center_axis',(0.,1.,0.));
#2264=DIRECTION('ref_axis',(0.,0.,-1.));
#2265=DIRECTION('center_axis',(0.,1.,0.));
#2266=DIRECTION('ref_axis',(0.,0.,-1.));
#2267=DIRECTION('',(0.,1.,0.));
#2268=DIRECTION('center_axis',(0.,1.,0.));
#2269=DIRECTION('ref_axis',(0.,0.,-1.));
#2270=DIRECTION('center_axis',(1.,0.,0.));
#2271=DIRECTION('ref_axis',(0.,0.,-1.));
#2272=DIRECTION('',(0.,0.,-1.));
#2273=DIRECTION('',(0.,1.,0.));
#2274=DIRECTION('',(0.,0.,-1.));
#2275=DIRECTION('center_axis',(0.,0.,-1.));
#2276=DIRECTION('ref_axis',(-1.,0.,0.));
#2277=DIRECTION('',(-1.,0.,0.));
#2278=DIRECTION('',(0.,-1.,0.));
#2279=DIRECTION('',(-1.,0.,0.));
#2280=DIRECTION('center_axis',(0.,0.,1.));
#2281=DIRECTION('ref_axis',(1.,0.,0.));
#2282=DIRECTION('',(1.,0.,0.));
#2283=DIRECTION('',(0.,1.,0.));
#2284=DIRECTION('',(1.,0.,0.));
#2285=DIRECTION('',(0.,1.,0.));
#2286=DIRECTION('center_axis',(1.,0.,0.));
#2287=DIRECTION('ref_axis',(0.,0.,-1.));
#2288=DIRECTION('',(0.,0.,-1.));
#2289=DIRECTION('',(0.,1.,0.));
#2290=DIRECTION('',(0.,0.,-1.));
#2291=DIRECTION('center_axis',(0.,1.,0.));
#2292=DIRECTION('ref_axis',(1.,0.,0.));
#2293=DIRECTION('center_axis',(0.,1.,0.));
#2294=DIRECTION('ref_axis',(1.,0.,0.));
#2295=DIRECTION('center_axis',(0.,1.,0.));
#2296=DIRECTION('ref_axis',(1.,0.,0.));
#2297=DIRECTION('center_axis',(0.,-1.,0.));
#2298=DIRECTION('ref_axis',(1.,0.,0.));
#2299=DIRECTION('',(0.,0.,-1.));
#2300=DIRECTION('center_axis',(-1.,0.,1.77635683940029E-14));
#2301=DIRECTION('ref_axis',(1.77635683940029E-14,0.,1.));
#2302=DIRECTION('',(1.77635683940029E-14,0.,1.));
#2303=DIRECTION('',(0.,1.,0.));
#2304=DIRECTION('',(1.77635683940029E-14,0.,1.));
#2305=DIRECTION('',(0.,1.,0.));
#2306=DIRECTION('center_axis',(0.,0.,1.));
#2307=DIRECTION('ref_axis',(1.,0.,0.));
#2308=DIRECTION('',(1.,0.,0.));
#2309=DIRECTION('',(0.,-1.,0.));
#2310=DIRECTION('',(1.,0.,0.));
#2311=DIRECTION('center_axis',(0.,0.,-1.));
#2312=DIRECTION('ref_axis',(-1.,0.,0.));
#2313=DIRECTION('',(-1.,0.,0.));
#2314=DIRECTION('',(0.,1.,0.));
#2315=DIRECTION('',(-1.,0.,0.));
#2316=DIRECTION('',(0.,1.,0.));
#2317=DIRECTION('center_axis',(-1.,0.,0.));
#2318=DIRECTION('ref_axis',(0.,0.,1.));
#2319=DIRECTION('',(0.,0.,1.));
#2320=DIRECTION('',(0.,1.,0.));
#2321=DIRECTION('',(0.,0.,1.));
#2322=DIRECTION('center_axis',(0.,1.,0.));
#2323=DIRECTION('ref_axis',(-1.,0.,0.));
#2324=DIRECTION('center_axis',(0.,1.,0.));
#2325=DIRECTION('ref_axis',(-1.,0.,0.));
#2326=DIRECTION('',(0.,1.,0.));
#2327=DIRECTION('center_axis',(0.,1.,0.));
#2328=DIRECTION('ref_axis',(-1.,0.,0.));
#2329=DIRECTION('center_axis',(3.70074341541718E-15,0.,-1.));
#2330=DIRECTION('ref_axis',(-1.,0.,-3.70074341541718E-15));
#2331=DIRECTION('',(-1.,0.,-3.70074341541718E-15));
#2332=DIRECTION('',(0.,1.,0.));
#2333=DIRECTION('',(-1.,0.,-3.70074341541718E-15));
#2334=DIRECTION('center_axis',(0.,1.,0.));
#2335=DIRECTION('ref_axis',(0.,0.,-1.));
#2336=DIRECTION('center_axis',(0.,1.,0.));
#2337=DIRECTION('ref_axis',(0.,0.,-1.));
#2338=DIRECTION('',(0.,1.,0.));
#2339=DIRECTION('center_axis',(0.,1.,0.));
#2340=DIRECTION('ref_axis',(0.,0.,-1.));
#2341=DIRECTION('center_axis',(1.,0.,2.46716227694479E-15));
#2342=DIRECTION('ref_axis',(2.46716227694479E-15,0.,-1.));
#2343=DIRECTION('',(2.46716227694479E-15,0.,-1.));
#2344=DIRECTION('',(0.,1.,0.));
#2345=DIRECTION('',(2.46716227694479E-15,0.,-1.));
#2346=DIRECTION('center_axis',(0.,1.,0.));
#2347=DIRECTION('ref_axis',(1.,0.,0.));
#2348=DIRECTION('center_axis',(0.,1.,0.));
#2349=DIRECTION('ref_axis',(1.,0.,0.));
#2350=DIRECTION('',(0.,1.,0.));
#2351=DIRECTION('center_axis',(0.,1.,0.));
#2352=DIRECTION('ref_axis',(1.,0.,0.));
#2353=DIRECTION('center_axis',(-1.85037170770859E-15,0.,1.));
#2354=DIRECTION('ref_axis',(1.,0.,1.85037170770859E-15));
#2355=DIRECTION('',(1.,0.,1.85037170770859E-15));
#2356=DIRECTION('',(0.,1.,0.));
#2357=DIRECTION('',(1.,0.,1.85037170770859E-15));
#2358=DIRECTION('center_axis',(0.,1.,0.));
#2359=DIRECTION('ref_axis',(0.,0.,1.));
#2360=DIRECTION('center_axis',(0.,1.,0.));
#2361=DIRECTION('ref_axis',(0.,0.,1.));
#2362=DIRECTION('center_axis',(0.,1.,0.));
#2363=DIRECTION('ref_axis',(0.,0.,1.));
#2364=DIRECTION('center_axis',(0.,-1.,0.));
#2365=DIRECTION('ref_axis',(1.,0.,0.));
#2366=DIRECTION('',(0.,0.,1.));
#2367=DIRECTION('center_axis',(0.,1.,0.));
#2368=DIRECTION('ref_axis',(1.,0.,0.));
#2369=DIRECTION('center_axis',(0.,1.,0.));
#2370=DIRECTION('ref_axis',(1.,0.,0.));
#2371=DIRECTION('',(0.,1.,0.));
#2372=DIRECTION('center_axis',(0.,1.,0.));
#2373=DIRECTION('ref_axis',(1.,0.,0.));
#2374=DIRECTION('',(0.,1.,0.));
#2375=DIRECTION('center_axis',(1.85037170770859E-15,0.,1.));
#2376=DIRECTION('ref_axis',(1.,0.,-1.85037170770859E-15));
#2377=DIRECTION('',(1.,0.,-1.85037170770859E-15));
#2378=DIRECTION('',(0.,1.,0.));
#2379=DIRECTION('',(1.,0.,-1.85037170770859E-15));
#2380=DIRECTION('center_axis',(0.,1.,0.));
#2381=DIRECTION('ref_axis',(0.,0.,1.));
#2382=DIRECTION('center_axis',(0.,1.,0.));
#2383=DIRECTION('ref_axis',(0.,0.,1.));
#2384=DIRECTION('',(0.,1.,0.));
#2385=DIRECTION('center_axis',(0.,1.,0.));
#2386=DIRECTION('ref_axis',(0.,0.,1.));
#2387=DIRECTION('center_axis',(-1.,0.,2.46716227694479E-15));
#2388=DIRECTION('ref_axis',(2.46716227694479E-15,0.,1.));
#2389=DIRECTION('',(2.46716227694479E-15,0.,1.));
#2390=DIRECTION('',(0.,1.,0.));
#2391=DIRECTION('',(2.46716227694479E-15,0.,1.));
#2392=DIRECTION('center_axis',(0.,1.,0.));
#2393=DIRECTION('ref_axis',(-1.,0.,0.));
#2394=DIRECTION('center_axis',(0.,1.,0.));
#2395=DIRECTION('ref_axis',(-1.,0.,0.));
#2396=DIRECTION('',(0.,1.,0.));
#2397=DIRECTION('center_axis',(0.,1.,0.));
#2398=DIRECTION('ref_axis',(-1.,0.,0.));
#2399=DIRECTION('center_axis',(-3.70074341541719E-15,0.,-1.));
#2400=DIRECTION('ref_axis',(-1.,0.,3.70074341541719E-15));
#2401=DIRECTION('',(-1.,0.,3.70074341541719E-15));
#2402=DIRECTION('',(0.,1.,0.));
#2403=DIRECTION('',(-1.,0.,3.70074341541719E-15));
#2404=DIRECTION('center_axis',(0.,1.,0.));
#2405=DIRECTION('ref_axis',(0.,0.,-1.));
#2406=DIRECTION('center_axis',(0.,1.,0.));
#2407=DIRECTION('ref_axis',(0.,0.,-1.));
#2408=DIRECTION('',(0.,1.,0.));
#2409=DIRECTION('center_axis',(0.,1.,0.));
#2410=DIRECTION('ref_axis',(0.,0.,-1.));
#2411=DIRECTION('center_axis',(1.,0.,0.));
#2412=DIRECTION('ref_axis',(0.,0.,-1.));
#2413=DIRECTION('',(0.,0.,-1.));
#2414=DIRECTION('',(0.,1.,0.));
#2415=DIRECTION('',(0.,0.,-1.));
#2416=DIRECTION('center_axis',(0.,0.,-1.));
#2417=DIRECTION('ref_axis',(-1.,0.,0.));
#2418=DIRECTION('',(-1.,0.,0.));
#2419=DIRECTION('',(0.,-1.,0.));
#2420=DIRECTION('',(-1.,0.,0.));
#2421=DIRECTION('center_axis',(0.,0.,1.));
#2422=DIRECTION('ref_axis',(1.,0.,0.));
#2423=DIRECTION('',(1.,0.,0.));
#2424=DIRECTION('',(0.,1.,0.));
#2425=DIRECTION('',(1.,0.,0.));
#2426=DIRECTION('',(0.,1.,0.));
#2427=DIRECTION('center_axis',(1.,0.,0.));
#2428=DIRECTION('ref_axis',(0.,0.,-1.));
#2429=DIRECTION('',(0.,0.,-1.));
#2430=DIRECTION('',(0.,0.,-1.));
#2431=DIRECTION('center_axis',(0.,-1.,0.));
#2432=DIRECTION('ref_axis',(1.,0.,0.));
#2433=DIRECTION('',(0.,0.,-1.));
#2434=DIRECTION('center_axis',(-1.,0.,0.));
#2435=DIRECTION('ref_axis',(0.,0.,1.));
#2436=DIRECTION('',(0.,0.,-1.));
#2437=DIRECTION('',(0.,1.,0.));
#2438=DIRECTION('',(0.,1.,0.));
#2439=DIRECTION('',(0.,0.,-1.));
#2440=DIRECTION('',(0.,0.,-1.));
#2441=DIRECTION('center_axis',(1.,0.,0.));
#2442=DIRECTION('ref_axis',(0.,0.,-1.));
#2443=DIRECTION('',(0.,0.,1.));
#2444=DIRECTION('',(0.,0.,1.));
#2445=DIRECTION('',(0.,1.,0.));
#2446=DIRECTION('',(0.,1.,0.));
#2447=DIRECTION('',(0.,0.,1.));
#2448=DIRECTION('center_axis',(0.,1.,0.));
#2449=DIRECTION('ref_axis',(1.,0.,0.));
#2450=DIRECTION('center_axis',(0.,1.,0.));
#2451=DIRECTION('ref_axis',(1.,0.,0.));
#2452=DIRECTION('',(0.,1.,0.));
#2453=DIRECTION('center_axis',(0.,1.,0.));
#2454=DIRECTION('ref_axis',(1.,0.,0.));
#2455=DIRECTION('center_axis',(0.,1.,0.));
#2456=DIRECTION('ref_axis',(1.,0.,0.));
#2457=DIRECTION('center_axis',(0.,1.,0.));
#2458=DIRECTION('ref_axis',(1.,0.,0.));
#2459=DIRECTION('center_axis',(0.,-1.,0.));
#2460=DIRECTION('ref_axis',(1.,0.,0.));
#2461=DIRECTION('',(0.,-1.,0.));
#2462=DIRECTION('center_axis',(0.,-1.,0.));
#2463=DIRECTION('ref_axis',(1.,0.,0.));
#2464=DIRECTION('center_axis',(0.,1.,0.));
#2465=DIRECTION('ref_axis',(1.,0.,0.));
#2466=DIRECTION('center_axis',(0.,-1.,0.));
#2467=DIRECTION('ref_axis',(1.,0.,0.));
#2468=DIRECTION('center_axis',(0.,1.,0.));
#2469=DIRECTION('ref_axis',(1.,0.,0.));
#2470=DIRECTION('center_axis',(0.,-1.,0.));
#2471=DIRECTION('ref_axis',(1.,0.,0.));
#2472=DIRECTION('',(0.,-1.,0.));
#2473=DIRECTION('center_axis',(0.,-1.,0.));
#2474=DIRECTION('ref_axis',(1.,0.,0.));
#2475=DIRECTION('center_axis',(0.,1.,0.));
#2476=DIRECTION('ref_axis',(1.,0.,0.));
#2477=DIRECTION('center_axis',(0.,-1.,0.));
#2478=DIRECTION('ref_axis',(1.,0.,0.));
#2479=DIRECTION('center_axis',(0.,1.,0.));
#2480=DIRECTION('ref_axis',(1.,0.,0.));
#2481=DIRECTION('center_axis',(0.,-1.,0.));
#2482=DIRECTION('ref_axis',(1.,0.,0.));
#2483=DIRECTION('',(0.,-1.,0.));
#2484=DIRECTION('center_axis',(0.,-1.,0.));
#2485=DIRECTION('ref_axis',(1.,0.,0.));
#2486=DIRECTION('center_axis',(0.,1.,0.));
#2487=DIRECTION('ref_axis',(1.,0.,0.));
#2488=DIRECTION('center_axis',(0.,-1.,0.));
#2489=DIRECTION('ref_axis',(1.,0.,0.));
#2490=DIRECTION('center_axis',(0.,1.,0.));
#2491=DIRECTION('ref_axis',(1.,0.,0.));
#2492=DIRECTION('center_axis',(0.,1.,0.));
#2493=DIRECTION('ref_axis',(1.,0.,0.));
#2494=DIRECTION('',(0.,1.,0.));
#2495=DIRECTION('center_axis',(0.,1.,0.));
#2496=DIRECTION('ref_axis',(1.,0.,0.));
#2497=DIRECTION('center_axis',(0.,1.,0.));
#2498=DIRECTION('ref_axis',(1.,0.,0.));
#2499=DIRECTION('',(0.,1.,0.));
#2500=DIRECTION('center_axis',(0.,1.,0.));
#2501=DIRECTION('ref_axis',(1.,0.,0.));
#2502=DIRECTION('center_axis',(0.,1.,0.));
#2503=DIRECTION('ref_axis',(1.,0.,0.));
#2504=DIRECTION('',(0.,1.,0.));
#2505=DIRECTION('center_axis',(0.,1.,0.));
#2506=DIRECTION('ref_axis',(1.,0.,0.));
#2507=DIRECTION('center_axis',(0.,1.,0.));
#2508=DIRECTION('ref_axis',(1.,0.,0.));
#2509=DIRECTION('',(0.,1.,0.));
#2510=DIRECTION('center_axis',(0.,1.,0.));
#2511=DIRECTION('ref_axis',(1.,0.,0.));
#2512=DIRECTION('center_axis',(0.,1.,0.));
#2513=DIRECTION('ref_axis',(1.,0.,0.));
#2514=DIRECTION('',(0.,1.,0.));
#2515=DIRECTION('center_axis',(0.,1.,0.));
#2516=DIRECTION('ref_axis',(1.,0.,0.));
#2517=DIRECTION('center_axis',(0.,1.,0.));
#2518=DIRECTION('ref_axis',(1.,0.,0.));
#2519=DIRECTION('',(0.,1.,0.));
#2520=DIRECTION('center_axis',(0.,-1.,0.));
#2521=DIRECTION('ref_axis',(-1.,0.,0.));
#2522=DIRECTION('center_axis',(0.,-1.,0.));
#2523=DIRECTION('ref_axis',(-1.,0.,0.));
#2524=DIRECTION('',(0.,-1.,0.));
#2525=DIRECTION('center_axis',(0.,1.,0.));
#2526=DIRECTION('ref_axis',(-1.,0.,0.));
#2527=DIRECTION('center_axis',(0.,-1.,0.));
#2528=DIRECTION('ref_axis',(-1.,0.,0.));
#2529=DIRECTION('',(0.,-1.,0.));
#2530=DIRECTION('center_axis',(0.,-1.,0.));
#2531=DIRECTION('ref_axis',(-1.,0.,0.));
#2532=DIRECTION('center_axis',(0.,1.,0.));
#2533=DIRECTION('ref_axis',(-1.,0.,0.));
#2534=DIRECTION('center_axis',(0.,1.,0.));
#2535=DIRECTION('ref_axis',(-1.,0.,0.));
#2536=DIRECTION('center_axis',(0.,-1.,0.));
#2537=DIRECTION('ref_axis',(-1.,0.,0.));
#2538=DIRECTION('',(0.,-1.,0.));
#2539=DIRECTION('center_axis',(0.,-1.,0.));
#2540=DIRECTION('ref_axis',(-1.,0.,0.));
#2541=DIRECTION('center_axis',(0.,1.,0.));
#2542=DIRECTION('ref_axis',(-1.,0.,0.));
#2543=DIRECTION('center_axis',(0.,1.,0.));
#2544=DIRECTION('ref_axis',(-1.,0.,0.));
#2545=DIRECTION('center_axis',(0.,-1.,0.));
#2546=DIRECTION('ref_axis',(-1.,0.,0.));
#2547=DIRECTION('',(0.,-1.,0.));
#2548=DIRECTION('center_axis',(0.,1.,0.));
#2549=DIRECTION('ref_axis',(-1.,0.,0.));
#2550=DIRECTION('center_axis',(0.,-1.,0.));
#2551=DIRECTION('ref_axis',(-1.,0.,0.));
#2552=DIRECTION('',(0.,-1.,0.));
#2553=DIRECTION('center_axis',(0.,1.,0.));
#2554=DIRECTION('ref_axis',(-1.,0.,0.));
#2555=DIRECTION('center_axis',(0.,-1.,0.));
#2556=DIRECTION('ref_axis',(-1.,0.,0.));
#2557=DIRECTION('center_axis',(0.,1.,0.));
#2558=DIRECTION('ref_axis',(-1.,0.,0.));
#2559=DIRECTION('center_axis',(0.,-1.,0.));
#2560=DIRECTION('ref_axis',(-1.,0.,0.));
#2561=DIRECTION('',(0.,-1.,0.));
#2562=DIRECTION('center_axis',(0.,0.,1.));
#2563=DIRECTION('ref_axis',(-1.,0.,0.));
#2564=DIRECTION('',(1.,0.,0.));
#2565=DIRECTION('',(-1.,0.,0.));
#2566=DIRECTION('',(0.,-1.,0.));
#2567=DIRECTION('center_axis',(0.,-1.,0.));
#2568=DIRECTION('ref_axis',(0.,0.,1.));
#2569=DIRECTION('center_axis',(0.,1.,0.));
#2570=DIRECTION('ref_axis',(0.,0.,1.));
#2571=DIRECTION('center_axis',(0.,-1.,0.));
#2572=DIRECTION('ref_axis',(0.,0.,1.));
#2573=DIRECTION('',(0.,-1.,0.));
#2574=DIRECTION('center_axis',(1.,0.,0.));
#2575=DIRECTION('ref_axis',(0.,0.,1.));
#2576=DIRECTION('',(0.,0.,1.));
#2577=DIRECTION('',(0.,-1.,0.));
#2578=DIRECTION('',(0.,-1.,0.));
#2579=DIRECTION('',(0.,0.,-1.));
#2580=DIRECTION('center_axis',(0.,1.,0.));
#2581=DIRECTION('ref_axis',(-1.,0.,0.));
#2582=DIRECTION('center_axis',(0.,-1.,0.));
#2583=DIRECTION('ref_axis',(-1.,0.,-8.88178419700136E-15));
#2584=DIRECTION('',(-1.,0.,0.));
#2585=DIRECTION('center_axis',(0.,-1.,0.));
#2586=DIRECTION('ref_axis',(0.,0.,1.));
#2587=DIRECTION('center_axis',(0.,0.,1.));
#2588=DIRECTION('ref_axis',(-1.,0.,0.));
#2589=DIRECTION('',(0.,-1.,0.));
#2590=DIRECTION('',(0.,-1.,0.));
#2591=DIRECTION('center_axis',(0.,-1.,0.));
#2592=DIRECTION('ref_axis',(0.,0.,1.));
#2593=DIRECTION('center_axis',(0.,-1.,0.));
#2594=DIRECTION('ref_axis',(1.,0.,2.22044604925032E-15));
#2595=DIRECTION('',(0.,-1.,0.));
#2596=DIRECTION('center_axis',(0.,1.,0.));
#2597=DIRECTION('ref_axis',(1.,0.,2.22044604925032E-15));
#2598=DIRECTION('center_axis',(0.,0.,-1.));
#2599=DIRECTION('ref_axis',(1.,0.,0.));
#2600=DIRECTION('',(0.,-1.,0.));
#2601=DIRECTION('',(-1.,0.,0.));
#2602=DIRECTION('center_axis',(0.,-1.,0.));
#2603=DIRECTION('ref_axis',(-8.8817841970012E-15,0.,-1.));
#2604=DIRECTION('center_axis',(0.,1.,0.));
#2605=DIRECTION('ref_axis',(-8.8817841970012E-15,0.,-1.));
#2606=DIRECTION('center_axis',(0.,-1.,0.));
#2607=DIRECTION('ref_axis',(-1.,0.,-8.88178419700136E-15));
#2608=DIRECTION('center_axis',(0.,1.,0.));
#2609=DIRECTION('ref_axis',(1.,0.,0.));
#2610=DIRECTION('',(0.,-1.,0.));
#2611=DIRECTION('center_axis',(0.,1.,0.));
#2612=DIRECTION('ref_axis',(1.,0.,0.));
#2613=DIRECTION('',(0.,-1.,0.));
#2614=DIRECTION('center_axis',(0.,1.,0.));
#2615=DIRECTION('ref_axis',(1.,0.,0.));
#2616=DIRECTION('',(0.,-1.,0.));
#2617=DIRECTION('center_axis',(1.61486985400023E-16,0.,1.));
#2618=DIRECTION('ref_axis',(1.,0.,-1.61486985400023E-16));
#2619=DIRECTION('',(-1.,0.,1.61486985400023E-16));
#2620=DIRECTION('center_axis',(0.,0.,-1.));
#2621=DIRECTION('ref_axis',(-1.,0.,0.));
#2622=DIRECTION('',(1.,0.,0.));
#2623=DIRECTION('center_axis',(0.,1.,0.));
#2624=DIRECTION('ref_axis',(1.,0.,0.));
#2625=DIRECTION('',(0.,0.,1.));
#2626=DIRECTION('',(1.,0.,0.));
#2627=CARTESIAN_POINT('',(0.,0.,0.));
#2628=CARTESIAN_POINT('',(0.,0.,0.));
#2629=CARTESIAN_POINT('Origin',(31.4867741000183,8.,38.85463820043));
#2630=CARTESIAN_POINT('',(32.7342536530839,7.,38.85463820043));
#2631=CARTESIAN_POINT('',(32.7342536530839,8.,38.85463820043));
#2632=CARTESIAN_POINT('',(32.7342536530839,0.,38.85463820043));
#2633=CARTESIAN_POINT('',(36.4756794513589,7.,38.85463820043));
#2634=CARTESIAN_POINT('',(36.4756794513589,7.,38.85463820043));
#2635=CARTESIAN_POINT('',(36.4756794513589,8.,38.85463820043));
#2636=CARTESIAN_POINT('',(36.4756794513589,8.,38.85463820043));
#2637=CARTESIAN_POINT('',(34.6439966897215,8.,38.85463820043));
#2638=CARTESIAN_POINT('Origin',(36.475679451365,8.,40.8546382004303));
#2639=CARTESIAN_POINT('',(32.7342536530839,8.,40.8546382004304));
#2640=CARTESIAN_POINT('',(32.7342536530839,7.,40.8546382004304));
#2641=CARTESIAN_POINT('',(32.7342536530839,0.,40.8546382004304));
#2642=CARTESIAN_POINT('',(36.475679451365,8.,40.8546382004302));
#2643=CARTESIAN_POINT('',(37.1384493653948,8.,40.8546382004303));
#2644=CARTESIAN_POINT('',(36.475679451365,7.,40.8546382004302));
#2645=CARTESIAN_POINT('',(36.4756794513589,8.,40.8546382004303));
#2646=CARTESIAN_POINT('',(33.7421907874918,7.,40.8546382004304));
#2647=CARTESIAN_POINT('Origin',(33.9812267756916,7.,39.8546382004303));
#2648=CARTESIAN_POINT('Origin',(25.3012192794247,7.,39.8546382004302));
#2649=CARTESIAN_POINT('',(36.4756794513589,7.,40.8554687065141));
#2650=CARTESIAN_POINT('Origin',(37.8012192794247,8.,39.8546382004302));
#2651=CARTESIAN_POINT('',(65.3012192794247,8.,14.8546382004302));
#2652=CARTESIAN_POINT('',(10.3012192794247,8.,14.8546382004302));
#2653=CARTESIAN_POINT('',(10.3012192794247,8.,14.8546382004302));
#2654=CARTESIAN_POINT('',(10.3012192794247,8.,64.8546382004302));
#2655=CARTESIAN_POINT('',(10.3012192794247,8.,64.8546382004302));
#2656=CARTESIAN_POINT('',(65.3012192794247,8.,64.8546382004302));
#2657=CARTESIAN_POINT('',(65.3012192794247,8.,64.8546382004302));
#2658=CARTESIAN_POINT('',(65.3012192794247,8.,14.8546382004302));
#2659=CARTESIAN_POINT('',(50.5512192794247,8.,39.8546382004302));
#2660=CARTESIAN_POINT('Origin',(55.3012192794247,8.,39.8546382004302));
#2661=CARTESIAN_POINT('',(19.5512192794247,8.,22.3546382004302));
#2662=CARTESIAN_POINT('Origin',(24.3012192794247,8.,22.3546382004302));
#2663=CARTESIAN_POINT('',(19.5512192794247,8.,57.3546382004302));
#2664=CARTESIAN_POINT('Origin',(24.3012192794247,8.,57.3546382004302));
#2665=CARTESIAN_POINT('',(36.4756794513589,8.,18.6316586233169));
#2666=CARTESIAN_POINT('',(36.4756794513589,8.,40.8554687065141));
#2667=CARTESIAN_POINT('',(37.4756794513589,8.,17.6316586233169));
#2668=CARTESIAN_POINT('Origin',(37.4756794513589,8.,18.6316586233169));
#2669=CARTESIAN_POINT('',(46.9503022606049,8.,17.6316586233169));
#2670=CARTESIAN_POINT('',(37.6384493653918,8.,17.6316586233169));
#2671=CARTESIAN_POINT('',(47.9503022606049,8.,18.6316586233169));
#2672=CARTESIAN_POINT('Origin',(46.9503022606049,8.,18.6316586233169));
#2673=CARTESIAN_POINT('',(47.9503022606049,8.,41.856299212598));
#2674=CARTESIAN_POINT('',(47.9503022606049,8.,29.2431484118736));
#2675=CARTESIAN_POINT('',(46.9503022606049,8.,42.856299212598));
#2676=CARTESIAN_POINT('Origin',(46.9503022606049,8.,41.856299212598));
#2677=CARTESIAN_POINT('',(37.4756794513589,8.,42.856299212598));
#2678=CARTESIAN_POINT('',(42.3757607700148,8.,42.856299212598));
#2679=CARTESIAN_POINT('',(36.4756794513589,8.,41.856299212598));
#2680=CARTESIAN_POINT('Origin',(37.4756794513589,8.,41.856299212598));
#2681=CARTESIAN_POINT('',(36.4756794513589,8.,40.8554687065141));
#2682=CARTESIAN_POINT('',(17.8012192794247,8.,39.8546382004302));
#2683=CARTESIAN_POINT('Origin',(25.3012192794247,8.,39.8546382004302));
#2684=CARTESIAN_POINT('Origin',(25.3012192794247,8.,39.8546382004302));
#2685=CARTESIAN_POINT('',(58.3012192794247,8.,24.8546382004302));
#2686=CARTESIAN_POINT('Origin',(55.3012192794247,8.,24.8546382004302));
#2687=CARTESIAN_POINT('',(58.3012192794247,8.,54.8546382004302));
#2688=CARTESIAN_POINT('Origin',(55.3012192794247,8.,54.8546382004302));
#2689=CARTESIAN_POINT('',(15.5012192794247,8.,30.8546382004302));
#2690=CARTESIAN_POINT('Origin',(16.3012192794247,8.,30.8546382004302));
#2691=CARTESIAN_POINT('',(33.5012192794247,8.,48.8546382004302));
#2692=CARTESIAN_POINT('Origin',(34.3012192794247,8.,48.8546382004302));
#2693=CARTESIAN_POINT('',(59.5512192794247,8.,60.8546382004302));
#2694=CARTESIAN_POINT('Origin',(60.8012192794247,8.,60.8546382004302));
#2695=CARTESIAN_POINT('',(13.5512192794247,8.,18.8546382004302));
#2696=CARTESIAN_POINT('Origin',(14.8012192794247,8.,18.8546382004302));
#2697=CARTESIAN_POINT('',(13.5512192794247,8.,60.8546382004302));
#2698=CARTESIAN_POINT('Origin',(14.8012192794247,8.,60.8546382004302));
#2699=CARTESIAN_POINT('',(59.5512192794247,8.,18.8546382004302));
#2700=CARTESIAN_POINT('Origin',(60.8012192794247,8.,18.8546382004302));
#2701=CARTESIAN_POINT('Origin',(36.4756794513589,8.,41.856299212598));
#2702=CARTESIAN_POINT('',(36.4756794513589,4.,41.856299212598));
#2703=CARTESIAN_POINT('',(36.4756794513589,8.,41.856299212598));
#2704=CARTESIAN_POINT('',(36.4756794513589,4.,21.5316586233169));
#2705=CARTESIAN_POINT('',(36.4756794513589,4.,21.5316586233169));
#2706=CARTESIAN_POINT('',(36.4756794513589,0.,21.5316586233169));
#2707=CARTESIAN_POINT('',(36.4756794513589,8.,21.5316586233169));
#2708=CARTESIAN_POINT('',(36.4756794513589,0.,18.6316586233169));
#2709=CARTESIAN_POINT('',(36.4756794513589,0.,30.6931484118736));
#2710=CARTESIAN_POINT('',(36.4756794513589,8.,18.6316586233169));
#2711=CARTESIAN_POINT('Origin',(25.3012192794247,0.,39.8546382004302));
#2712=CARTESIAN_POINT('',(16.8012192794247,1.5,39.8546382004302));
#2713=CARTESIAN_POINT('Origin',(25.3012192794247,1.5,39.8546382004302));
#2714=CARTESIAN_POINT('',(16.8012192794247,2.,39.8546382004302));
#2715=CARTESIAN_POINT('',(16.8012192794247,0.,39.8546382004302));
#2716=CARTESIAN_POINT('Origin',(25.3012192794247,2.,39.8546382004302));
#2717=CARTESIAN_POINT('Origin',(25.3012192794247,2.,39.8546382004302));
#2718=CARTESIAN_POINT('',(17.8012192794247,2.,39.8546382004302));
#2719=CARTESIAN_POINT('Origin',(25.3012192794247,2.,39.8546382004302));
#2720=CARTESIAN_POINT('Origin',(25.3012192794247,0.,39.8546382004302));
#2721=CARTESIAN_POINT('',(17.8012192794247,0.,39.8546382004302));
#2722=CARTESIAN_POINT('Origin',(13.3012192794247,0.,54.0546382004302));
#2723=CARTESIAN_POINT('',(13.3012192794247,0.,53.0546382004302));
#2724=CARTESIAN_POINT('',(12.3012192794247,0.,54.0546382004302));
#2725=CARTESIAN_POINT('Origin',(13.3012192794247,0.,54.0546382004302));
#2726=CARTESIAN_POINT('',(13.3012192794247,6.35,53.0546382004302));
#2727=CARTESIAN_POINT('',(13.3012192794247,0.,53.0546382004302));
#2728=CARTESIAN_POINT('',(12.3012192794247,6.35,54.0546382004302));
#2729=CARTESIAN_POINT('Origin',(13.3012192794247,6.35,54.0546382004302));
#2730=CARTESIAN_POINT('',(12.3012192794247,0.,54.0546382004302));
#2731=CARTESIAN_POINT('Origin',(15.7012192794247,0.,53.0546382004302));
#2732=CARTESIAN_POINT('',(15.7012192794247,0.,53.0546382004302));
#2733=CARTESIAN_POINT('',(26.7512192794247,0.,53.0546382004302));
#2734=CARTESIAN_POINT('',(15.7012192794247,6.35,53.0546382004302));
#2735=CARTESIAN_POINT('',(15.7012192794247,0.,53.0546382004302));
#2736=CARTESIAN_POINT('',(13.3012192794247,6.35,53.0546382004302));
#2737=CARTESIAN_POINT('Origin',(15.7012192794247,0.,54.0546382004302));
#2738=CARTESIAN_POINT('',(16.7012192794247,0.,54.0546382004302));
#2739=CARTESIAN_POINT('Origin',(15.7012192794247,0.,54.0546382004302));
#2740=CARTESIAN_POINT('',(16.7012192794247,6.35,54.0546382004302));
#2741=CARTESIAN_POINT('',(16.7012192794247,0.,54.0546382004302));
#2742=CARTESIAN_POINT('Origin',(15.7012192794247,6.35,54.0546382004302));
#2743=CARTESIAN_POINT('Origin',(16.7012192794247,0.,57.6546382004302));
#2744=CARTESIAN_POINT('',(16.7012192794247,0.,57.6546382004302));
#2745=CARTESIAN_POINT('',(16.7012192794247,0.,48.7546382004302));
#2746=CARTESIAN_POINT('',(16.7012192794247,6.35,57.6546382004302));
#2747=CARTESIAN_POINT('',(16.7012192794247,0.,57.6546382004302));
#2748=CARTESIAN_POINT('',(16.7012192794247,6.35,54.0546382004302));
#2749=CARTESIAN_POINT('Origin',(15.7012192794247,0.,57.6546382004302));
#2750=CARTESIAN_POINT('',(15.7012192794247,0.,58.6546382004302));
#2751=CARTESIAN_POINT('Origin',(15.7012192794247,0.,57.6546382004302));
#2752=CARTESIAN_POINT('',(15.7012192794247,6.35,58.6546382004302));
#2753=CARTESIAN_POINT('',(15.7012192794247,0.,58.6546382004302));
#2754=CARTESIAN_POINT('Origin',(15.7012192794247,6.35,57.6546382004302));
#2755=CARTESIAN_POINT('Origin',(13.3012192794247,0.,58.6546382004302));
#2756=CARTESIAN_POINT('',(13.3012192794247,0.,58.6546382004302));
#2757=CARTESIAN_POINT('',(25.5512192794247,0.,58.6546382004302));
#2758=CARTESIAN_POINT('',(13.3012192794247,6.35,58.6546382004302));
#2759=CARTESIAN_POINT('',(13.3012192794247,0.,58.6546382004302));
#2760=CARTESIAN_POINT('',(15.7012192794247,6.35,58.6546382004302));
#2761=CARTESIAN_POINT('Origin',(13.3012192794247,0.,57.6546382004302));
#2762=CARTESIAN_POINT('',(12.3012192794247,0.,57.6546382004302));
#2763=CARTESIAN_POINT('Origin',(13.3012192794247,0.,57.6546382004302));
#2764=CARTESIAN_POINT('',(12.3012192794247,6.35,57.6546382004302));
#2765=CARTESIAN_POINT('',(12.3012192794247,0.,57.6546382004302));
#2766=CARTESIAN_POINT('Origin',(13.3012192794247,6.35,57.6546382004302));
#2767=CARTESIAN_POINT('Origin',(12.3012192794247,0.,57.4046382004302));
#2768=CARTESIAN_POINT('',(12.3012192794247,0.,57.4046382004302));
#2769=CARTESIAN_POINT('',(12.3012192794248,0.,48.6296382004301));
#2770=CARTESIAN_POINT('',(12.3012192794247,6.35,57.4046382004302));
#2771=CARTESIAN_POINT('',(12.3012192794247,0.,57.4046382004302));
#2772=CARTESIAN_POINT('',(12.3012192794247,6.35,57.6546382004302));
#2773=CARTESIAN_POINT('Origin',(10.3012192794247,0.,57.4046382004302));
#2774=CARTESIAN_POINT('',(10.3012192794247,0.,57.4046382004302));
#2775=CARTESIAN_POINT('',(24.0512192794247,0.,57.4046382004302));
#2776=CARTESIAN_POINT('',(10.3012192794247,6.35,57.4046382004302));
#2777=CARTESIAN_POINT('',(10.3012192794247,0.,57.4046382004302));
#2778=CARTESIAN_POINT('',(10.3012192794247,6.35,57.4046382004302));
#2779=CARTESIAN_POINT('Origin',(12.3012192794247,0.,54.3046382004302));
#2780=CARTESIAN_POINT('',(12.3012192794247,0.,54.3046382004302));
#2781=CARTESIAN_POINT('',(10.3012192794247,0.,54.3046382004302));
#2782=CARTESIAN_POINT('',(25.0512192794247,0.,54.3046382004302));
#2783=CARTESIAN_POINT('',(12.3012192794247,6.35,54.3046382004302));
#2784=CARTESIAN_POINT('',(12.3012192794247,0.,54.3046382004302));
#2785=CARTESIAN_POINT('',(10.3012192794247,6.35,54.3046382004302));
#2786=CARTESIAN_POINT('',(12.3012192794247,6.35,54.3046382004302));
#2787=CARTESIAN_POINT('',(10.3012192794247,0.,54.3046382004302));
#2788=CARTESIAN_POINT('Origin',(12.3012192794247,0.,54.0546382004302));
#2789=CARTESIAN_POINT('',(12.3012192794246,0.,46.9546382004303));
#2790=CARTESIAN_POINT('',(12.3012192794247,6.35,54.3046382004302));
#2791=CARTESIAN_POINT('Origin',(13.5012192794247,6.35,55.8546382004302));
#2792=CARTESIAN_POINT('',(10.3012192794247,6.35,35.3546382004302));
#2793=CARTESIAN_POINT('Origin',(59.9012192794247,0.,58.6546382004302));
#2794=CARTESIAN_POINT('',(59.9012192794247,0.,58.6546382004302));
#2795=CARTESIAN_POINT('',(62.3012192794247,0.,58.6546382004302));
#2796=CARTESIAN_POINT('',(48.8512192794247,0.,58.6546382004302));
#2797=CARTESIAN_POINT('',(59.9012192794247,6.35,58.6546382004302));
#2798=CARTESIAN_POINT('',(59.9012192794247,0.,58.6546382004302));
#2799=CARTESIAN_POINT('',(62.3012192794247,6.35,58.6546382004302));
#2800=CARTESIAN_POINT('',(59.9012192794247,6.35,58.6546382004302));
#2801=CARTESIAN_POINT('',(62.3012192794247,0.,58.6546382004302));
#2802=CARTESIAN_POINT('Origin',(59.9012192794247,0.,57.6546382004302));
#2803=CARTESIAN_POINT('',(58.9012192794247,0.,57.6546382004302));
#2804=CARTESIAN_POINT('Origin',(59.9012192794247,0.,57.6546382004302));
#2805=CARTESIAN_POINT('',(58.9012192794247,6.35,57.6546382004302));
#2806=CARTESIAN_POINT('',(58.9012192794247,0.,57.6546382004302));
#2807=CARTESIAN_POINT('Origin',(59.9012192794247,6.35,57.6546382004302));
#2808=CARTESIAN_POINT('Origin',(58.9012192794247,0.,54.0546382004302));
#2809=CARTESIAN_POINT('',(58.9012192794247,0.,54.0546382004302));
#2810=CARTESIAN_POINT('',(58.9012192794247,0.,46.9546382004302));
#2811=CARTESIAN_POINT('',(58.9012192794247,6.35,54.0546382004302));
#2812=CARTESIAN_POINT('',(58.9012192794247,0.,54.0546382004302));
#2813=CARTESIAN_POINT('',(58.9012192794247,6.35,54.0546382004302));
#2814=CARTESIAN_POINT('Origin',(59.9012192794247,0.,54.0546382004302));
#2815=CARTESIAN_POINT('',(59.9012192794247,0.,53.0546382004302));
#2816=CARTESIAN_POINT('Origin',(59.9012192794247,0.,54.0546382004302));
#2817=CARTESIAN_POINT('',(59.9012192794247,6.35,53.0546382004302));
#2818=CARTESIAN_POINT('',(59.9012192794247,0.,53.0546382004302));
#2819=CARTESIAN_POINT('Origin',(59.9012192794247,6.35,54.0546382004302));
#2820=CARTESIAN_POINT('Origin',(62.3012192794247,0.,53.0546382004302));
#2821=CARTESIAN_POINT('',(62.3012192794247,0.,53.0546382004302));
#2822=CARTESIAN_POINT('',(50.0512192794247,0.,53.0546382004302));
#2823=CARTESIAN_POINT('',(62.3012192794247,6.35,53.0546382004302));
#2824=CARTESIAN_POINT('',(62.3012192794247,0.,53.0546382004302));
#2825=CARTESIAN_POINT('',(62.3012192794247,6.35,53.0546382004302));
#2826=CARTESIAN_POINT('Origin',(62.3012192794247,0.,54.0546382004302));
#2827=CARTESIAN_POINT('',(63.3012192794247,0.,54.0546382004302));
#2828=CARTESIAN_POINT('Origin',(62.3012192794247,0.,54.0546382004302));
#2829=CARTESIAN_POINT('',(63.3012192794247,6.35,54.0546382004302));
#2830=CARTESIAN_POINT('',(63.3012192794247,0.,54.0546382004302));
#2831=CARTESIAN_POINT('Origin',(62.3012192794247,6.35,54.0546382004302));
#2832=CARTESIAN_POINT('Origin',(63.3012192794247,0.,54.3046382004302));
#2833=CARTESIAN_POINT('',(63.3012192794247,0.,54.3046382004302));
#2834=CARTESIAN_POINT('',(63.3012192794247,0.,47.0796382004302));
#2835=CARTESIAN_POINT('',(63.3012192794247,6.35,54.3046382004302));
#2836=CARTESIAN_POINT('',(63.3012192794247,0.,54.3046382004302));
#2837=CARTESIAN_POINT('',(63.3012192794247,6.35,54.3046382004302));
#2838=CARTESIAN_POINT('Origin',(65.3012192794247,0.,54.3046382004302));
#2839=CARTESIAN_POINT('',(65.3012192794247,0.,54.3046382004302));
#2840=CARTESIAN_POINT('',(51.5512192794247,0.,54.3046382004302));
#2841=CARTESIAN_POINT('',(65.3012192794247,6.35,54.3046382004302));
#2842=CARTESIAN_POINT('',(65.3012192794247,0.,54.3046382004302));
#2843=CARTESIAN_POINT('',(63.3012192794247,6.35,54.3046382004302));
#2844=CARTESIAN_POINT('Origin',(63.3012192794247,0.,57.4046382004302));
#2845=CARTESIAN_POINT('',(63.3012192794247,0.,57.4046382004302));
#2846=CARTESIAN_POINT('',(65.3012192794247,0.,57.4046382004302));
#2847=CARTESIAN_POINT('',(50.5512192794247,0.,57.4046382004302));
#2848=CARTESIAN_POINT('',(63.3012192794247,6.35,57.4046382004302));
#2849=CARTESIAN_POINT('',(63.3012192794247,0.,57.4046382004302));
#2850=CARTESIAN_POINT('',(65.3012192794247,6.35,57.4046382004302));
#2851=CARTESIAN_POINT('',(65.3012192794247,6.35,57.4046382004302));
#2852=CARTESIAN_POINT('',(65.3012192794247,0.,57.4046382004302));
#2853=CARTESIAN_POINT('Origin',(63.3012192794247,0.,57.6546382004302));
#2854=CARTESIAN_POINT('',(63.3012192794247,0.,57.6546382004302));
#2855=CARTESIAN_POINT('',(63.3012192794247,0.,48.7546382004302));
#2856=CARTESIAN_POINT('',(63.3012192794247,6.35,57.6546382004302));
#2857=CARTESIAN_POINT('',(63.3012192794247,0.,57.6546382004302));
#2858=CARTESIAN_POINT('',(63.3012192794247,6.35,57.6546382004302));
#2859=CARTESIAN_POINT('Origin',(62.3012192794247,0.,57.6546382004302));
#2860=CARTESIAN_POINT('Origin',(62.3012192794247,0.,57.6546382004302));
#2861=CARTESIAN_POINT('Origin',(62.3012192794247,6.35,57.6546382004302));
#2862=CARTESIAN_POINT('Origin',(62.1012192794247,6.35,55.8546382004302));
#2863=CARTESIAN_POINT('',(65.3012192794247,6.35,60.3546382004302));
#2864=CARTESIAN_POINT('Origin',(12.3012192794247,0.,25.4046382004302));
#2865=CARTESIAN_POINT('',(12.3012192794247,0.,25.4046382004302));
#2866=CARTESIAN_POINT('',(12.3012192794247,0.,25.6546382004302));
#2867=CARTESIAN_POINT('',(12.3012192794248,0.,32.6296382004304));
#2868=CARTESIAN_POINT('',(12.3012192794247,6.35,25.4046382004302));
#2869=CARTESIAN_POINT('',(12.3012192794247,0.,25.4046382004302));
#2870=CARTESIAN_POINT('',(12.3012192794247,6.35,25.6546382004302));
#2871=CARTESIAN_POINT('',(12.3012192794247,6.35,25.4046382004302));
#2872=CARTESIAN_POINT('',(12.3012192794247,0.,25.6546382004302));
#2873=CARTESIAN_POINT('Origin',(10.3012192794247,0.,25.4046382004302));
#2874=CARTESIAN_POINT('',(10.3012192794247,0.,25.4046382004302));
#2875=CARTESIAN_POINT('',(24.0512192794247,0.,25.4046382004302));
#2876=CARTESIAN_POINT('',(10.3012192794247,6.35,25.4046382004302));
#2877=CARTESIAN_POINT('',(10.3012192794247,0.,25.4046382004302));
#2878=CARTESIAN_POINT('',(12.3012192794247,6.35,25.4046382004302));
#2879=CARTESIAN_POINT('Origin',(12.3012192794247,0.,22.3046382004302));
#2880=CARTESIAN_POINT('',(12.3012192794247,0.,22.3046382004302));
#2881=CARTESIAN_POINT('',(10.3012192794247,0.,22.3046382004302));
#2882=CARTESIAN_POINT('',(25.0512192794247,0.,22.3046382004302));
#2883=CARTESIAN_POINT('',(12.3012192794247,6.35,22.3046382004302));
#2884=CARTESIAN_POINT('',(12.3012192794247,0.,22.3046382004302));
#2885=CARTESIAN_POINT('',(10.3012192794247,6.35,22.3046382004302));
#2886=CARTESIAN_POINT('',(10.3012192794247,6.35,22.3046382004302));
#2887=CARTESIAN_POINT('',(10.3012192794247,0.,22.3046382004302));
#2888=CARTESIAN_POINT('Origin',(12.3012192794247,0.,22.0546382004302));
#2889=CARTESIAN_POINT('',(12.3012192794247,0.,22.0546382004302));
#2890=CARTESIAN_POINT('',(12.3012192794247,0.,30.9546382004302));
#2891=CARTESIAN_POINT('',(12.3012192794247,6.35,22.0546382004302));
#2892=CARTESIAN_POINT('',(12.3012192794247,0.,22.0546382004302));
#2893=CARTESIAN_POINT('',(12.3012192794247,6.35,22.0546382004302));
#2894=CARTESIAN_POINT('Origin',(13.3012192794247,0.,22.0546382004302));
#2895=CARTESIAN_POINT('',(13.3012192794247,0.,21.0546382004302));
#2896=CARTESIAN_POINT('Origin',(13.3012192794247,0.,22.0546382004302));
#2897=CARTESIAN_POINT('',(13.3012192794247,6.35,21.0546382004302));
#2898=CARTESIAN_POINT('',(13.3012192794247,0.,21.0546382004302));
#2899=CARTESIAN_POINT('Origin',(13.3012192794247,6.35,22.0546382004302));
#2900=CARTESIAN_POINT('Origin',(15.7012192794247,0.,21.0546382004302));
#2901=CARTESIAN_POINT('',(15.7012192794247,0.,21.0546382004302));
#2902=CARTESIAN_POINT('',(26.7512192794248,0.,21.0546382004303));
#2903=CARTESIAN_POINT('',(15.7012192794247,6.35,21.0546382004302));
#2904=CARTESIAN_POINT('',(15.7012192794247,0.,21.0546382004302));
#2905=CARTESIAN_POINT('',(15.7012192794247,6.35,21.0546382004302));
#2906=CARTESIAN_POINT('Origin',(15.7012192794247,0.,22.0546382004302));
#2907=CARTESIAN_POINT('',(16.7012192794247,0.,22.0546382004302));
#2908=CARTESIAN_POINT('Origin',(15.7012192794247,0.,22.0546382004302));
#2909=CARTESIAN_POINT('',(16.7012192794247,6.35,22.0546382004302));
#2910=CARTESIAN_POINT('',(16.7012192794247,0.,22.0546382004302));
#2911=CARTESIAN_POINT('Origin',(15.7012192794247,6.35,22.0546382004302));
#2912=CARTESIAN_POINT('Origin',(16.7012192794247,0.,25.6546382004302));
#2913=CARTESIAN_POINT('',(16.7012192794247,0.,25.6546382004302));
#2914=CARTESIAN_POINT('',(16.7012192794247,0.,32.7546382004302));
#2915=CARTESIAN_POINT('',(16.7012192794247,6.35,25.6546382004302));
#2916=CARTESIAN_POINT('',(16.7012192794247,0.,25.6546382004302));
#2917=CARTESIAN_POINT('',(16.7012192794247,6.35,25.6546382004302));
#2918=CARTESIAN_POINT('Origin',(15.7012192794247,0.,25.6546382004302));
#2919=CARTESIAN_POINT('',(15.7012192794247,0.,26.6546382004302));
#2920=CARTESIAN_POINT('Origin',(15.7012192794247,0.,25.6546382004302));
#2921=CARTESIAN_POINT('',(15.7012192794247,6.35,26.6546382004302));
#2922=CARTESIAN_POINT('',(15.7012192794247,0.,26.6546382004302));
#2923=CARTESIAN_POINT('Origin',(15.7012192794247,6.35,25.6546382004302));
#2924=CARTESIAN_POINT('Origin',(13.3012192794247,0.,26.6546382004302));
#2925=CARTESIAN_POINT('',(13.3012192794247,0.,26.6546382004302));
#2926=CARTESIAN_POINT('',(25.5512192794247,0.,26.6546382004302));
#2927=CARTESIAN_POINT('',(13.3012192794247,6.35,26.6546382004302));
#2928=CARTESIAN_POINT('',(13.3012192794247,0.,26.6546382004302));
#2929=CARTESIAN_POINT('',(13.3012192794247,6.35,26.6546382004302));
#2930=CARTESIAN_POINT('Origin',(13.3012192794247,0.,25.6546382004302));
#2931=CARTESIAN_POINT('Origin',(13.3012192794247,0.,25.6546382004302));
#2932=CARTESIAN_POINT('Origin',(13.3012192794247,6.35,25.6546382004302));
#2933=CARTESIAN_POINT('Origin',(13.5012192794247,6.35,23.8546382004302));
#2934=CARTESIAN_POINT('',(10.3012192794247,6.35,19.3546382004302));
#2935=CARTESIAN_POINT('Origin',(62.3012192794247,0.,25.6546382004302));
#2936=CARTESIAN_POINT('',(62.3012192794247,0.,26.6546382004302));
#2937=CARTESIAN_POINT('',(63.3012192794247,0.,25.6546382004302));
#2938=CARTESIAN_POINT('Origin',(62.3012192794247,0.,25.6546382004302));
#2939=CARTESIAN_POINT('',(62.3012192794247,6.35,26.6546382004302));
#2940=CARTESIAN_POINT('',(62.3012192794247,0.,26.6546382004302));
#2941=CARTESIAN_POINT('',(63.3012192794247,6.35,25.6546382004302));
#2942=CARTESIAN_POINT('Origin',(62.3012192794247,6.35,25.6546382004302));
#2943=CARTESIAN_POINT('',(63.3012192794247,0.,25.6546382004302));
#2944=CARTESIAN_POINT('Origin',(59.9012192794247,0.,26.6546382004302));
#2945=CARTESIAN_POINT('',(59.9012192794247,0.,26.6546382004302));
#2946=CARTESIAN_POINT('',(48.8512192794247,0.,26.6546382004302));
#2947=CARTESIAN_POINT('',(59.9012192794247,6.35,26.6546382004302));
#2948=CARTESIAN_POINT('',(59.9012192794247,0.,26.6546382004302));
#2949=CARTESIAN_POINT('',(62.3012192794247,6.35,26.6546382004302));
#2950=CARTESIAN_POINT('Origin',(59.9012192794247,0.,25.6546382004302));
#2951=CARTESIAN_POINT('',(58.9012192794247,0.,25.6546382004302));
#2952=CARTESIAN_POINT('Origin',(59.9012192794247,0.,25.6546382004302));
#2953=CARTESIAN_POINT('',(58.9012192794247,6.35,25.6546382004302));
#2954=CARTESIAN_POINT('',(58.9012192794247,0.,25.6546382004302));
#2955=CARTESIAN_POINT('Origin',(59.9012192794247,6.35,25.6546382004302));
#2956=CARTESIAN_POINT('Origin',(58.9012192794247,0.,22.0546382004302));
#2957=CARTESIAN_POINT('',(58.9012192794247,0.,22.0546382004302));
#2958=CARTESIAN_POINT('',(58.9012192794247,0.,30.9546382004302));
#2959=CARTESIAN_POINT('',(58.9012192794247,6.35,22.0546382004302));
#2960=CARTESIAN_POINT('',(58.9012192794247,0.,22.0546382004302));
#2961=CARTESIAN_POINT('',(58.9012192794247,6.35,25.6546382004302));
#2962=CARTESIAN_POINT('Origin',(59.9012192794247,0.,22.0546382004302));
#2963=CARTESIAN_POINT('',(59.9012192794247,0.,21.0546382004302));
#2964=CARTESIAN_POINT('Origin',(59.9012192794247,0.,22.0546382004302));
#2965=CARTESIAN_POINT('',(59.9012192794247,6.35,21.0546382004302));
#2966=CARTESIAN_POINT('',(59.9012192794247,0.,21.0546382004302));
#2967=CARTESIAN_POINT('Origin',(59.9012192794247,6.35,22.0546382004302));
#2968=CARTESIAN_POINT('Origin',(62.3012192794247,0.,21.0546382004302));
#2969=CARTESIAN_POINT('',(62.3012192794247,0.,21.0546382004302));
#2970=CARTESIAN_POINT('',(50.0512192794247,0.,21.0546382004303));
#2971=CARTESIAN_POINT('',(62.3012192794247,6.35,21.0546382004302));
#2972=CARTESIAN_POINT('',(62.3012192794247,0.,21.0546382004302));
#2973=CARTESIAN_POINT('',(59.9012192794247,6.35,21.0546382004302));
#2974=CARTESIAN_POINT('Origin',(62.3012192794247,0.,22.0546382004302));
#2975=CARTESIAN_POINT('',(63.3012192794247,0.,22.0546382004302));
#2976=CARTESIAN_POINT('Origin',(62.3012192794247,0.,22.0546382004302));
#2977=CARTESIAN_POINT('',(63.3012192794247,6.35,22.0546382004302));
#2978=CARTESIAN_POINT('',(63.3012192794247,0.,22.0546382004302));
#2979=CARTESIAN_POINT('Origin',(62.3012192794247,6.35,22.0546382004302));
#2980=CARTESIAN_POINT('Origin',(63.3012192794247,0.,22.3046382004302));
#2981=CARTESIAN_POINT('',(63.3012192794247,0.,22.3046382004302));
#2982=CARTESIAN_POINT('',(63.3012192794247,0.,31.0796382004302));
#2983=CARTESIAN_POINT('',(63.3012192794247,6.35,22.3046382004302));
#2984=CARTESIAN_POINT('',(63.3012192794247,0.,22.3046382004302));
#2985=CARTESIAN_POINT('',(63.3012192794247,6.35,22.0546382004302));
#2986=CARTESIAN_POINT('Origin',(65.3012192794247,0.,22.3046382004302));
#2987=CARTESIAN_POINT('',(65.3012192794247,0.,22.3046382004302));
#2988=CARTESIAN_POINT('',(51.5512192794247,0.,22.3046382004302));
#2989=CARTESIAN_POINT('',(65.3012192794247,6.35,22.3046382004302));
#2990=CARTESIAN_POINT('',(65.3012192794247,0.,22.3046382004302));
#2991=CARTESIAN_POINT('',(65.3012192794247,6.35,22.3046382004302));
#2992=CARTESIAN_POINT('Origin',(63.3012192794247,0.,25.4046382004302));
#2993=CARTESIAN_POINT('',(63.3012192794247,0.,25.4046382004302));
#2994=CARTESIAN_POINT('',(65.3012192794247,0.,25.4046382004302));
#2995=CARTESIAN_POINT('',(50.5512192794247,0.,25.4046382004302));
#2996=CARTESIAN_POINT('',(63.3012192794247,6.35,25.4046382004302));
#2997=CARTESIAN_POINT('',(63.3012192794247,0.,25.4046382004302));
#2998=CARTESIAN_POINT('',(65.3012192794247,6.35,25.4046382004302));
#2999=CARTESIAN_POINT('',(63.3012192794247,6.35,25.4046382004302));
#3000=CARTESIAN_POINT('',(65.3012192794247,0.,25.4046382004302));
#3001=CARTESIAN_POINT('Origin',(63.3012192794247,0.,25.6546382004302));
#3002=CARTESIAN_POINT('',(63.3012192794247,0.,32.7546382004302));
#3003=CARTESIAN_POINT('',(63.3012192794247,6.35,25.4046382004302));
#3004=CARTESIAN_POINT('Origin',(62.1012192794247,6.35,23.8546382004302));
#3005=CARTESIAN_POINT('',(65.3012192794247,6.35,44.3546382004302));
#3006=CARTESIAN_POINT('Origin',(10.3012192794247,0.,14.8546382004302));
#3007=CARTESIAN_POINT('',(10.3012192794247,0.,64.8546382004302));
#3008=CARTESIAN_POINT('',(10.3012192794247,0.,64.8546382004302));
#3009=CARTESIAN_POINT('',(10.3012192794247,0.,64.8546382004302));
#3010=CARTESIAN_POINT('',(10.3012192794247,0.,14.8546382004302));
#3011=CARTESIAN_POINT('',(10.3012192794247,0.,14.8546382004302));
#3012=CARTESIAN_POINT('',(10.3012192794247,0.,64.8546382004302));
#3013=CARTESIAN_POINT('',(10.3012192794247,0.,64.8546382004302));
#3014=CARTESIAN_POINT('Origin',(65.3012192794247,0.,64.8546382004302));
#3015=CARTESIAN_POINT('',(65.3012192794247,0.,14.8546382004302));
#3016=CARTESIAN_POINT('',(65.3012192794247,0.,14.8546382004302));
#3017=CARTESIAN_POINT('',(65.3012192794247,0.,14.8546382004302));
#3018=CARTESIAN_POINT('',(65.3012192794247,0.,14.8546382004302));
#3019=CARTESIAN_POINT('',(65.3012192794247,0.,64.8546382004302));
#3020=CARTESIAN_POINT('',(65.3012192794247,0.,64.8546382004302));
#3021=CARTESIAN_POINT('',(65.3012192794247,0.,14.8546382004302));
#3022=CARTESIAN_POINT('Origin',(25.3012192794247,0.,39.8546382004302));
#3023=CARTESIAN_POINT('',(16.2512192794247,0.,39.8546382004302));
#3024=CARTESIAN_POINT('Origin',(25.3012192794247,0.,39.8546382004302));
#3025=CARTESIAN_POINT('',(16.2512192794247,1.5,39.8546382004302));
#3026=CARTESIAN_POINT('',(16.2512192794247,0.,39.8546382004302));
#3027=CARTESIAN_POINT('Origin',(25.3012192794247,1.5,39.8546382004302));
#3028=CARTESIAN_POINT('Origin',(25.3012192794247,1.5,39.8546382004302));
#3029=CARTESIAN_POINT('Origin',(55.3012192794247,0.,39.8546382004302));
#3030=CARTESIAN_POINT('',(51.0012192794247,7.2,39.8546382004302));
#3031=CARTESIAN_POINT('Origin',(55.3012192794247,7.2,39.8546382004302));
#3032=CARTESIAN_POINT('',(51.0012192794247,0.,39.8546382004302));
#3033=CARTESIAN_POINT('',(51.0012192794247,0.,39.8546382004302));
#3034=CARTESIAN_POINT('Origin',(55.3012192794247,0.,39.8546382004302));
#3035=CARTESIAN_POINT('Origin',(55.3012192794247,7.2,39.8546382004302));
#3036=CARTESIAN_POINT('',(50.5512192794247,7.2,39.8546382004302));
#3037=CARTESIAN_POINT('Origin',(55.3012192794247,7.2,39.8546382004302));
#3038=CARTESIAN_POINT('Origin',(24.3012192794247,0.,22.3546382004302));
#3039=CARTESIAN_POINT('',(20.0012192794247,7.2,22.3546382004302));
#3040=CARTESIAN_POINT('Origin',(24.3012192794247,7.2,22.3546382004302));
#3041=CARTESIAN_POINT('',(20.0012192794247,0.,22.3546382004302));
#3042=CARTESIAN_POINT('',(20.0012192794247,0.,22.3546382004302));
#3043=CARTESIAN_POINT('Origin',(24.3012192794247,0.,22.3546382004302));
#3044=CARTESIAN_POINT('Origin',(24.3012192794247,7.2,22.3546382004302));
#3045=CARTESIAN_POINT('',(19.5512192794247,7.2,22.3546382004302));
#3046=CARTESIAN_POINT('Origin',(24.3012192794247,7.2,22.3546382004302));
#3047=CARTESIAN_POINT('Origin',(24.3012192794247,0.,57.3546382004302));
#3048=CARTESIAN_POINT('',(20.0012192794247,7.2,57.3546382004302));
#3049=CARTESIAN_POINT('Origin',(24.3012192794247,7.2,57.3546382004302));
#3050=CARTESIAN_POINT('',(20.0012192794247,0.,57.3546382004302));
#3051=CARTESIAN_POINT('',(20.0012192794247,0.,57.3546382004302));
#3052=CARTESIAN_POINT('Origin',(24.3012192794247,0.,57.3546382004302));
#3053=CARTESIAN_POINT('Origin',(24.3012192794247,7.2,57.3546382004302));
#3054=CARTESIAN_POINT('',(19.5512192794247,7.2,57.3546382004302));
#3055=CARTESIAN_POINT('Origin',(24.3012192794247,7.2,57.3546382004302));
#3056=CARTESIAN_POINT('Origin',(60.8012192794247,0.,18.8546382004302));
#3057=CARTESIAN_POINT('',(59.5512192794247,0.,18.8546382004302));
#3058=CARTESIAN_POINT('Origin',(60.8012192794247,0.,18.8546382004302));
#3059=CARTESIAN_POINT('',(59.5512192794247,0.,18.8546382004302));
#3060=CARTESIAN_POINT('Origin',(14.8012192794247,0.,60.8546382004302));
#3061=CARTESIAN_POINT('',(13.5512192794247,0.,60.8546382004302));
#3062=CARTESIAN_POINT('Origin',(14.8012192794247,0.,60.8546382004302));
#3063=CARTESIAN_POINT('',(13.5512192794247,0.,60.8546382004302));
#3064=CARTESIAN_POINT('Origin',(14.8012192794247,0.,18.8546382004302));
#3065=CARTESIAN_POINT('',(13.5512192794247,0.,18.8546382004302));
#3066=CARTESIAN_POINT('Origin',(14.8012192794247,0.,18.8546382004302));
#3067=CARTESIAN_POINT('',(13.5512192794247,0.,18.8546382004302));
#3068=CARTESIAN_POINT('Origin',(60.8012192794247,0.,60.8546382004302));
#3069=CARTESIAN_POINT('',(59.5512192794247,0.,60.8546382004302));
#3070=CARTESIAN_POINT('Origin',(60.8012192794247,0.,60.8546382004302));
#3071=CARTESIAN_POINT('',(59.5512192794247,0.,60.8546382004302));
#3072=CARTESIAN_POINT('Origin',(34.3012192794247,0.,48.8546382004302));
#3073=CARTESIAN_POINT('',(33.5012192794247,0.,48.8546382004302));
#3074=CARTESIAN_POINT('Origin',(34.3012192794247,0.,48.8546382004302));
#3075=CARTESIAN_POINT('',(33.5012192794247,0.,48.8546382004302));
#3076=CARTESIAN_POINT('Origin',(16.3012192794247,0.,30.8546382004302));
#3077=CARTESIAN_POINT('',(15.5012192794247,0.,30.8546382004302));
#3078=CARTESIAN_POINT('Origin',(16.3012192794247,0.,30.8546382004302));
#3079=CARTESIAN_POINT('',(15.5012192794247,0.,30.8546382004302));
#3080=CARTESIAN_POINT('Origin',(38.8719837439669,8.,28.902971805944));
#3081=CARTESIAN_POINT('',(39.6719837439669,4.,28.902971805944));
#3082=CARTESIAN_POINT('Origin',(38.8719837439669,4.,28.902971805944));
#3083=CARTESIAN_POINT('',(39.6719837439669,0.,28.902971805944));
#3084=CARTESIAN_POINT('',(39.6719837439669,8.,28.902971805944));
#3085=CARTESIAN_POINT('Origin',(38.8719837439669,0.,28.902971805944));
#3086=CARTESIAN_POINT('Origin',(55.3012192794247,8.,54.8546382004302));
#3087=CARTESIAN_POINT('',(58.3012192794247,4.,54.8546382004302));
#3088=CARTESIAN_POINT('',(58.3012192794247,8.,54.8546382004302));
#3089=CARTESIAN_POINT('Origin',(55.3012192794247,4.,54.8546382004302));
#3090=CARTESIAN_POINT('Origin',(55.3012192794247,4.,54.8546382004302));
#3091=CARTESIAN_POINT('',(56.8512192794247,4.,54.8546382004302));
#3092=CARTESIAN_POINT('Origin',(55.3012192794247,4.,54.8546382004302));
#3093=CARTESIAN_POINT('Origin',(55.3012192794247,8.,24.8546382004302));
#3094=CARTESIAN_POINT('',(58.3012192794247,4.,24.8546382004302));
#3095=CARTESIAN_POINT('',(58.3012192794247,8.,24.8546382004302));
#3096=CARTESIAN_POINT('Origin',(55.3012192794247,4.,24.8546382004302));
#3097=CARTESIAN_POINT('Origin',(55.3012192794247,4.,24.8546382004302));
#3098=CARTESIAN_POINT('',(56.8512192794247,4.,24.8546382004302));
#3099=CARTESIAN_POINT('Origin',(55.3012192794247,4.,24.8546382004302));
#3100=CARTESIAN_POINT('Origin',(55.3012192794247,8.,54.8546382004302));
#3101=CARTESIAN_POINT('',(56.8512192794247,0.,54.8546382004302));
#3102=CARTESIAN_POINT('',(56.8512192794247,8.,54.8546382004302));
#3103=CARTESIAN_POINT('Origin',(55.3012192794247,0.,54.8546382004302));
#3104=CARTESIAN_POINT('Origin',(55.3012192794247,8.,24.8546382004302));
#3105=CARTESIAN_POINT('',(56.8512192794247,0.,24.8546382004302));
#3106=CARTESIAN_POINT('',(56.8512192794247,8.,24.8546382004302));
#3107=CARTESIAN_POINT('Origin',(55.3012192794247,0.,24.8546382004302));
#3108=CARTESIAN_POINT('Origin',(37.4756794513589,8.,21.5316586233169));
#3109=CARTESIAN_POINT('',(37.4756794513589,0.,22.5316586233169));
#3110=CARTESIAN_POINT('Origin',(37.4756794513589,0.,21.5316586233169));
#3111=CARTESIAN_POINT('',(37.4756794513589,4.,22.5316586233169));
#3112=CARTESIAN_POINT('Origin',(37.4756794513589,4.,21.5316586233169));
#3113=CARTESIAN_POINT('',(37.4756794513589,8.,22.5316586233169));
#3114=CARTESIAN_POINT('Origin',(46.9503022606049,8.,22.5316586233169));
#3115=CARTESIAN_POINT('',(46.9503022606049,0.,22.5316586233169));
#3116=CARTESIAN_POINT('',(42.3757607700148,0.,22.5316586233169));
#3117=CARTESIAN_POINT('',(46.9503022606049,4.,22.5316586233169));
#3118=CARTESIAN_POINT('',(44.5816465582934,4.,22.5316586233169));
#3119=CARTESIAN_POINT('',(46.9503022606049,8.,22.5316586233169));
#3120=CARTESIAN_POINT('Origin',(46.9503022606049,8.,21.5316586233169));
#3121=CARTESIAN_POINT('',(47.9503022606049,0.,21.5316586233169));
#3122=CARTESIAN_POINT('Origin',(46.9503022606049,0.,21.5316586233169));
#3123=CARTESIAN_POINT('',(47.9503022606049,4.,21.5316586233169));
#3124=CARTESIAN_POINT('Origin',(46.9503022606049,4.,21.5316586233169));
#3125=CARTESIAN_POINT('',(47.9503022606049,8.,21.5316586233169));
#3126=CARTESIAN_POINT('Origin',(47.9503022606049,8.,18.6316586233169));
#3127=CARTESIAN_POINT('',(47.9503022606049,4.,41.856299212598));
#3128=CARTESIAN_POINT('',(47.9503022606049,4.,41.856299212598));
#3129=CARTESIAN_POINT('',(47.9503022606049,8.,41.856299212598));
#3130=CARTESIAN_POINT('',(47.9503022606049,0.,18.6316586233169));
#3131=CARTESIAN_POINT('',(47.9503022606049,8.,18.6316586233169));
#3132=CARTESIAN_POINT('',(47.9503022606049,0.,29.2431484118736));
#3133=CARTESIAN_POINT('Origin',(42.2129908559819,4.,30.2439789179574));
#3134=CARTESIAN_POINT('',(37.4756794513589,4.,42.856299212598));
#3135=CARTESIAN_POINT('Origin',(37.4756794513589,4.,41.856299212598));
#3136=CARTESIAN_POINT('',(46.9503022606049,4.,42.856299212598));
#3137=CARTESIAN_POINT('',(46.9503022606049,4.,42.856299212598));
#3138=CARTESIAN_POINT('Origin',(46.9503022606049,4.,41.856299212598));
#3139=CARTESIAN_POINT('Origin',(46.9503022606049,8.,42.856299212598));
#3140=CARTESIAN_POINT('',(46.9503022606049,8.,42.856299212598));
#3141=CARTESIAN_POINT('',(37.4756794513589,8.,42.856299212598));
#3142=CARTESIAN_POINT('Origin',(46.9503022606049,8.,41.856299212598));
#3143=CARTESIAN_POINT('Origin',(46.9503022606049,8.,18.6316586233169));
#3144=CARTESIAN_POINT('',(46.9503022606049,0.,17.6316586233169));
#3145=CARTESIAN_POINT('',(46.9503022606049,8.,17.6316586233169));
#3146=CARTESIAN_POINT('Origin',(46.9503022606049,0.,18.6316586233169));
#3147=CARTESIAN_POINT('Origin',(37.4756794513589,8.,17.6316586233169));
#3148=CARTESIAN_POINT('',(37.4756794513589,0.,17.6316586233169));
#3149=CARTESIAN_POINT('',(37.4756794513589,8.,17.6316586233169));
#3150=CARTESIAN_POINT('',(37.6384493653918,0.,17.6316586233169));
#3151=CARTESIAN_POINT('Origin',(37.4756794513589,8.,18.6316586233169));
#3152=CARTESIAN_POINT('Origin',(37.4756794513589,0.,18.6316586233169));
#3153=CARTESIAN_POINT('Origin',(37.4756794513589,8.,41.856299212598));
#3154=CARTESIAN_POINT('Origin',(55.3012192794247,0.,39.8546382004302));
#3155=CARTESIAN_POINT('',(50.5512192794247,0.,39.8546382004302));
#3156=CARTESIAN_POINT('Origin',(24.3012192794247,0.,22.3546382004302));
#3157=CARTESIAN_POINT('',(19.5512192794247,0.,22.3546382004302));
#3158=CARTESIAN_POINT('Origin',(24.3012192794247,0.,57.3546382004302));
#3159=CARTESIAN_POINT('',(19.5512192794247,0.,57.3546382004302));
#3160=CARTESIAN_POINT('Origin',(10.3012192794247,0.,64.8546382004302));
#3161=CARTESIAN_POINT('',(65.3012192794247,0.,64.8546382004302));
#3162=CARTESIAN_POINT('Origin',(65.3012192794247,0.,14.8546382004302));
#3163=CARTESIAN_POINT('',(10.3012192794247,0.,14.8546382004302));
#3164=CARTESIAN_POINT('Origin',(37.8012192794247,0.,39.8546382004302));
#3165=CARTESIAN_POINT('',(0.,0.,0.));
#3166=UNCERTAINTY_MEASURE_WITH_UNIT(LENGTH_MEASURE(0.01),#3172,
'DISTANCE_ACCURACY_VALUE',
'Maximum model space distance between geometric entities at asserted c
onnectivities');
#3167=UNCERTAINTY_MEASURE_WITH_UNIT(LENGTH_MEASURE(0.01),#3172,
'DISTANCE_ACCURACY_VALUE',
'Maximum model space distance between geometric entities at asserted c
onnectivities');
#3168=UNCERTAINTY_MEASURE_WITH_UNIT(LENGTH_MEASURE(0.01),#3172,
'DISTANCE_ACCURACY_VALUE',
'Maximum model space distance between geometric entities at asserted c
onnectivities');
#3169=(
GEOMETRIC_REPRESENTATION_CONTEXT(3)
GLOBAL_UNCERTAINTY_ASSIGNED_CONTEXT((#3166))
GLOBAL_UNIT_ASSIGNED_CONTEXT((#3172,#3174,#3175))
REPRESENTATION_CONTEXT('','3D')
);
#3170=(
GEOMETRIC_REPRESENTATION_CONTEXT(3)
GLOBAL_UNCERTAINTY_ASSIGNED_CONTEXT((#3167))
GLOBAL_UNIT_ASSIGNED_CONTEXT((#3172,#3174,#3175))
REPRESENTATION_CONTEXT('','3D')
);
#3171=(
GEOMETRIC_REPRESENTATION_CONTEXT(3)
GLOBAL_UNCERTAINTY_ASSIGNED_CONTEXT((#3168))
GLOBAL_UNIT_ASSIGNED_CONTEXT((#3172,#3174,#3175))
REPRESENTATION_CONTEXT('','3D')
);
#3172=(
LENGTH_UNIT()
NAMED_UNIT(*)
SI_UNIT(.MILLI.,.METRE.)
);
#3173=(
LENGTH_UNIT()
NAMED_UNIT(*)
SI_UNIT($,.METRE.)
);
#3174=(
NAMED_UNIT(*)
PLANE_ANGLE_UNIT()
SI_UNIT($,.RADIAN.)
);
#3175=(
NAMED_UNIT(*)
SI_UNIT($,.STERADIAN.)
SOLID_ANGLE_UNIT()
);
#3176=SHAPE_DEFINITION_REPRESENTATION(#3178,#3181);
#3177=SHAPE_DEFINITION_REPRESENTATION(#3179,#3182);
#3178=PRODUCT_DEFINITION_SHAPE('',$,#3184);
#3179=PRODUCT_DEFINITION_SHAPE('',$,#3185);
#3180=PRODUCT_DEFINITION_SHAPE($,$,#14);
#3181=SHAPE_REPRESENTATION('',(#1894,#2078),#3169);
#3182=SHAPE_REPRESENTATION('',(#1895),#3170);
#3183=PRODUCT_DEFINITION_CONTEXT('part definition',#3191,'design');
#3184=PRODUCT_DEFINITION('CNC-STM-\X2\673A4F534E3B4F53\X0\',
'CNC-STM-\X2\673A4F534E3B4F53\X0\ v11',#3186,#3183);
#3185=PRODUCT_DEFINITION('\X2\96F690E84EF6\X0\1','\X2\96F690E84EF6\X0\1',
#3187,#3183);
#3186=PRODUCT_DEFINITION_FORMATION('',$,#3193);
#3187=PRODUCT_DEFINITION_FORMATION('',$,#3194);
#3188=PRODUCT_RELATED_PRODUCT_CATEGORY('CNC-STM-\X2\673A4F534E3B4F53\X0\ 
v11','CNC-STM-\X2\673A4F534E3B4F53\X0\ v11',(#3193));
#3189=PRODUCT_RELATED_PRODUCT_CATEGORY('\X2\96F690E84EF6\X0\1',
'\X2\96F690E84EF6\X0\1',(#3194));
#3190=APPLICATION_PROTOCOL_DEFINITION('international standard',
'automotive_design',2009,#3191);
#3191=APPLICATION_CONTEXT(
'Core Data for Automotive Mechanical Design Process');
#3192=PRODUCT_CONTEXT('part definition',#3191,'mechanical');
#3193=PRODUCT('CNC-STM-\X2\673A4F534E3B4F53\X0\',
'CNC-STM-\X2\673A4F534E3B4F53\X0\ v11',$,(#3192));
#3194=PRODUCT('\X2\96F690E84EF6\X0\1','\X2\96F690E84EF6\X0\1',$,(#3192));
#3195=PRESENTATION_STYLE_ASSIGNMENT((#3196));
#3196=SURFACE_STYLE_USAGE(.BOTH.,#3197);
#3197=SURFACE_SIDE_STYLE('',(#3198));
#3198=SURFACE_STYLE_FILL_AREA(#3199);
#3199=FILL_AREA_STYLE('\X2\94A2\X0\ - \X2\7F0E5149\X0\',(#3200));
#3200=FILL_AREA_STYLE_COLOUR('\X2\94A2\X0\ - \X2\7F0E5149\X0\',#3201);
#3201=COLOUR_RGB('\X2\94A2\X0\ - \X2\7F0E5149\X0\',0.627450980392157,0.627450980392157,
0.627450980392157);
ENDSEC;
END-ISO-10303-21;
