2026-07-29 11:22:12,508 [INFO] transport: open COM8 failed: could not open port 'COM8': OSError(22, '信号灯超时时间已到', None, 121)
2026-07-29 11:22:30,038 [ERROR] stm: Uncaught exception
Traceback (most recent call last):
  File "D:\AI\stm_microscope\controller.py", line 297, in enter_feedback
    self.set_mode(Mode.FEEDBACK)
    ~~~~~~~~~~~~~^^^^^^^^^^^^^^^
  File "D:\AI\stm_microscope\controller.py", line 294, in set_mode
    self.transport.send(Cmd.SET_MODE, bytes([int(mode)]))
    ~~~~~~~~~~~~~~~~~~~^^^^^^^^^^^^^^^^^^^^^^^^^^^^^^^^^^
  File "D:\AI\stm_microscope\transport.py", line 446, in send
    self._raw_send(frame)
    ~~~~~~~~~~~~~~^^^^^^^
  File "D:\AI\stm_microscope\transport.py", line 431, in _raw_send
    raise NotConnectedError()
transport.NotConnectedError
2026-07-29 11:22:43,605 [ERROR] ui.main_window: 操作 失败
Traceback (most recent call last):
  File "D:\AI\stm_microscope\ui\main_window.py", line 403, in on_done
    fut.result()
    ~~~~~~~~~~^^
  File "C:\Users\L_fanhua\AppData\Local\Programs\Python\Python313\Lib\concurrent\futures\_base.py", line 449, in result
    return self.__get_result()
           ~~~~~~~~~~~~~~~~~^^
  File "C:\Users\L_fanhua\AppData\Local\Programs\Python\Python313\Lib\concurrent\futures\_base.py", line 401, in __get_result
    raise self._exception
  File "C:\Users\L_fanhua\AppData\Local\Programs\Python\Python313\Lib\concurrent\futures\thread.py", line 59, in run
    result = self.fn(*self.args, **self.kwargs)
  File "D:\AI\stm_microscope\controller.py", line 281, in save_calibration
    self.transport.send(Cmd.SAVE_CALIB)
    ~~~~~~~~~~~~~~~~~~~^^^^^^^^^^^^^^^^
  File "D:\AI\stm_microscope\transport.py", line 446, in send
    self._raw_send(frame)
    ~~~~~~~~~~~~~~^^^^^^^
  File "D:\AI\stm_microscope\transport.py", line 431, in _raw_send
    raise NotConnectedError()
transport.NotConnectedError
2026-07-29 11:22:45,775 [ERROR] ui.main_window: 操作 失败
Traceback (most recent call last):
  File "D:\AI\stm_microscope\ui\main_window.py", line 403, in on_done
    fut.result()
    ~~~~~~~~~~^^
  File "C:\Users\L_fanhua\AppData\Local\Programs\Python\Python313\Lib\concurrent\futures\_base.py", line 449, in result
    return self.__get_result()
           ~~~~~~~~~~~~~~~~~^^
  File "C:\Users\L_fanhua\AppData\Local\Programs\Python\Python313\Lib\concurrent\futures\_base.py", line 401, in __get_result
    raise self._exception
  File "C:\Users\L_fanhua\AppData\Local\Programs\Python\Python313\Lib\concurrent\futures\thread.py", line 59, in run
    result = self.fn(*self.args, **self.kwargs)
  File "D:\AI\stm_microscope\controller.py", line 281, in save_calibration
    self.transport.send(Cmd.SAVE_CALIB)
    ~~~~~~~~~~~~~~~~~~~^^^^^^^^^^^^^^^^
  File "D:\AI\stm_microscope\transport.py", line 446, in send
    self._raw_send(frame)
    ~~~~~~~~~~~~~~^^^^^^^
  File "D:\AI\stm_microscope\transport.py", line 431, in _raw_send
    raise NotConnectedError()
transport.NotConnectedError
2026-07-29 11:22:46,567 [ERROR] ui.main_window: 操作 失败
Traceback (most recent call last):
  File "D:\AI\stm_microscope\ui\main_window.py", line 403, in on_done
    fut.result()
    ~~~~~~~~~~^^
  File "C:\Users\L_fanhua\AppData\Local\Programs\Python\Python313\Lib\concurrent\futures\_base.py", line 449, in result
    return self.__get_result()
           ~~~~~~~~~~~~~~~~~^^
  File "C:\Users\L_fanhua\AppData\Local\Programs\Python\Python313\Lib\concurrent\futures\_base.py", line 401, in __get_result
    raise self._exception
  File "C:\Users\L_fanhua\AppData\Local\Programs\Python\Python313\Lib\concurrent\futures\thread.py", line 59, in run
    result = self.fn(*self.args, **self.kwargs)
  File "D:\AI\stm_microscope\controller.py", line 281, in save_calibration
    self.transport.send(Cmd.SAVE_CALIB)
    ~~~~~~~~~~~~~~~~~~~^^^^^^^^^^^^^^^^
  File "D:\AI\stm_microscope\transport.py", line 446, in send
    self._raw_send(frame)
    ~~~~~~~~~~~~~~^^^^^^^
  File "D:\AI\stm_microscope\transport.py", line 431, in _raw_send
    raise NotConnectedError()
transport.NotConnectedError
2026-07-29 11:25:20,816 [ERROR] ui.main_window: 操作 失败
Traceback (most recent call last):
  File "D:\AI\stm_microscope\ui\main_window.py", line 415, in on_done
    fut.result()
    ~~~~~~~~~~^^
  File "C:\Users\L_fanhua\AppData\Local\Programs\Python\Python313\Lib\concurrent\futures\_base.py", line 449, in result
    return self.__get_result()
           ~~~~~~~~~~~~~~~~~^^
  File "C:\Users\L_fanhua\AppData\Local\Programs\Python\Python313\Lib\concurrent\futures\_base.py", line 401, in __get_result
    raise self._exception
  File "C:\Users\L_fanhua\AppData\Local\Programs\Python\Python313\Lib\concurrent\futures\thread.py", line 59, in run
    result = self.fn(*self.args, **self.kwargs)
  File "D:\AI\stm_microscope\controller.py", line 281, in save_calibration
    self.transport.send(Cmd.SAVE_CALIB)
    ~~~~~~~~~~~~~~~~~~~^^^^^^^^^^^^^^^^
  File "D:\AI\stm_microscope\transport.py", line 446, in send
    self._raw_send(frame)
    ~~~~~~~~~~~~~~^^^^^^^
  File "D:\AI\stm_microscope\transport.py", line 431, in _raw_send
    raise NotConnectedError()
transport.NotConnectedError
2026-07-29 11:25:24,892 [ERROR] ui.main_window: 操作 失败
Traceback (most recent call last):
  File "D:\AI\stm_microscope\ui\main_window.py", line 415, in on_done
    fut.result()
    ~~~~~~~~~~^^
  File "C:\Users\L_fanhua\AppData\Local\Programs\Python\Python313\Lib\concurrent\futures\_base.py", line 449, in result
    return self.__get_result()
           ~~~~~~~~~~~~~~~~~^^
  File "C:\Users\L_fanhua\AppData\Local\Programs\Python\Python313\Lib\concurrent\futures\_base.py", line 401, in __get_result
    raise self._exception
  File "C:\Users\L_fanhua\AppData\Local\Programs\Python\Python313\Lib\concurrent\futures\thread.py", line 59, in run
    result = self.fn(*self.args, **self.kwargs)
  File "D:\AI\stm_microscope\controller.py", line 285, in load_calibration
    self.transport.send(Cmd.LOAD_CALIB)
    ~~~~~~~~~~~~~~~~~~~^^^^^^^^^^^^^^^^
  File "D:\AI\stm_microscope\transport.py", line 446, in send
    self._raw_send(frame)
    ~~~~~~~~~~~~~~^^^^^^^
  File "D:\AI\stm_microscope\transport.py", line 431, in _raw_send
    raise NotConnectedError()
transport.NotConnectedError
2026-07-29 11:25:26,430 [ERROR] ui.main_window: 操作 失败
Traceback (most recent call last):
  File "D:\AI\stm_microscope\ui\main_window.py", line 415, in on_done
    fut.result()
    ~~~~~~~~~~^^
  File "C:\Users\L_fanhua\AppData\Local\Programs\Python\Python313\Lib\concurrent\futures\_base.py", line 449, in result
    return self.__get_result()
           ~~~~~~~~~~~~~~~~~^^
  File "C:\Users\L_fanhua\AppData\Local\Programs\Python\Python313\Lib\concurrent\futures\_base.py", line 401, in __get_result
    raise self._exception
  File "C:\Users\L_fanhua\AppData\Local\Programs\Python\Python313\Lib\concurrent\futures\thread.py", line 59, in run
    result = self.fn(*self.args, **self.kwargs)
  File "D:\AI\stm_microscope\controller.py", line 285, in load_calibration
    self.transport.send(Cmd.LOAD_CALIB)
    ~~~~~~~~~~~~~~~~~~~^^^^^^^^^^^^^^^^
  File "D:\AI\stm_microscope\transport.py", line 446, in send
    self._raw_send(frame)
    ~~~~~~~~~~~~~~^^^^^^^
  File "D:\AI\stm_microscope\transport.py", line 431, in _raw_send
    raise NotConnectedError()
transport.NotConnectedError
2026-07-29 11:25:26,881 [ERROR] ui.main_window: 操作 失败
Traceback (most recent call last):
  File "D:\AI\stm_microscope\ui\main_window.py", line 415, in on_done
    fut.result()
    ~~~~~~~~~~^^
  File "C:\Users\L_fanhua\AppData\Local\Programs\Python\Python313\Lib\concurrent\futures\_base.py", line 449, in result
    return self.__get_result()
           ~~~~~~~~~~~~~~~~~^^
  File "C:\Users\L_fanhua\AppData\Local\Programs\Python\Python313\Lib\concurrent\futures\_base.py", line 401, in __get_result
    raise self._exception
  File "C:\Users\L_fanhua\AppData\Local\Programs\Python\Python313\Lib\concurrent\futures\thread.py", line 59, in run
    result = self.fn(*self.args, **self.kwargs)
  File "D:\AI\stm_microscope\controller.py", line 285, in load_calibration
    self.transport.send(Cmd.LOAD_CALIB)
    ~~~~~~~~~~~~~~~~~~~^^^^^^^^^^^^^^^^
  File "D:\AI\stm_microscope\transport.py", line 446, in send
    self._raw_send(frame)
    ~~~~~~~~~~~~~~^^^^^^^
  File "D:\AI\stm_microscope\transport.py", line 431, in _raw_send
    raise NotConnectedError()
transport.NotConnectedError
2026-07-29 11:25:28,958 [ERROR] ui.main_window: 操作 失败
Traceback (most recent call last):
  File "D:\AI\stm_microscope\ui\main_window.py", line 415, in on_done
    fut.result()
    ~~~~~~~~~~^^
  File "C:\Users\L_fanhua\AppData\Local\Programs\Python\Python313\Lib\concurrent\futures\_base.py", line 449, in result
    return self.__get_result()
           ~~~~~~~~~~~~~~~~~^^
  File "C:\Users\L_fanhua\AppData\Local\Programs\Python\Python313\Lib\concurrent\futures\_base.py", line 401, in __get_result
    raise self._exception
  File "C:\Users\L_fanhua\AppData\Local\Programs\Python\Python313\Lib\concurrent\futures\thread.py", line 59, in run
    result = self.fn(*self.args, **self.kwargs)
  File "D:\AI\stm_microscope\controller.py", line 281, in save_calibration
    self.transport.send(Cmd.SAVE_CALIB)
    ~~~~~~~~~~~~~~~~~~~^^^^^^^^^^^^^^^^
  File "D:\AI\stm_microscope\transport.py", line 446, in send
    self._raw_send(frame)
    ~~~~~~~~~~~~~~^^^^^^^
  File "D:\AI\stm_microscope\transport.py", line 431, in _raw_send
    raise NotConnectedError()
transport.NotConnectedError
2026-07-29 11:25:31,743 [ERROR] ui.main_window: 操作 失败
Traceback (most recent call last):
  File "D:\AI\stm_microscope\ui\main_window.py", line 415, in on_done
    fut.result()
    ~~~~~~~~~~^^
  File "C:\Users\L_fanhua\AppData\Local\Programs\Python\Python313\Lib\concurrent\futures\_base.py", line 449, in result
    return self.__get_result()
           ~~~~~~~~~~~~~~~~~^^
  File "C:\Users\L_fanhua\AppData\Local\Programs\Python\Python313\Lib\concurrent\futures\_base.py", line 401, in __get_result
    raise self._exception
  File "C:\Users\L_fanhua\AppData\Local\Programs\Python\Python313\Lib\concurrent\futures\thread.py", line 59, in run
    result = self.fn(*self.args, **self.kwargs)
  File "D:\AI\stm_microscope\controller.py", line 281, in save_calibration
    self.transport.send(Cmd.SAVE_CALIB)
    ~~~~~~~~~~~~~~~~~~~^^^^^^^^^^^^^^^^
  File "D:\AI\stm_microscope\transport.py", line 446, in send
    self._raw_send(frame)
    ~~~~~~~~~~~~~~^^^^^^^
  File "D:\AI\stm_microscope\transport.py", line 431, in _raw_send
    raise NotConnectedError()
transport.NotConnectedError
2026-07-29 11:25:33,807 [ERROR] ui.main_window: 操作 失败
Traceback (most recent call last):
  File "D:\AI\stm_microscope\ui\main_window.py", line 415, in on_done
    fut.result()
    ~~~~~~~~~~^^
  File "C:\Users\L_fanhua\AppData\Local\Programs\Python\Python313\Lib\concurrent\futures\_base.py", line 449, in result
    return self.__get_result()
           ~~~~~~~~~~~~~~~~~^^
  File "C:\Users\L_fanhua\AppData\Local\Programs\Python\Python313\Lib\concurrent\futures\_base.py", line 401, in __get_result
    raise self._exception
  File "C:\Users\L_fanhua\AppData\Local\Programs\Python\Python313\Lib\concurrent\futures\thread.py", line 59, in run
    result = self.fn(*self.args, **self.kwargs)
  File "D:\AI\stm_microscope\controller.py", line 281, in save_calibration
    self.transport.send(Cmd.SAVE_CALIB)
    ~~~~~~~~~~~~~~~~~~~^^^^^^^^^^^^^^^^
  File "D:\AI\stm_microscope\transport.py", line 446, in send
    self._raw_send(frame)
    ~~~~~~~~~~~~~~^^^^^^^
  File "D:\AI\stm_microscope\transport.py", line 431, in _raw_send
    raise NotConnectedError()
transport.NotConnectedError
2026-07-29 11:25:37,256 [ERROR] ui.main_window: 操作 失败
Traceback (most recent call last):
  File "D:\AI\stm_microscope\ui\main_window.py", line 415, in on_done
    fut.result()
    ~~~~~~~~~~^^
  File "C:\Users\L_fanhua\AppData\Local\Programs\Python\Python313\Lib\concurrent\futures\_base.py", line 449, in result
    return self.__get_result()
           ~~~~~~~~~~~~~~~~~^^
  File "C:\Users\L_fanhua\AppData\Local\Programs\Python\Python313\Lib\concurrent\futures\_base.py", line 401, in __get_result
    raise self._exception
  File "C:\Users\L_fanhua\AppData\Local\Programs\Python\Python313\Lib\concurrent\futures\thread.py", line 59, in run
    result = self.fn(*self.args, **self.kwargs)
  File "D:\AI\stm_microscope\controller.py", line 281, in save_calibration
    self.transport.send(Cmd.SAVE_CALIB)
    ~~~~~~~~~~~~~~~~~~~^^^^^^^^^^^^^^^^
  File "D:\AI\stm_microscope\transport.py", line 446, in send
    self._raw_send(frame)
    ~~~~~~~~~~~~~~^^^^^^^
  File "D:\AI\stm_microscope\transport.py", line 431, in _raw_send
    raise NotConnectedError()
transport.NotConnectedError
2026-07-29 11:25:39,344 [ERROR] ui.main_window: 操作 失败
Traceback (most recent call last):
  File "D:\AI\stm_microscope\ui\main_window.py", line 415, in on_done
    fut.result()
    ~~~~~~~~~~^^
  File "C:\Users\L_fanhua\AppData\Local\Programs\Python\Python313\Lib\concurrent\futures\_base.py", line 449, in result
    return self.__get_result()
           ~~~~~~~~~~~~~~~~~^^
  File "C:\Users\L_fanhua\AppData\Local\Programs\Python\Python313\Lib\concurrent\futures\_base.py", line 401, in __get_result
    raise self._exception
  File "C:\Users\L_fanhua\AppData\Local\Programs\Python\Python313\Lib\concurrent\futures\thread.py", line 59, in run
    result = self.fn(*self.args, **self.kwargs)
  File "D:\AI\stm_microscope\controller.py", line 281, in save_calibration
    self.transport.send(Cmd.SAVE_CALIB)
    ~~~~~~~~~~~~~~~~~~~^^^^^^^^^^^^^^^^
  File "D:\AI\stm_microscope\transport.py", line 446, in send
    self._raw_send(frame)
    ~~~~~~~~~~~~~~^^^^^^^
  File "D:\AI\stm_microscope\transport.py", line 431, in _raw_send
    raise NotConnectedError()
transport.NotConnectedError
2026-07-29 11:26:20,411 [INFO] transport: open COM8 failed: could not open port 'COM8': OSError(22, '信号灯超时时间已到', None, 121)
2026-07-29 11:57:34,909 [INFO] transport: connected to COM4
2026-07-29 11:57:41,845 [INFO] transport: disconnect detected: serial error: ClearCommError failed (PermissionError(13, '设备不识别此命令。', None, 22))
2026-07-29 11:57:41,866 [INFO] transport: no device found
2026-07-29 11:57:41,921 [INFO] transport: heartbeat send failed: 
2026-07-29 11:57:42,889 [INFO] transport: connected to COM4
2026-07-29 11:57:48,505 [INFO] transport: disconnected
2026-07-29 11:57:52,183 [INFO] transport: connected to COM7
2026-07-29 11:59:13,048 [INFO] transport: connected to COM3
2026-07-29 11:59:16,054 [INFO] transport: disconnect detected: pong timeout
2026-07-29 11:59:16,073 [INFO] transport: no device found
2026-07-29 11:59:17,089 [INFO] transport: no device found
2026-07-29 11:59:18,103 [INFO] transport: no device found
2026-07-29 11:59:19,117 [INFO] transport: no device found
2026-07-29 11:59:20,131 [INFO] transport: no device found
2026-07-29 11:59:21,146 [INFO] transport: no device found
2026-07-29 11:59:22,160 [INFO] transport: no device found
2026-07-29 11:59:23,174 [INFO] transport: no device found
2026-07-29 11:59:24,190 [INFO] transport: no device found
2026-07-29 11:59:25,204 [INFO] transport: no device found
2026-07-29 11:59:26,219 [INFO] transport: no device found
2026-07-29 11:59:27,234 [INFO] transport: no device found
2026-07-29 11:59:28,249 [INFO] transport: no device found
2026-07-29 11:59:29,263 [INFO] transport: no device found
2026-07-29 11:59:30,278 [INFO] transport: no device found
2026-07-29 11:59:31,293 [INFO] transport: no device found
2026-07-29 11:59:32,308 [INFO] transport: no device found
2026-07-29 11:59:32,383 [ERROR] ui.main_window: 操作 失败
Traceback (most recent call last):
  File "D:\AI\stm_microscope\ui\main_window.py", line 407, in on_done
    fut.result()
    ~~~~~~~~~~^^
  File "C:\Users\L_fanhua\AppData\Local\Programs\Python\Python313\Lib\concurrent\futures\_base.py", line 449, in result
    return self.__get_result()
           ~~~~~~~~~~~~~~~~~^^
  File "C:\Users\L_fanhua\AppData\Local\Programs\Python\Python313\Lib\concurrent\futures\_base.py", line 401, in __get_result
    raise self._exception
  File "C:\Users\L_fanhua\AppData\Local\Programs\Python\Python313\Lib\concurrent\futures\thread.py", line 59, in run
    result = self.fn(*self.args, **self.kwargs)
  File "D:\AI\stm_microscope\controller.py", line 281, in save_calibration
    self.transport.send(Cmd.SAVE_CALIB)
    ~~~~~~~~~~~~~~~~~~~^^^^^^^^^^^^^^^^
  File "D:\AI\stm_microscope\transport.py", line 446, in send
    self._raw_send(frame)
    ~~~~~~~~~~~~~~^^^^^^^
  File "D:\AI\stm_microscope\transport.py", line 431, in _raw_send
    raise NotConnectedError()
transport.NotConnectedError
2026-07-29 11:59:33,322 [INFO] transport: no device found
2026-07-29 11:59:34,337 [INFO] transport: no device found
2026-07-29 11:59:35,352 [INFO] transport: no device found
2026-07-29 11:59:36,366 [INFO] transport: no device found
2026-07-29 11:59:36,675 [ERROR] ui.main_window: 操作 失败
Traceback (most recent call last):
  File "D:\AI\stm_microscope\ui\main_window.py", line 407, in on_done
    fut.result()
    ~~~~~~~~~~^^
  File "C:\Users\L_fanhua\AppData\Local\Programs\Python\Python313\Lib\concurrent\futures\_base.py", line 449, in result
    return self.__get_result()
           ~~~~~~~~~~~~~~~~~^^
  File "C:\Users\L_fanhua\AppData\Local\Programs\Python\Python313\Lib\concurrent\futures\_base.py", line 401, in __get_result
    raise self._exception
  File "C:\Users\L_fanhua\AppData\Local\Programs\Python\Python313\Lib\concurrent\futures\thread.py", line 59, in run
    result = self.fn(*self.args, **self.kwargs)
  File "D:\AI\stm_microscope\controller.py", line 285, in load_calibration
    self.transport.send(Cmd.LOAD_CALIB)
    ~~~~~~~~~~~~~~~~~~~^^^^^^^^^^^^^^^^
  File "D:\AI\stm_microscope\transport.py", line 446, in send
    self._raw_send(frame)
    ~~~~~~~~~~~~~~^^^^^^^
  File "D:\AI\stm_microscope\transport.py", line 431, in _raw_send
    raise NotConnectedError()
transport.NotConnectedError
2026-07-29 11:59:37,380 [INFO] transport: no device found
2026-07-29 11:59:38,394 [INFO] transport: no device found
2026-07-29 11:59:39,408 [INFO] transport: no device found
2026-07-29 11:59:40,423 [INFO] transport: no device found
2026-07-29 11:59:41,438 [INFO] transport: no device found
2026-07-29 11:59:42,452 [INFO] transport: no device found
2026-07-29 11:59:43,467 [INFO] transport: no device found
2026-07-29 11:59:44,482 [INFO] transport: no device found
2026-07-29 11:59:45,496 [INFO] transport: no device found
2026-07-29 11:59:46,512 [INFO] transport: no device found
2026-07-29 11:59:47,526 [INFO] transport: no device found
2026-07-29 11:59:48,541 [INFO] transport: no device found
2026-07-29 11:59:49,555 [INFO] transport: no device found
2026-07-29 11:59:50,570 [INFO] transport: no device found
2026-07-29 11:59:51,585 [INFO] transport: no device found
2026-07-29 11:59:52,599 [INFO] transport: no device found
2026-07-29 11:59:53,613 [INFO] transport: no device found
2026-07-29 11:59:54,628 [INFO] transport: no device found
2026-07-29 11:59:55,641 [INFO] transport: no device found
2026-07-29 11:59:56,655 [INFO] transport: no device found
2026-07-29 11:59:57,670 [INFO] transport: no device found
2026-07-29 11:59:58,685 [INFO] transport: no device found
2026-07-29 11:59:59,700 [INFO] transport: no device found
2026-07-29 12:00:45,808 [INFO] transport: open COM3 failed: could not open port 'COM3': FileNotFoundError(2, '系统找不到指定的文件。', None, 2)
2026-07-29 12:01:03,251 [INFO] transport: connected to COM4
2026-07-29 12:01:06,496 [INFO] transport: disconnected
2026-07-29 12:01:11,861 [INFO] transport: connected to COM7
2026-07-29 12:01:41,170 [INFO] transport: connected to COM4
2026-07-29 12:01:59,502 [INFO] transport: ESTOP sent
2026-07-29 12:02:08,609 [INFO] transport: ESTOP sent
2026-07-29 12:02:10,417 [INFO] transport: ESTOP sent
2026-07-29 12:02:10,904 [INFO] transport: ESTOP sent
2026-07-29 12:02:11,866 [INFO] transport: ESTOP sent
2026-07-29 12:02:40,688 [INFO] transport: disconnected
2026-07-29 12:02:42,114 [INFO] transport: connected to COM4
2026-07-29 12:02:45,928 [INFO] transport: disconnected
2026-07-29 12:02:50,826 [INFO] transport: connected to COM4
2026-07-29 12:02:53,438 [INFO] transport: disconnected
2026-07-29 12:02:57,931 [INFO] transport: connected to COM4
2026-07-29 12:03:14,947 [INFO] transport: ESTOP sent
2026-07-29 12:03:15,703 [INFO] transport: ESTOP sent
2026-07-29 12:03:18,103 [INFO] transport: ESTOP sent
2026-07-29 12:03:18,645 [INFO] transport: ESTOP sent
2026-07-29 12:03:20,062 [INFO] transport: ESTOP sent
2026-07-29 12:05:16,510 [INFO] transport: connected to COM4
2026-07-29 12:05:21,125 [INFO] transport: disconnected
2026-07-29 12:05:22,248 [INFO] transport: connected to COM4
2026-07-29 12:13:13,021 [INFO] transport: disconnected
2026-07-29 12:20:17,439 [INFO] transport: connected to COM4
2026-07-29 12:20:19,450 [INFO] transport: disconnected
2026-07-29 12:20:19,797 [INFO] transport: connected to COM4
2026-07-29 12:20:20,667 [INFO] transport: disconnected
2026-07-29 12:20:25,160 [INFO] transport: connected to COM4
2026-07-29 12:20:26,570 [INFO] transport: disconnected
2026-07-29 12:20:27,675 [INFO] transport: connected to COM4
2026-07-29 12:23:53,505 [INFO] transport: disconnected
2026-07-29 13:07:21,073 [INFO] transport: connected to COM4
2026-07-29 13:07:22,280 [INFO] transport: disconnected
2026-07-29 13:07:22,779 [INFO] transport: connected to COM4
2026-07-29 13:19:37,395 [INFO] transport: disconnected
2026-07-29 13:20:33,668 [INFO] transport: connected to COM4
2026-07-29 13:20:35,098 [INFO] transport: disconnected
2026-07-29 13:37:43,174 [INFO] transport: connected to COM4
2026-07-29 13:37:45,985 [INFO] transport: disconnected
2026-07-29 13:37:46,390 [INFO] transport: connected to COM4
2026-07-29 13:37:51,405 [INFO] transport: disconnected
2026-07-29 13:37:55,468 [INFO] transport: connected to COM4
2026-07-29 13:57:52,504 [INFO] transport: disconnected
2026-07-29 13:59:29,927 [INFO] transport: connected to COM4
2026-07-29 13:59:31,336 [INFO] transport: disconnected
2026-07-29 14:26:28,187 [INFO] transport: connected to COM4
2026-07-29 14:26:29,820 [INFO] transport: disconnected
2026-07-29 14:26:30,589 [INFO] transport: connected to COM4
2026-07-29 14:26:33,001 [INFO] transport: disconnected
2026-07-29 14:26:57,607 [INFO] transport: connected to COM4
2026-07-29 14:27:00,873 [INFO] transport: disconnected
2026-07-29 14:27:01,817 [INFO] transport: connected to COM4
2026-07-29 14:27:07,460 [INFO] transport: disconnected
2026-07-29 14:27:23,270 [INFO] transport: connected to COM4
2026-07-29 14:27:25,280 [INFO] transport: disconnected
2026-07-29 14:27:25,854 [INFO] transport: connected to COM4
2026-07-29 14:28:34,507 [INFO] transport: disconnected
2026-07-29 14:28:39,552 [INFO] transport: connected to COM4
2026-07-29 14:28:41,361 [INFO] transport: disconnected
2026-07-29 14:28:50,382 [INFO] transport: connected to COM4
2026-07-29 14:29:08,033 [INFO] transport: disconnected
2026-07-29 16:22:52,818 [INFO] transport: connected to COM4
2026-07-29 16:22:52,839 [ERROR] stm: Uncaught exception
Traceback (most recent call last):
  File "D:\AI\stm_microscope\ui\main_window.py", line 327, in _on_connection_main
    self.bridge.run_async(_get_version)
    ^^^^^^^^^^^^^^^^^^^^^
AttributeError: '_Bridge' object has no attribute 'run_async'
2026-07-29 16:23:00,068 [ERROR] stm: Uncaught exception
Traceback (most recent call last):
  File "D:\AI\stm_microscope\ui\main_window.py", line 335, in _on_connection_main
    self.bridge.run_async(self.bridge.controller.transport.start_auto_reconnect)
    ^^^^^^^^^^^^^^^^^^^^^
AttributeError: '_Bridge' object has no attribute 'run_async'
2026-07-29 16:23:00,069 [INFO] transport: disconnected
2026-07-29 16:23:02,500 [INFO] transport: connected to COM4
2026-07-29 16:23:02,505 [ERROR] stm: Uncaught exception
Traceback (most recent call last):
  File "D:\AI\stm_microscope\ui\main_window.py", line 327, in _on_connection_main
    self.bridge.run_async(_get_version)
    ^^^^^^^^^^^^^^^^^^^^^
AttributeError: '_Bridge' object has no attribute 'run_async'
2026-07-29 16:23:17,935 [ERROR] stm: Uncaught exception
Traceback (most recent call last):
  File "D:\AI\stm_microscope\ui\main_window.py", line 335, in _on_connection_main
    self.bridge.run_async(self.bridge.controller.transport.start_auto_reconnect)
    ^^^^^^^^^^^^^^^^^^^^^
AttributeError: '_Bridge' object has no attribute 'run_async'
2026-07-29 16:23:17,936 [INFO] transport: disconnected
2026-07-29 16:23:24,716 [INFO] transport: connected to COM4
2026-07-29 16:23:24,722 [ERROR] stm: Uncaught exception
Traceback (most recent call last):
  File "D:\AI\stm_microscope\ui\main_window.py", line 327, in _on_connection_main
    self.bridge.run_async(_get_version)
    ^^^^^^^^^^^^^^^^^^^^^
AttributeError: '_Bridge' object has no attribute 'run_async'
2026-07-29 16:23:26,928 [ERROR] stm: Uncaught exception
Traceback (most recent call last):
  File "D:\AI\stm_microscope\ui\main_window.py", line 335, in _on_connection_main
    self.bridge.run_async(self.bridge.controller.transport.start_auto_reconnect)
    ^^^^^^^^^^^^^^^^^^^^^
AttributeError: '_Bridge' object has no attribute 'run_async'
2026-07-29 16:23:26,929 [INFO] transport: disconnected
2026-07-29 16:23:30,155 [INFO] transport: connected to COM4
2026-07-29 16:23:30,162 [ERROR] stm: Uncaught exception
Traceback (most recent call last):
  File "D:\AI\stm_microscope\ui\main_window.py", line 327, in _on_connection_main
    self.bridge.run_async(_get_version)
    ^^^^^^^^^^^^^^^^^^^^^
AttributeError: '_Bridge' object has no attribute 'run_async'
2026-07-29 16:24:50,532 [ERROR] stm: Uncaught exception
Traceback (most recent call last):
  File "D:\AI\stm_microscope\ui\main_window.py", line 335, in _on_connection_main
    self.bridge.run_async(self.bridge.controller.transport.start_auto_reconnect)
    ^^^^^^^^^^^^^^^^^^^^^
AttributeError: '_Bridge' object has no attribute 'run_async'
2026-07-29 16:24:50,533 [INFO] transport: disconnected
2026-07-29 16:26:26,015 [INFO] transport: connected to COM4
2026-07-29 16:26:29,429 [INFO] transport: disconnected
2026-07-29 16:26:30,575 [INFO] transport: connected to COM4
2026-07-29 16:26:31,182 [INFO] transport: disconnected
2026-07-29 16:26:31,912 [INFO] transport: connected to COM4
2026-07-29 16:27:25,056 [INFO] transport: heartbeat send failed: Write timeout
2026-07-29 16:27:25,056 [INFO] transport: disconnect detected: heartbeat failed: Write timeout
2026-07-29 16:33:12,265 [INFO] transport: connected to COM4
2026-07-29 16:33:14,475 [INFO] transport: disconnected
2026-07-29 16:33:24,179 [INFO] transport: connected to COM4
2026-07-29 16:33:28,793 [INFO] transport: disconnected
2026-07-29 16:33:46,120 [INFO] transport: connected to COM4
2026-07-29 16:33:48,731 [INFO] transport: disconnected
2026-07-29 16:33:52,244 [INFO] transport: connected to COM4
2026-07-29 16:33:53,237 [INFO] transport: ESTOP sent
2026-07-29 16:34:00,297 [INFO] transport: ESTOP sent
2026-07-29 16:38:46,041 [INFO] transport: disconnected
2026-07-29 16:54:09,738 [INFO] transport: connected to COM4
2026-07-29 16:56:32,627 [INFO] transport: disconnected
2026-07-29 16:56:46,143 [INFO] transport: connected to COM4
2026-07-29 16:56:49,105 [INFO] transport: ESTOP sent
2026-07-29 16:57:18,611 [INFO] transport: disconnected
2026-07-29 16:57:19,369 [INFO] transport: connected to COM4
2026-07-29 16:57:29,468 [INFO] transport: ESTOP sent
2026-07-29 16:57:40,457 [INFO] transport: ESTOP sent
2026-07-29 16:57:50,638 [INFO] transport: disconnected
2026-07-29 16:57:51,108 [INFO] transport: connected to COM4
2026-07-29 16:58:43,486 [INFO] transport: disconnect detected: serial error: ClearCommError failed (PermissionError(13, '设备不识别此命令。', None, 22))
2026-07-29 16:58:53,555 [INFO] transport: connected to COM4
2026-07-29 16:58:55,749 [INFO] transport: disconnect detected: serial error: ClearCommError failed (PermissionError(13, '设备不识别此命令。', None, 22))
2026-07-29 16:59:05,680 [INFO] transport: connected to COM4
2026-07-29 16:59:06,683 [INFO] transport: heartbeat send failed: Write timeout
2026-07-29 16:59:06,683 [INFO] transport: disconnect detected: heartbeat failed: Write timeout
2026-07-29 16:59:19,773 [INFO] transport: connected to COM4
2026-07-29 16:59:19,778 [INFO] transport: disconnect detected: serial error: ClearCommError failed (PermissionError(13, '设备不识别此命令。', None, 22))
2026-07-29 16:59:24,170 [INFO] transport: open COM4 failed: could not open port 'COM4': FileNotFoundError(2, '系统找不到指定的文件。', None, 2)
2026-07-29 16:59:57,731 [INFO] transport: connected to COM4
2026-07-29 17:00:25,872 [INFO] transport: disconnected
2026-07-29 17:00:40,054 [INFO] transport: connected to COM4
2026-07-29 17:09:56,391 [INFO] transport: disconnected
2026-07-29 17:11:02,356 [INFO] transport: connected to COM4
2026-07-29 17:11:14,787 [INFO] transport: disconnected
2026-07-29 17:14:16,747 [INFO] transport: connected to COM4
2026-07-29 17:15:03,442 [INFO] transport: disconnected
2026-07-29 17:15:09,020 [INFO] transport: connected to COM4
2026-07-29 17:18:05,880 [INFO] transport: disconnected
2026-07-29 17:18:28,524 [INFO] transport: connected to COM4
2026-07-29 17:18:54,832 [INFO] transport: disconnected
2026-07-29 17:18:58,425 [INFO] transport: connected to COM4
2026-07-29 17:21:51,376 [INFO] transport: ESTOP sent
2026-07-29 17:21:57,494 [INFO] transport: disconnected
2026-07-29 17:21:58,034 [INFO] transport: connected to COM4
2026-07-29 17:22:21,776 [INFO] transport: ESTOP sent
2026-07-29 17:22:24,650 [INFO] transport: ESTOP sent
2026-07-29 17:22:25,438 [INFO] transport: ESTOP sent
2026-07-29 17:22:26,335 [INFO] transport: ESTOP sent
2026-07-29 17:23:11,416 [INFO] transport: disconnected
2026-07-29 22:45:40,123 [INFO] transport: connected to COM4
2026-07-29 22:54:16,150 [INFO] transport: disconnected
2026-07-29 22:54:57,230 [INFO] transport: connected to COM4
2026-07-29 22:58:30,018 [INFO] transport: disconnected
2026-07-29 22:58:49,877 [INFO] transport: connected to COM4
2026-07-29 23:03:12,323 [INFO] transport: connected to COM4
2026-07-29 23:03:54,210 [INFO] transport: open COM4 failed: could not open port 'COM4': PermissionError(13, '拒绝访问。', None, 5)
2026-07-29 23:04:01,862 [INFO] transport: disconnected
2026-07-29 23:04:22,164 [INFO] transport: connected to COM4
2026-07-29 23:07:31,148 [INFO] transport: open COM4 failed: could not open port 'COM4': PermissionError(13, '拒绝访问。', None, 5)
2026-07-29 23:07:57,879 [INFO] transport: connected to COM4
2026-07-29 23:08:20,145 [INFO] controller: STEP_MOTOR: steps=10 speed=2000 payload=0a00d0070000 (6 bytes)
2026-07-29 23:08:28,825 [INFO] controller: STEP_MOTOR: steps=-10 speed=2000 payload=f6ffd0070000 (6 bytes)
2026-07-29 23:08:45,922 [INFO] transport: open COM4 failed: could not open port 'COM4': PermissionError(13, '拒绝访问。', None, 5)
2026-07-29 23:08:57,800 [INFO] transport: disconnected
2026-07-29 23:10:52,193 [INFO] transport: connected to COM4
2026-07-29 23:10:54,049 [INFO] controller: STEP_MOTOR: steps=10 speed=2000 payload=0a00d0070000 (6 bytes)
2026-07-29 23:11:14,879 [INFO] transport: disconnected
2026-07-29 23:11:44,874 [INFO] transport: connected to COM4
2026-07-29 23:11:48,389 [INFO] controller: STEP_MOTOR: steps=10 speed=2000 payload=0a00d0070000 (6 bytes)
2026-07-29 23:13:10,226 [INFO] transport: disconnected
2026-07-29 23:18:56,467 [INFO] transport: connected to COM4
2026-07-29 23:19:08,697 [INFO] controller: STEP_MOTOR: steps=10 speed=2000 payload=0a00d0070000 (6 bytes)
2026-07-29 23:19:57,071 [INFO] transport: disconnected
2026-07-29 23:20:25,997 [INFO] transport: connected to COM4
2026-07-29 23:20:30,094 [INFO] controller: STEP_MOTOR: steps=10 speed=2000 payload=0a00d0070000 (6 bytes)
2026-07-29 23:26:40,241 [INFO] transport: disconnected
2026-07-29 23:27:29,315 [INFO] transport: connected to COM4
2026-07-29 23:27:30,693 [INFO] controller: STEP_MOTOR: steps=10 speed=2000 payload=0a00d0070000 (6 bytes)
2026-07-29 23:27:36,712 [INFO] controller: STEP_MOTOR: steps=10 speed=2000 payload=0a00d0070000 (6 bytes)
2026-07-29 23:27:37,501 [INFO] controller: STEP_MOTOR: steps=10 speed=2000 payload=0a00d0070000 (6 bytes)
2026-07-29 23:27:37,997 [INFO] controller: STEP_MOTOR: steps=10 speed=2000 payload=0a00d0070000 (6 bytes)
2026-07-29 23:27:38,516 [INFO] controller: STEP_MOTOR: steps=10 speed=2000 payload=0a00d0070000 (6 bytes)
2026-07-29 23:27:46,337 [INFO] controller: STEP_MOTOR: steps=1000 speed=2000 payload=e803d0070000 (6 bytes)
2026-07-29 23:27:47,435 [INFO] controller: STEP_MOTOR: steps=1000 speed=2000 payload=e803d0070000 (6 bytes)
2026-07-29 23:27:48,515 [INFO] controller: STEP_MOTOR: steps=1000 speed=2000 payload=e803d0070000 (6 bytes)
2026-07-29 23:27:49,608 [INFO] controller: STEP_MOTOR: steps=1000 speed=2000 payload=e803d0070000 (6 bytes)
2026-07-29 23:27:50,690 [INFO] controller: STEP_MOTOR: steps=1000 speed=2000 payload=e803d0070000 (6 bytes)
2026-07-29 23:28:16,621 [INFO] controller: STEP_MOTOR: steps=1000 speed=3000 payload=e803b80b0000 (6 bytes)
2026-07-29 23:28:24,167 [INFO] controller: STEP_MOTOR: steps=1000 speed=5000 payload=e80388130000 (6 bytes)
2026-07-29 23:29:05,680 [INFO] controller: STEP_MOTOR: steps=1000 speed=5000 payload=e80388130000 (6 bytes)
2026-07-29 23:29:22,118 [INFO] controller: STEP_MOTOR: steps=1000 speed=5000 payload=e80388130000 (6 bytes)
2026-07-29 23:29:35,542 [INFO] controller: STEP_MOTOR: steps=1000 speed=5000 payload=e80388130000 (6 bytes)
2026-07-29 23:29:52,066 [INFO] controller: STEP_MOTOR: steps=1000 speed=5000 payload=e80388130000 (6 bytes)
2026-07-29 23:29:56,459 [INFO] controller: STEP_MOTOR: steps=1000 speed=5000 payload=e80388130000 (6 bytes)
2026-07-29 23:31:03,394 [INFO] controller: STEP_MOTOR: steps=1000 speed=5000 payload=e80388130000 (6 bytes)
2026-07-29 23:31:42,760 [INFO] controller: STEP_MOTOR: steps=1000 speed=5000 payload=e80388130000 (6 bytes)
2026-07-29 23:31:45,073 [INFO] controller: STEP_MOTOR: steps=1000 speed=5000 payload=e80388130000 (6 bytes)
2026-07-29 23:31:50,526 [INFO] controller: STEP_MOTOR: steps=1000 speed=5000 payload=e80388130000 (6 bytes)
2026-07-29 23:31:53,048 [INFO] controller: STEP_MOTOR: steps=1000 speed=5000 payload=e80388130000 (6 bytes)
2026-07-29 23:32:25,456 [INFO] controller: STEP_MOTOR: steps=1000 speed=5000 payload=e80388130000 (6 bytes)
2026-07-29 23:32:27,159 [INFO] controller: STEP_MOTOR: steps=1000 speed=5000 payload=e80388130000 (6 bytes)
2026-07-29 23:32:28,191 [INFO] controller: STEP_MOTOR: steps=1000 speed=5000 payload=e80388130000 (6 bytes)
2026-07-29 23:32:29,276 [INFO] controller: STEP_MOTOR: steps=1000 speed=5000 payload=e80388130000 (6 bytes)
2026-07-29 23:32:30,356 [INFO] controller: STEP_MOTOR: steps=1000 speed=5000 payload=e80388130000 (6 bytes)
2026-07-29 23:32:31,448 [INFO] controller: STEP_MOTOR: steps=1000 speed=5000 payload=e80388130000 (6 bytes)
2026-07-29 23:32:32,536 [INFO] controller: STEP_MOTOR: steps=1000 speed=5000 payload=e80388130000 (6 bytes)
2026-07-29 23:32:33,618 [INFO] controller: STEP_MOTOR: steps=1000 speed=5000 payload=e80388130000 (6 bytes)
2026-07-29 23:32:43,335 [INFO] controller: STEP_MOTOR: steps=1000 speed=5000 payload=e80388130000 (6 bytes)
2026-07-29 23:32:48,835 [INFO] controller: STEP_MOTOR: steps=1000 speed=5000 payload=e80388130000 (6 bytes)
2026-07-29 23:32:50,261 [INFO] controller: STEP_MOTOR: steps=1000 speed=5000 payload=e80388130000 (6 bytes)
2026-07-29 23:32:51,637 [INFO] controller: STEP_MOTOR: steps=1000 speed=5000 payload=e80388130000 (6 bytes)
2026-07-29 23:35:44,241 [INFO] transport: disconnected
2026-07-29 23:36:17,305 [INFO] transport: connected to COM4
2026-07-29 23:36:19,206 [INFO] controller: STEP_MOTOR: steps=1000 speed=5000 payload=e80388130000 (6 bytes)
2026-07-29 23:36:21,339 [INFO] controller: STEP_MOTOR: steps=1000 speed=5000 payload=e80388130000 (6 bytes)
2026-07-29 23:36:22,244 [INFO] controller: STEP_MOTOR: steps=1000 speed=5000 payload=e80388130000 (6 bytes)
2026-07-29 23:37:14,710 [INFO] controller: STEP_MOTOR: steps=1000 speed=5000 payload=e80388130000 (6 bytes)
2026-07-29 23:37:18,991 [INFO] controller: STEP_MOTOR: steps=1000 speed=5000 payload=e80388130000 (6 bytes)
2026-07-29 23:37:24,778 [INFO] controller: STEP_MOTOR: steps=1000 speed=5000 payload=e80388130000 (6 bytes)
2026-07-29 23:37:52,001 [INFO] controller: STEP_MOTOR: steps=1000 speed=5000 payload=e80388130000 (6 bytes)
2026-07-29 23:37:55,970 [INFO] controller: STEP_MOTOR: steps=1000 speed=5000 payload=e80388130000 (6 bytes)
2026-07-29 23:38:00,795 [INFO] controller: STEP_MOTOR: steps=1000 speed=5000 payload=e80388130000 (6 bytes)
2026-07-29 23:38:05,802 [INFO] controller: STEP_MOTOR: steps=1000 speed=5000 payload=e80388130000 (6 bytes)
2026-07-29 23:38:07,054 [INFO] controller: STEP_MOTOR: steps=1000 speed=5000 payload=e80388130000 (6 bytes)
2026-07-29 23:38:11,092 [INFO] controller: STEP_MOTOR: steps=1000 speed=5000 payload=e80388130000 (6 bytes)
2026-07-29 23:38:12,060 [INFO] controller: STEP_MOTOR: steps=1000 speed=5000 payload=e80388130000 (6 bytes)
2026-07-29 23:38:17,256 [INFO] controller: STEP_MOTOR: steps=1000 speed=5000 payload=e80388130000 (6 bytes)
2026-07-29 23:38:31,907 [INFO] controller: STEP_MOTOR: steps=1000 speed=5000 payload=e80388130000 (6 bytes)
2026-07-29 23:38:33,260 [INFO] controller: STEP_MOTOR: steps=1000 speed=5000 payload=e80388130000 (6 bytes)
2026-07-29 23:38:49,443 [INFO] controller: STEP_MOTOR: steps=1000 speed=5000 payload=e80388130000 (6 bytes)
2026-07-29 23:39:17,621 [INFO] controller: STEP_MOTOR: steps=1000 speed=5000 payload=e80388130000 (6 bytes)
2026-07-29 23:39:19,134 [INFO] controller: STEP_MOTOR: steps=1000 speed=5000 payload=e80388130000 (6 bytes)
2026-07-29 23:39:19,756 [INFO] controller: STEP_MOTOR: steps=1000 speed=5000 payload=e80388130000 (6 bytes)
2026-07-29 23:39:21,404 [INFO] controller: STEP_MOTOR: steps=1000 speed=5000 payload=e80388130000 (6 bytes)
2026-07-29 23:39:22,690 [INFO] controller: STEP_MOTOR: steps=1000 speed=5000 payload=e80388130000 (6 bytes)
2026-07-29 23:39:24,336 [INFO] controller: STEP_MOTOR: steps=1000 speed=5000 payload=e80388130000 (6 bytes)
2026-07-29 23:39:25,564 [INFO] controller: STEP_MOTOR: steps=1000 speed=5000 payload=e80388130000 (6 bytes)
2026-07-29 23:39:34,679 [INFO] controller: STEP_MOTOR: steps=1000 speed=5000 payload=e80388130000 (6 bytes)
2026-07-29 23:39:34,967 [INFO] controller: STEP_MOTOR: steps=1000 speed=5000 payload=e80388130000 (6 bytes)
2026-07-29 23:41:40,144 [INFO] transport: disconnect detected: serial error: ClearCommError failed (PermissionError(13, '设备不识别此命令。', None, 22))
2026-07-30 11:19:58,100 [INFO] transport: connected to COM4
2026-07-30 11:20:12,717 [INFO] controller: STEP_MOTOR: steps=10 speed=2000 payload=0a00d0070000 (6 bytes)
2026-07-30 11:20:14,652 [INFO] controller: STEP_MOTOR: steps=10 speed=2000 payload=0a00d0070000 (6 bytes)
2026-07-30 11:20:47,074 [INFO] transport: disconnect detected: serial error: ClearCommError failed (PermissionError(13, '设备不识别此命令。', None, 22))
2026-07-30 11:22:00,732 [INFO] transport: connected to COM4
2026-07-30 11:22:03,312 [INFO] controller: STEP_MOTOR: steps=10 speed=2000 payload=0a00d0070000 (6 bytes)
2026-07-30 11:22:13,431 [INFO] controller: STEP_MOTOR: steps=10 speed=2000 payload=0a00d0070000 (6 bytes)
2026-07-30 11:22:18,001 [INFO] controller: STEP_MOTOR: steps=10 speed=2000 payload=0a00d0070000 (6 bytes)
2026-07-30 11:22:19,660 [INFO] controller: STEP_MOTOR: steps=10 speed=2000 payload=0a00d0070000 (6 bytes)
2026-07-30 11:22:21,069 [INFO] controller: STEP_MOTOR: steps=10 speed=2000 payload=0a00d0070000 (6 bytes)
2026-07-30 11:22:22,103 [INFO] controller: STEP_MOTOR: steps=10 speed=2000 payload=0a00d0070000 (6 bytes)
2026-07-30 11:22:23,283 [INFO] controller: STEP_MOTOR: steps=10 speed=2000 payload=0a00d0070000 (6 bytes)
2026-07-30 11:22:26,493 [INFO] controller: STEP_MOTOR: steps=10 speed=2000 payload=0a00d0070000 (6 bytes)
2026-07-30 11:22:27,328 [INFO] controller: STEP_MOTOR: steps=10 speed=2000 payload=0a00d0070000 (6 bytes)
2026-07-30 11:22:29,689 [INFO] controller: STEP_MOTOR: steps=10 speed=2000 payload=0a00d0070000 (6 bytes)
2026-07-30 11:22:40,522 [INFO] controller: STEP_MOTOR: steps=10 speed=2000 payload=0a00d0070000 (6 bytes)
2026-07-30 11:22:41,247 [INFO] controller: STEP_MOTOR: steps=10 speed=2000 payload=0a00d0070000 (6 bytes)
2026-07-30 11:22:41,789 [INFO] controller: STEP_MOTOR: steps=10 speed=2000 payload=0a00d0070000 (6 bytes)
2026-07-30 11:22:42,248 [INFO] controller: STEP_MOTOR: steps=10 speed=2000 payload=0a00d0070000 (6 bytes)
2026-07-30 11:22:42,653 [INFO] controller: STEP_MOTOR: steps=10 speed=2000 payload=0a00d0070000 (6 bytes)
2026-07-30 11:22:43,044 [INFO] controller: STEP_MOTOR: steps=10 speed=2000 payload=0a00d0070000 (6 bytes)
2026-07-30 11:22:43,489 [INFO] controller: STEP_MOTOR: steps=10 speed=2000 payload=0a00d0070000 (6 bytes)
2026-07-30 11:22:44,163 [INFO] controller: STEP_MOTOR: steps=10 speed=2000 payload=0a00d0070000 (6 bytes)
2026-07-30 11:22:49,608 [INFO] controller: STEP_MOTOR: steps=1000 speed=2000 payload=e803d0070000 (6 bytes)
2026-07-30 11:22:51,316 [INFO] controller: STEP_MOTOR: steps=1000 speed=2000 payload=e803d0070000 (6 bytes)
2026-07-30 11:22:52,333 [INFO] controller: STEP_MOTOR: steps=1000 speed=2000 payload=e803d0070000 (6 bytes)
2026-07-30 11:22:53,092 [INFO] controller: STEP_MOTOR: steps=1000 speed=2000 payload=e803d0070000 (6 bytes)
2026-07-30 11:22:53,668 [INFO] controller: STEP_MOTOR: steps=1000 speed=2000 payload=e803d0070000 (6 bytes)
2026-07-30 11:22:54,240 [INFO] controller: STEP_MOTOR: steps=1000 speed=2000 payload=e803d0070000 (6 bytes)
2026-07-30 11:23:07,233 [INFO] controller: STEP_MOTOR: steps=1000 speed=4000 payload=e803a00f0000 (6 bytes)
2026-07-30 11:23:08,037 [INFO] controller: STEP_MOTOR: steps=1000 speed=4000 payload=e803a00f0000 (6 bytes)
2026-07-30 11:23:08,690 [INFO] controller: STEP_MOTOR: steps=1000 speed=4000 payload=e803a00f0000 (6 bytes)
2026-07-30 11:23:09,194 [INFO] controller: STEP_MOTOR: steps=1000 speed=4000 payload=e803a00f0000 (6 bytes)
2026-07-30 11:23:09,580 [INFO] controller: STEP_MOTOR: steps=1000 speed=4000 payload=e803a00f0000 (6 bytes)
2026-07-30 11:23:09,931 [INFO] controller: STEP_MOTOR: steps=1000 speed=4000 payload=e803a00f0000 (6 bytes)
2026-07-30 11:23:10,291 [INFO] controller: STEP_MOTOR: steps=1000 speed=4000 payload=e803a00f0000 (6 bytes)
2026-07-30 11:23:10,567 [INFO] controller: STEP_MOTOR: steps=1000 speed=4000 payload=e803a00f0000 (6 bytes)
2026-07-30 11:23:10,885 [INFO] controller: STEP_MOTOR: steps=1000 speed=4000 payload=e803a00f0000 (6 bytes)
2026-07-30 11:23:11,215 [INFO] controller: STEP_MOTOR: steps=1000 speed=4000 payload=e803a00f0000 (6 bytes)
2026-07-30 11:23:11,548 [INFO] controller: STEP_MOTOR: steps=1000 speed=4000 payload=e803a00f0000 (6 bytes)
2026-07-30 11:23:11,872 [INFO] controller: STEP_MOTOR: steps=1000 speed=4000 payload=e803a00f0000 (6 bytes)
2026-07-30 11:23:12,208 [INFO] controller: STEP_MOTOR: steps=1000 speed=4000 payload=e803a00f0000 (6 bytes)
2026-07-30 11:23:12,527 [INFO] controller: STEP_MOTOR: steps=1000 speed=4000 payload=e803a00f0000 (6 bytes)
2026-07-30 11:23:12,853 [INFO] controller: STEP_MOTOR: steps=1000 speed=4000 payload=e803a00f0000 (6 bytes)
2026-07-30 11:23:13,180 [INFO] controller: STEP_MOTOR: steps=1000 speed=4000 payload=e803a00f0000 (6 bytes)
2026-07-30 11:23:13,518 [INFO] controller: STEP_MOTOR: steps=1000 speed=4000 payload=e803a00f0000 (6 bytes)
2026-07-30 11:23:13,837 [INFO] controller: STEP_MOTOR: steps=1000 speed=4000 payload=e803a00f0000 (6 bytes)
2026-07-30 11:23:14,169 [INFO] controller: STEP_MOTOR: steps=1000 speed=4000 payload=e803a00f0000 (6 bytes)
2026-07-30 11:23:14,497 [INFO] controller: STEP_MOTOR: steps=1000 speed=4000 payload=e803a00f0000 (6 bytes)
2026-07-30 11:23:14,822 [INFO] controller: STEP_MOTOR: steps=1000 speed=4000 payload=e803a00f0000 (6 bytes)
2026-07-30 11:23:15,149 [INFO] controller: STEP_MOTOR: steps=1000 speed=4000 payload=e803a00f0000 (6 bytes)
2026-07-30 11:23:15,480 [INFO] controller: STEP_MOTOR: steps=1000 speed=4000 payload=e803a00f0000 (6 bytes)
2026-07-30 11:23:15,820 [INFO] controller: STEP_MOTOR: steps=1000 speed=4000 payload=e803a00f0000 (6 bytes)
2026-07-30 11:23:16,137 [INFO] controller: STEP_MOTOR: steps=1000 speed=4000 payload=e803a00f0000 (6 bytes)
2026-07-30 11:23:16,465 [INFO] controller: STEP_MOTOR: steps=1000 speed=4000 payload=e803a00f0000 (6 bytes)
2026-07-30 11:23:16,796 [INFO] controller: STEP_MOTOR: steps=1000 speed=4000 payload=e803a00f0000 (6 bytes)
2026-07-30 11:23:17,128 [INFO] controller: STEP_MOTOR: steps=1000 speed=4000 payload=e803a00f0000 (6 bytes)
2026-07-30 11:23:17,459 [INFO] controller: STEP_MOTOR: steps=1000 speed=4000 payload=e803a00f0000 (6 bytes)
2026-07-30 11:23:17,790 [INFO] controller: STEP_MOTOR: steps=1000 speed=4000 payload=e803a00f0000 (6 bytes)
2026-07-30 11:23:18,120 [INFO] controller: STEP_MOTOR: steps=1000 speed=4000 payload=e803a00f0000 (6 bytes)
2026-07-30 11:23:18,451 [INFO] controller: STEP_MOTOR: steps=1000 speed=4000 payload=e803a00f0000 (6 bytes)
2026-07-30 11:23:18,780 [INFO] controller: STEP_MOTOR: steps=1000 speed=4000 payload=e803a00f0000 (6 bytes)
2026-07-30 11:23:19,111 [INFO] controller: STEP_MOTOR: steps=1000 speed=4000 payload=e803a00f0000 (6 bytes)
2026-07-30 11:23:19,444 [INFO] controller: STEP_MOTOR: steps=1000 speed=4000 payload=e803a00f0000 (6 bytes)
2026-07-30 11:23:19,774 [INFO] controller: STEP_MOTOR: steps=1000 speed=4000 payload=e803a00f0000 (6 bytes)
2026-07-30 11:23:20,126 [INFO] controller: STEP_MOTOR: steps=1000 speed=4000 payload=e803a00f0000 (6 bytes)
2026-07-30 11:23:20,433 [INFO] controller: STEP_MOTOR: steps=1000 speed=4000 payload=e803a00f0000 (6 bytes)
2026-07-30 11:23:20,761 [INFO] controller: STEP_MOTOR: steps=1000 speed=4000 payload=e803a00f0000 (6 bytes)
2026-07-30 11:23:21,086 [INFO] controller: STEP_MOTOR: steps=1000 speed=4000 payload=e803a00f0000 (6 bytes)
2026-07-30 11:23:21,416 [INFO] controller: STEP_MOTOR: steps=1000 speed=4000 payload=e803a00f0000 (6 bytes)
2026-07-30 11:23:21,744 [INFO] controller: STEP_MOTOR: steps=1000 speed=4000 payload=e803a00f0000 (6 bytes)
2026-07-30 11:23:22,071 [INFO] controller: STEP_MOTOR: steps=1000 speed=4000 payload=e803a00f0000 (6 bytes)
2026-07-30 11:23:22,398 [INFO] controller: STEP_MOTOR: steps=1000 speed=4000 payload=e803a00f0000 (6 bytes)
2026-07-30 11:23:22,725 [INFO] controller: STEP_MOTOR: steps=1000 speed=4000 payload=e803a00f0000 (6 bytes)
2026-07-30 11:23:23,054 [INFO] controller: STEP_MOTOR: steps=1000 speed=4000 payload=e803a00f0000 (6 bytes)
2026-07-30 11:23:23,383 [INFO] controller: STEP_MOTOR: steps=1000 speed=4000 payload=e803a00f0000 (6 bytes)
2026-07-30 11:23:23,710 [INFO] controller: STEP_MOTOR: steps=1000 speed=4000 payload=e803a00f0000 (6 bytes)
2026-07-30 11:23:24,041 [INFO] controller: STEP_MOTOR: steps=1000 speed=4000 payload=e803a00f0000 (6 bytes)
2026-07-30 11:23:24,372 [INFO] controller: STEP_MOTOR: steps=1000 speed=4000 payload=e803a00f0000 (6 bytes)
2026-07-30 11:23:24,701 [INFO] controller: STEP_MOTOR: steps=1000 speed=4000 payload=e803a00f0000 (6 bytes)
2026-07-30 11:23:25,028 [INFO] controller: STEP_MOTOR: steps=1000 speed=4000 payload=e803a00f0000 (6 bytes)
2026-07-30 11:23:25,358 [INFO] controller: STEP_MOTOR: steps=1000 speed=4000 payload=e803a00f0000 (6 bytes)
2026-07-30 11:23:25,689 [INFO] controller: STEP_MOTOR: steps=1000 speed=4000 payload=e803a00f0000 (6 bytes)
2026-07-30 11:23:26,021 [INFO] controller: STEP_MOTOR: steps=1000 speed=4000 payload=e803a00f0000 (6 bytes)
2026-07-30 11:23:26,351 [INFO] controller: STEP_MOTOR: steps=1000 speed=4000 payload=e803a00f0000 (6 bytes)
2026-07-30 11:23:26,681 [INFO] controller: STEP_MOTOR: steps=1000 speed=4000 payload=e803a00f0000 (6 bytes)
2026-07-30 11:23:27,012 [INFO] controller: STEP_MOTOR: steps=1000 speed=4000 payload=e803a00f0000 (6 bytes)
2026-07-30 11:23:27,342 [INFO] controller: STEP_MOTOR: steps=1000 speed=4000 payload=e803a00f0000 (6 bytes)
2026-07-30 11:23:27,702 [INFO] controller: STEP_MOTOR: steps=1000 speed=4000 payload=e803a00f0000 (6 bytes)
2026-07-30 11:23:28,003 [INFO] controller: STEP_MOTOR: steps=1000 speed=4000 payload=e803a00f0000 (6 bytes)
2026-07-30 11:23:28,332 [INFO] controller: STEP_MOTOR: steps=1000 speed=4000 payload=e803a00f0000 (6 bytes)
2026-07-30 11:23:28,663 [INFO] controller: STEP_MOTOR: steps=1000 speed=4000 payload=e803a00f0000 (6 bytes)
2026-07-30 11:23:28,994 [INFO] controller: STEP_MOTOR: steps=1000 speed=4000 payload=e803a00f0000 (6 bytes)
2026-07-30 11:23:29,324 [INFO] controller: STEP_MOTOR: steps=1000 speed=4000 payload=e803a00f0000 (6 bytes)
2026-07-30 11:23:29,655 [INFO] controller: STEP_MOTOR: steps=1000 speed=4000 payload=e803a00f0000 (6 bytes)
2026-07-30 11:23:29,985 [INFO] controller: STEP_MOTOR: steps=1000 speed=4000 payload=e803a00f0000 (6 bytes)
2026-07-30 11:23:30,313 [INFO] controller: STEP_MOTOR: steps=1000 speed=4000 payload=e803a00f0000 (6 bytes)
2026-07-30 11:23:30,642 [INFO] controller: STEP_MOTOR: steps=1000 speed=4000 payload=e803a00f0000 (6 bytes)
2026-07-30 11:23:30,972 [INFO] controller: STEP_MOTOR: steps=1000 speed=4000 payload=e803a00f0000 (6 bytes)
2026-07-30 11:23:31,299 [INFO] controller: STEP_MOTOR: steps=1000 speed=4000 payload=e803a00f0000 (6 bytes)
2026-07-30 11:23:31,630 [INFO] controller: STEP_MOTOR: steps=1000 speed=4000 payload=e803a00f0000 (6 bytes)
2026-07-30 11:23:43,260 [INFO] controller: STEP_MOTOR: steps=1000 speed=4000 payload=e803a00f0000 (6 bytes)
2026-07-30 11:23:44,175 [INFO] controller: STEP_MOTOR: steps=1000 speed=4000 payload=e803a00f0000 (6 bytes)
2026-07-30 11:23:44,749 [INFO] controller: STEP_MOTOR: steps=1000 speed=4000 payload=e803a00f0000 (6 bytes)
2026-07-30 11:23:45,486 [INFO] controller: STEP_MOTOR: steps=1000 speed=4000 payload=e803a00f0000 (6 bytes)
2026-07-30 11:23:46,196 [INFO] controller: STEP_MOTOR: steps=1000 speed=4000 payload=e803a00f0000 (6 bytes)
2026-07-30 11:23:46,899 [INFO] controller: STEP_MOTOR: steps=1000 speed=4000 payload=e803a00f0000 (6 bytes)
2026-07-30 11:23:48,890 [INFO] controller: STEP_MOTOR: steps=1000 speed=4000 payload=e803a00f0000 (6 bytes)
2026-07-30 11:23:49,574 [INFO] controller: STEP_MOTOR: steps=1000 speed=4000 payload=e803a00f0000 (6 bytes)
2026-07-30 11:23:50,137 [INFO] controller: STEP_MOTOR: steps=1000 speed=4000 payload=e803a00f0000 (6 bytes)
2026-07-30 11:23:50,715 [INFO] controller: STEP_MOTOR: steps=1000 speed=4000 payload=e803a00f0000 (6 bytes)
2026-07-30 11:23:51,203 [INFO] controller: STEP_MOTOR: steps=1000 speed=4000 payload=e803a00f0000 (6 bytes)
2026-07-30 11:23:51,648 [INFO] controller: STEP_MOTOR: steps=1000 speed=4000 payload=e803a00f0000 (6 bytes)
2026-07-30 11:23:52,137 [INFO] controller: STEP_MOTOR: steps=1000 speed=4000 payload=e803a00f0000 (6 bytes)
2026-07-30 11:23:52,608 [INFO] controller: STEP_MOTOR: steps=1000 speed=4000 payload=e803a00f0000 (6 bytes)
2026-07-30 11:23:53,063 [INFO] controller: STEP_MOTOR: steps=1000 speed=4000 payload=e803a00f0000 (6 bytes)
2026-07-30 11:23:53,534 [INFO] controller: STEP_MOTOR: steps=1000 speed=4000 payload=e803a00f0000 (6 bytes)
2026-07-30 11:23:54,047 [INFO] controller: STEP_MOTOR: steps=1000 speed=4000 payload=e803a00f0000 (6 bytes)
2026-07-30 11:23:54,523 [INFO] controller: STEP_MOTOR: steps=1000 speed=4000 payload=e803a00f0000 (6 bytes)
2026-07-30 11:23:55,034 [INFO] controller: STEP_MOTOR: steps=1000 speed=4000 payload=e803a00f0000 (6 bytes)
2026-07-30 11:23:55,477 [INFO] controller: STEP_MOTOR: steps=1000 speed=4000 payload=e803a00f0000 (6 bytes)
2026-07-30 11:23:55,962 [INFO] controller: STEP_MOTOR: steps=1000 speed=4000 payload=e803a00f0000 (6 bytes)
2026-07-30 11:23:56,457 [INFO] controller: STEP_MOTOR: steps=1000 speed=4000 payload=e803a00f0000 (6 bytes)
2026-07-30 11:23:56,986 [INFO] controller: STEP_MOTOR: steps=1000 speed=4000 payload=e803a00f0000 (6 bytes)
2026-07-30 11:23:57,464 [INFO] controller: STEP_MOTOR: steps=1000 speed=4000 payload=e803a00f0000 (6 bytes)
2026-07-30 11:23:57,968 [INFO] controller: STEP_MOTOR: steps=1000 speed=4000 payload=e803a00f0000 (6 bytes)
2026-07-30 11:23:58,452 [INFO] controller: STEP_MOTOR: steps=1000 speed=4000 payload=e803a00f0000 (6 bytes)
2026-07-30 11:23:58,944 [INFO] controller: STEP_MOTOR: steps=1000 speed=4000 payload=e803a00f0000 (6 bytes)
2026-07-30 11:23:59,471 [INFO] controller: STEP_MOTOR: steps=1000 speed=4000 payload=e803a00f0000 (6 bytes)
2026-07-30 11:23:59,944 [INFO] controller: STEP_MOTOR: steps=1000 speed=4000 payload=e803a00f0000 (6 bytes)
2026-07-30 11:24:00,436 [INFO] controller: STEP_MOTOR: steps=1000 speed=4000 payload=e803a00f0000 (6 bytes)
2026-07-30 11:24:00,929 [INFO] controller: STEP_MOTOR: steps=1000 speed=4000 payload=e803a00f0000 (6 bytes)
2026-07-30 11:24:01,362 [INFO] controller: STEP_MOTOR: steps=1000 speed=4000 payload=e803a00f0000 (6 bytes)
2026-07-30 11:24:01,813 [INFO] controller: STEP_MOTOR: steps=1000 speed=4000 payload=e803a00f0000 (6 bytes)
2026-07-30 11:24:02,280 [INFO] controller: STEP_MOTOR: steps=1000 speed=4000 payload=e803a00f0000 (6 bytes)
2026-07-30 11:24:02,742 [INFO] controller: STEP_MOTOR: steps=1000 speed=4000 payload=e803a00f0000 (6 bytes)
2026-07-30 11:24:03,191 [INFO] controller: STEP_MOTOR: steps=1000 speed=4000 payload=e803a00f0000 (6 bytes)
2026-07-30 11:24:03,632 [INFO] controller: STEP_MOTOR: steps=1000 speed=4000 payload=e803a00f0000 (6 bytes)
2026-07-30 11:24:04,134 [INFO] controller: STEP_MOTOR: steps=1000 speed=4000 payload=e803a00f0000 (6 bytes)
2026-07-30 11:24:04,557 [INFO] controller: STEP_MOTOR: steps=1000 speed=4000 payload=e803a00f0000 (6 bytes)
2026-07-30 11:24:05,029 [INFO] controller: STEP_MOTOR: steps=1000 speed=4000 payload=e803a00f0000 (6 bytes)
2026-07-30 11:24:05,480 [INFO] controller: STEP_MOTOR: steps=1000 speed=4000 payload=e803a00f0000 (6 bytes)
2026-07-30 11:24:05,956 [INFO] controller: STEP_MOTOR: steps=1000 speed=4000 payload=e803a00f0000 (6 bytes)
2026-07-30 11:24:06,384 [INFO] controller: STEP_MOTOR: steps=1000 speed=4000 payload=e803a00f0000 (6 bytes)
2026-07-30 11:24:06,805 [INFO] controller: STEP_MOTOR: steps=1000 speed=4000 payload=e803a00f0000 (6 bytes)
2026-07-30 11:24:07,223 [INFO] controller: STEP_MOTOR: steps=1000 speed=4000 payload=e803a00f0000 (6 bytes)
2026-07-30 11:24:07,693 [INFO] controller: STEP_MOTOR: steps=1000 speed=4000 payload=e803a00f0000 (6 bytes)
2026-07-30 11:24:09,980 [INFO] controller: STEP_MOTOR: steps=1000 speed=4000 payload=e803a00f0000 (6 bytes)
2026-07-30 11:24:10,740 [INFO] controller: STEP_MOTOR: steps=1000 speed=4000 payload=e803a00f0000 (6 bytes)
2026-07-30 11:24:11,448 [INFO] controller: STEP_MOTOR: steps=1000 speed=4000 payload=e803a00f0000 (6 bytes)
2026-07-30 11:24:12,038 [INFO] controller: STEP_MOTOR: steps=1000 speed=4000 payload=e803a00f0000 (6 bytes)
2026-07-30 11:24:12,614 [INFO] controller: STEP_MOTOR: steps=1000 speed=4000 payload=e803a00f0000 (6 bytes)
2026-07-30 11:24:13,161 [INFO] controller: STEP_MOTOR: steps=1000 speed=4000 payload=e803a00f0000 (6 bytes)
2026-07-30 11:24:13,676 [INFO] controller: STEP_MOTOR: steps=1000 speed=4000 payload=e803a00f0000 (6 bytes)
2026-07-30 11:24:14,315 [INFO] controller: STEP_MOTOR: steps=1000 speed=4000 payload=e803a00f0000 (6 bytes)
2026-07-30 11:24:14,859 [INFO] controller: STEP_MOTOR: steps=1000 speed=4000 payload=e803a00f0000 (6 bytes)
2026-07-30 11:24:15,547 [INFO] controller: STEP_MOTOR: steps=1000 speed=4000 payload=e803a00f0000 (6 bytes)
2026-07-30 11:24:16,122 [INFO] controller: STEP_MOTOR: steps=1000 speed=4000 payload=e803a00f0000 (6 bytes)
2026-07-30 11:24:16,632 [INFO] controller: STEP_MOTOR: steps=1000 speed=4000 payload=e803a00f0000 (6 bytes)
2026-07-30 11:24:17,153 [INFO] controller: STEP_MOTOR: steps=1000 speed=4000 payload=e803a00f0000 (6 bytes)
2026-07-30 11:24:17,646 [INFO] controller: STEP_MOTOR: steps=1000 speed=4000 payload=e803a00f0000 (6 bytes)
2026-07-30 11:24:18,122 [INFO] controller: STEP_MOTOR: steps=1000 speed=4000 payload=e803a00f0000 (6 bytes)
2026-07-30 11:24:18,575 [INFO] controller: STEP_MOTOR: steps=1000 speed=4000 payload=e803a00f0000 (6 bytes)
2026-07-30 11:24:19,038 [INFO] controller: STEP_MOTOR: steps=1000 speed=4000 payload=e803a00f0000 (6 bytes)
2026-07-30 11:24:19,452 [INFO] controller: STEP_MOTOR: steps=1000 speed=4000 payload=e803a00f0000 (6 bytes)
2026-07-30 11:24:19,896 [INFO] controller: STEP_MOTOR: steps=1000 speed=4000 payload=e803a00f0000 (6 bytes)
2026-07-30 11:24:20,371 [INFO] controller: STEP_MOTOR: steps=1000 speed=4000 payload=e803a00f0000 (6 bytes)
2026-07-30 11:24:20,800 [INFO] controller: STEP_MOTOR: steps=1000 speed=4000 payload=e803a00f0000 (6 bytes)
2026-07-30 11:24:21,243 [INFO] controller: STEP_MOTOR: steps=1000 speed=4000 payload=e803a00f0000 (6 bytes)
2026-07-30 11:24:21,733 [INFO] controller: STEP_MOTOR: steps=1000 speed=4000 payload=e803a00f0000 (6 bytes)
2026-07-30 11:24:22,195 [INFO] controller: STEP_MOTOR: steps=1000 speed=4000 payload=e803a00f0000 (6 bytes)
2026-07-30 11:24:22,705 [INFO] controller: STEP_MOTOR: steps=1000 speed=4000 payload=e803a00f0000 (6 bytes)
2026-07-30 11:24:23,150 [INFO] controller: STEP_MOTOR: steps=1000 speed=4000 payload=e803a00f0000 (6 bytes)
2026-07-30 11:24:23,587 [INFO] controller: STEP_MOTOR: steps=1000 speed=4000 payload=e803a00f0000 (6 bytes)
2026-07-30 11:24:24,081 [INFO] controller: STEP_MOTOR: steps=1000 speed=4000 payload=e803a00f0000 (6 bytes)
2026-07-30 11:24:24,487 [INFO] controller: STEP_MOTOR: steps=1000 speed=4000 payload=e803a00f0000 (6 bytes)
2026-07-30 11:24:24,943 [INFO] controller: STEP_MOTOR: steps=1000 speed=4000 payload=e803a00f0000 (6 bytes)
2026-07-30 11:24:25,417 [INFO] controller: STEP_MOTOR: steps=1000 speed=4000 payload=e803a00f0000 (6 bytes)
2026-07-30 11:24:25,944 [INFO] controller: STEP_MOTOR: steps=1000 speed=4000 payload=e803a00f0000 (6 bytes)
2026-07-30 11:24:26,387 [INFO] controller: STEP_MOTOR: steps=1000 speed=4000 payload=e803a00f0000 (6 bytes)
2026-07-30 11:24:26,860 [INFO] controller: STEP_MOTOR: steps=1000 speed=4000 payload=e803a00f0000 (6 bytes)
2026-07-30 11:24:27,309 [INFO] controller: STEP_MOTOR: steps=1000 speed=4000 payload=e803a00f0000 (6 bytes)
2026-07-30 11:24:27,722 [INFO] controller: STEP_MOTOR: steps=1000 speed=4000 payload=e803a00f0000 (6 bytes)
2026-07-30 11:24:28,167 [INFO] controller: STEP_MOTOR: steps=1000 speed=4000 payload=e803a00f0000 (6 bytes)
2026-07-30 11:24:28,550 [INFO] controller: STEP_MOTOR: steps=1000 speed=4000 payload=e803a00f0000 (6 bytes)
2026-07-30 11:24:28,955 [INFO] controller: STEP_MOTOR: steps=1000 speed=4000 payload=e803a00f0000 (6 bytes)
2026-07-30 11:24:29,402 [INFO] controller: STEP_MOTOR: steps=1000 speed=4000 payload=e803a00f0000 (6 bytes)
2026-07-30 11:24:29,860 [INFO] controller: STEP_MOTOR: steps=1000 speed=4000 payload=e803a00f0000 (6 bytes)
2026-07-30 11:24:30,333 [INFO] controller: STEP_MOTOR: steps=1000 speed=4000 payload=e803a00f0000 (6 bytes)
2026-07-30 11:24:30,770 [INFO] controller: STEP_MOTOR: steps=1000 speed=4000 payload=e803a00f0000 (6 bytes)
2026-07-30 11:24:31,190 [INFO] controller: STEP_MOTOR: steps=1000 speed=4000 payload=e803a00f0000 (6 bytes)
2026-07-30 11:24:31,624 [INFO] controller: STEP_MOTOR: steps=1000 speed=4000 payload=e803a00f0000 (6 bytes)
2026-07-30 11:24:32,114 [INFO] controller: STEP_MOTOR: steps=1000 speed=4000 payload=e803a00f0000 (6 bytes)
2026-07-30 11:24:32,588 [INFO] controller: STEP_MOTOR: steps=1000 speed=4000 payload=e803a00f0000 (6 bytes)
2026-07-30 11:24:32,965 [INFO] controller: STEP_MOTOR: steps=1000 speed=4000 payload=e803a00f0000 (6 bytes)
2026-07-30 11:24:33,363 [INFO] controller: STEP_MOTOR: steps=1000 speed=4000 payload=e803a00f0000 (6 bytes)
2026-07-30 11:24:33,727 [INFO] controller: STEP_MOTOR: steps=1000 speed=4000 payload=e803a00f0000 (6 bytes)
2026-07-30 11:24:34,086 [INFO] controller: STEP_MOTOR: steps=1000 speed=4000 payload=e803a00f0000 (6 bytes)
2026-07-30 11:24:34,482 [INFO] controller: STEP_MOTOR: steps=1000 speed=4000 payload=e803a00f0000 (6 bytes)
2026-07-30 11:24:34,853 [INFO] controller: STEP_MOTOR: steps=1000 speed=4000 payload=e803a00f0000 (6 bytes)
2026-07-30 11:24:35,209 [INFO] controller: STEP_MOTOR: steps=1000 speed=4000 payload=e803a00f0000 (6 bytes)
2026-07-30 11:24:35,577 [INFO] controller: STEP_MOTOR: steps=1000 speed=4000 payload=e803a00f0000 (6 bytes)
2026-07-30 11:24:35,946 [INFO] controller: STEP_MOTOR: steps=1000 speed=4000 payload=e803a00f0000 (6 bytes)
2026-07-30 11:24:36,287 [INFO] controller: STEP_MOTOR: steps=1000 speed=4000 payload=e803a00f0000 (6 bytes)
2026-07-30 11:24:36,626 [INFO] controller: STEP_MOTOR: steps=1000 speed=4000 payload=e803a00f0000 (6 bytes)
2026-07-30 11:24:36,976 [INFO] controller: STEP_MOTOR: steps=1000 speed=4000 payload=e803a00f0000 (6 bytes)
2026-07-30 11:24:37,331 [INFO] controller: STEP_MOTOR: steps=1000 speed=4000 payload=e803a00f0000 (6 bytes)
2026-07-30 11:24:37,702 [INFO] controller: STEP_MOTOR: steps=1000 speed=4000 payload=e803a00f0000 (6 bytes)
2026-07-30 11:24:38,170 [INFO] controller: STEP_MOTOR: steps=1000 speed=4000 payload=e803a00f0000 (6 bytes)
2026-07-30 11:24:38,540 [INFO] controller: STEP_MOTOR: steps=1000 speed=4000 payload=e803a00f0000 (6 bytes)
2026-07-30 11:24:38,960 [INFO] controller: STEP_MOTOR: steps=1000 speed=4000 payload=e803a00f0000 (6 bytes)
2026-07-30 11:24:39,414 [INFO] controller: STEP_MOTOR: steps=1000 speed=4000 payload=e803a00f0000 (6 bytes)
2026-07-30 11:24:39,853 [INFO] controller: STEP_MOTOR: steps=1000 speed=4000 payload=e803a00f0000 (6 bytes)
2026-07-30 11:24:40,263 [INFO] controller: STEP_MOTOR: steps=1000 speed=4000 payload=e803a00f0000 (6 bytes)
2026-07-30 11:24:40,673 [INFO] controller: STEP_MOTOR: steps=1000 speed=4000 payload=e803a00f0000 (6 bytes)
2026-07-30 11:24:41,104 [INFO] controller: STEP_MOTOR: steps=1000 speed=4000 payload=e803a00f0000 (6 bytes)
2026-07-30 11:24:41,537 [INFO] controller: STEP_MOTOR: steps=1000 speed=4000 payload=e803a00f0000 (6 bytes)
2026-07-30 11:24:41,949 [INFO] controller: STEP_MOTOR: steps=1000 speed=4000 payload=e803a00f0000 (6 bytes)
2026-07-30 11:24:42,325 [INFO] controller: STEP_MOTOR: steps=1000 speed=4000 payload=e803a00f0000 (6 bytes)
2026-07-30 11:24:42,737 [INFO] controller: STEP_MOTOR: steps=1000 speed=4000 payload=e803a00f0000 (6 bytes)
2026-07-30 11:24:43,172 [INFO] controller: STEP_MOTOR: steps=1000 speed=4000 payload=e803a00f0000 (6 bytes)
2026-07-30 11:24:43,581 [INFO] controller: STEP_MOTOR: steps=1000 speed=4000 payload=e803a00f0000 (6 bytes)
2026-07-30 11:24:43,993 [INFO] controller: STEP_MOTOR: steps=1000 speed=4000 payload=e803a00f0000 (6 bytes)
2026-07-30 11:24:44,397 [INFO] controller: STEP_MOTOR: steps=1000 speed=4000 payload=e803a00f0000 (6 bytes)
2026-07-30 11:24:44,808 [INFO] controller: STEP_MOTOR: steps=1000 speed=4000 payload=e803a00f0000 (6 bytes)
2026-07-30 11:24:45,179 [INFO] controller: STEP_MOTOR: steps=1000 speed=4000 payload=e803a00f0000 (6 bytes)
2026-07-30 11:24:45,586 [INFO] controller: STEP_MOTOR: steps=1000 speed=4000 payload=e803a00f0000 (6 bytes)
2026-07-30 11:24:46,106 [INFO] controller: STEP_MOTOR: steps=1000 speed=4000 payload=e803a00f0000 (6 bytes)
2026-07-30 11:24:46,460 [INFO] controller: STEP_MOTOR: steps=1000 speed=4000 payload=e803a00f0000 (6 bytes)
2026-07-30 11:24:46,825 [INFO] controller: STEP_MOTOR: steps=1000 speed=4000 payload=e803a00f0000 (6 bytes)
2026-07-30 11:24:47,322 [INFO] controller: STEP_MOTOR: steps=1000 speed=4000 payload=e803a00f0000 (6 bytes)
2026-07-30 11:24:47,760 [INFO] controller: STEP_MOTOR: steps=1000 speed=4000 payload=e803a00f0000 (6 bytes)
2026-07-30 11:24:48,207 [INFO] controller: STEP_MOTOR: steps=1000 speed=4000 payload=e803a00f0000 (6 bytes)
2026-07-30 11:24:48,640 [INFO] controller: STEP_MOTOR: steps=1000 speed=4000 payload=e803a00f0000 (6 bytes)
2026-07-30 11:24:49,067 [INFO] controller: STEP_MOTOR: steps=1000 speed=4000 payload=e803a00f0000 (6 bytes)
2026-07-30 11:24:49,466 [INFO] controller: STEP_MOTOR: steps=1000 speed=4000 payload=e803a00f0000 (6 bytes)
2026-07-30 11:24:49,890 [INFO] controller: STEP_MOTOR: steps=1000 speed=4000 payload=e803a00f0000 (6 bytes)
2026-07-30 11:24:50,308 [INFO] controller: STEP_MOTOR: steps=1000 speed=4000 payload=e803a00f0000 (6 bytes)
2026-07-30 11:24:51,609 [INFO] controller: STEP_MOTOR: steps=1000 speed=4000 payload=e803a00f0000 (6 bytes)
2026-07-30 11:24:51,949 [INFO] controller: STEP_MOTOR: steps=1000 speed=4000 payload=e803a00f0000 (6 bytes)
2026-07-30 11:24:52,274 [INFO] controller: STEP_MOTOR: steps=1000 speed=4000 payload=e803a00f0000 (6 bytes)
2026-07-30 11:24:52,601 [INFO] controller: STEP_MOTOR: steps=1000 speed=4000 payload=e803a00f0000 (6 bytes)
2026-07-30 11:24:52,931 [INFO] controller: STEP_MOTOR: steps=1000 speed=4000 payload=e803a00f0000 (6 bytes)
2026-07-30 11:24:53,261 [INFO] controller: STEP_MOTOR: steps=1000 speed=4000 payload=e803a00f0000 (6 bytes)
2026-07-30 11:24:53,587 [INFO] controller: STEP_MOTOR: steps=1000 speed=4000 payload=e803a00f0000 (6 bytes)
2026-07-30 11:24:54,715 [INFO] controller: STEP_MOTOR: steps=1000 speed=4000 payload=e803a00f0000 (6 bytes)
2026-07-30 11:24:55,207 [INFO] controller: STEP_MOTOR: steps=1000 speed=4000 payload=e803a00f0000 (6 bytes)
2026-07-30 11:24:55,672 [INFO] controller: STEP_MOTOR: steps=1000 speed=4000 payload=e803a00f0000 (6 bytes)
2026-07-30 11:24:56,095 [INFO] controller: STEP_MOTOR: steps=1000 speed=4000 payload=e803a00f0000 (6 bytes)
2026-07-30 11:24:56,553 [INFO] controller: STEP_MOTOR: steps=1000 speed=4000 payload=e803a00f0000 (6 bytes)
2026-07-30 11:24:56,944 [INFO] controller: STEP_MOTOR: steps=1000 speed=4000 payload=e803a00f0000 (6 bytes)
2026-07-30 11:24:57,308 [INFO] controller: STEP_MOTOR: steps=1000 speed=4000 payload=e803a00f0000 (6 bytes)
2026-07-30 11:24:57,694 [INFO] controller: STEP_MOTOR: steps=1000 speed=4000 payload=e803a00f0000 (6 bytes)
2026-07-30 11:24:58,043 [INFO] controller: STEP_MOTOR: steps=1000 speed=4000 payload=e803a00f0000 (6 bytes)
2026-07-30 11:24:58,413 [INFO] controller: STEP_MOTOR: steps=1000 speed=4000 payload=e803a00f0000 (6 bytes)
2026-07-30 11:24:58,831 [INFO] controller: STEP_MOTOR: steps=1000 speed=4000 payload=e803a00f0000 (6 bytes)
2026-07-30 11:24:59,243 [INFO] controller: STEP_MOTOR: steps=1000 speed=4000 payload=e803a00f0000 (6 bytes)
2026-07-30 11:24:59,605 [INFO] controller: STEP_MOTOR: steps=1000 speed=4000 payload=e803a00f0000 (6 bytes)
2026-07-30 11:25:00,070 [INFO] controller: STEP_MOTOR: steps=1000 speed=4000 payload=e803a00f0000 (6 bytes)
2026-07-30 11:25:00,495 [INFO] controller: STEP_MOTOR: steps=1000 speed=4000 payload=e803a00f0000 (6 bytes)
2026-07-30 11:25:01,028 [INFO] controller: STEP_MOTOR: steps=1000 speed=4000 payload=e803a00f0000 (6 bytes)
2026-07-30 11:25:01,531 [INFO] controller: STEP_MOTOR: steps=1000 speed=4000 payload=e803a00f0000 (6 bytes)
2026-07-30 11:25:02,222 [INFO] controller: STEP_MOTOR: steps=1000 speed=4000 payload=e803a00f0000 (6 bytes)
2026-07-30 11:25:08,224 [INFO] controller: STEP_MOTOR: steps=1000 speed=4000 payload=e803a00f0000 (6 bytes)
2026-07-30 11:25:08,876 [INFO] controller: STEP_MOTOR: steps=1000 speed=4000 payload=e803a00f0000 (6 bytes)
2026-07-30 11:25:09,437 [INFO] controller: STEP_MOTOR: steps=1000 speed=4000 payload=e803a00f0000 (6 bytes)
2026-07-30 11:25:10,536 [INFO] controller: STEP_MOTOR: steps=1000 speed=4000 payload=e803a00f0000 (6 bytes)
2026-07-30 11:25:11,205 [INFO] controller: STEP_MOTOR: steps=1000 speed=4000 payload=e803a00f0000 (6 bytes)
2026-07-30 11:25:11,662 [INFO] controller: STEP_MOTOR: steps=1000 speed=4000 payload=e803a00f0000 (6 bytes)
2026-07-30 11:25:12,095 [INFO] controller: STEP_MOTOR: steps=1000 speed=4000 payload=e803a00f0000 (6 bytes)
2026-07-30 11:25:12,568 [INFO] controller: STEP_MOTOR: steps=1000 speed=4000 payload=e803a00f0000 (6 bytes)
2026-07-30 11:25:12,928 [INFO] controller: STEP_MOTOR: steps=1000 speed=4000 payload=e803a00f0000 (6 bytes)
2026-07-30 11:25:13,375 [INFO] controller: STEP_MOTOR: steps=1000 speed=4000 payload=e803a00f0000 (6 bytes)
2026-07-30 11:25:13,845 [INFO] controller: STEP_MOTOR: steps=1000 speed=4000 payload=e803a00f0000 (6 bytes)
2026-07-30 11:25:14,307 [INFO] controller: STEP_MOTOR: steps=1000 speed=4000 payload=e803a00f0000 (6 bytes)
2026-07-30 11:25:14,715 [INFO] controller: STEP_MOTOR: steps=1000 speed=4000 payload=e803a00f0000 (6 bytes)
2026-07-30 11:25:15,115 [INFO] controller: STEP_MOTOR: steps=1000 speed=4000 payload=e803a00f0000 (6 bytes)
2026-07-30 11:25:15,507 [INFO] controller: STEP_MOTOR: steps=1000 speed=4000 payload=e803a00f0000 (6 bytes)
2026-07-30 11:25:15,909 [INFO] controller: STEP_MOTOR: steps=1000 speed=4000 payload=e803a00f0000 (6 bytes)
2026-07-30 11:25:16,285 [INFO] controller: STEP_MOTOR: steps=1000 speed=4000 payload=e803a00f0000 (6 bytes)
2026-07-30 11:25:16,671 [INFO] controller: STEP_MOTOR: steps=1000 speed=4000 payload=e803a00f0000 (6 bytes)
2026-07-30 11:30:07,956 [INFO] transport: disconnected
2026-07-30 11:30:18,127 [INFO] transport: connected to COM4
2026-07-30 11:30:27,480 [INFO] controller: STEP_MOTOR: steps=20000 speed=2000 payload=204ed0070000 (6 bytes)
2026-07-30 11:30:30,355 [INFO] transport: disconnect detected: pong timeout
2026-07-30 11:30:39,658 [INFO] controller: STEP_MOTOR: steps=20000 speed=2000 payload=204ed0070000 (6 bytes)
2026-07-30 11:30:43,699 [INFO] transport: connected to COM4
2026-07-30 11:30:53,132 [INFO] controller: STEP_MOTOR: steps=2000 speed=2000 payload=d007d0070000 (6 bytes)
2026-07-30 11:30:55,193 [INFO] controller: STEP_MOTOR: steps=2000 speed=2000 payload=d007d0070000 (6 bytes)
2026-07-30 11:30:57,866 [INFO] controller: STEP_MOTOR: steps=2000 speed=2000 payload=d007d0070000 (6 bytes)
2026-07-30 11:30:58,959 [INFO] controller: STEP_MOTOR: steps=2000 speed=2000 payload=d007d0070000 (6 bytes)
2026-07-30 11:31:00,426 [INFO] controller: STEP_MOTOR: steps=2000 speed=2000 payload=d007d0070000 (6 bytes)
2026-07-30 11:31:03,091 [INFO] controller: STEP_MOTOR: steps=2000 speed=2000 payload=d007d0070000 (6 bytes)
2026-07-30 11:31:04,826 [INFO] controller: STEP_MOTOR: steps=2000 speed=2000 payload=d007d0070000 (6 bytes)
2026-07-30 11:31:06,554 [INFO] controller: STEP_MOTOR: steps=2000 speed=2000 payload=d007d0070000 (6 bytes)
2026-07-30 11:31:08,116 [INFO] controller: STEP_MOTOR: steps=2000 speed=2000 payload=d007d0070000 (6 bytes)
2026-07-30 11:31:09,741 [INFO] controller: STEP_MOTOR: steps=2000 speed=2000 payload=d007d0070000 (6 bytes)
2026-07-30 11:31:11,269 [INFO] controller: STEP_MOTOR: steps=2000 speed=2000 payload=d007d0070000 (6 bytes)
2026-07-30 11:31:12,690 [INFO] controller: STEP_MOTOR: steps=2000 speed=2000 payload=d007d0070000 (6 bytes)
2026-07-30 11:31:14,086 [INFO] controller: STEP_MOTOR: steps=2000 speed=2000 payload=d007d0070000 (6 bytes)
2026-07-30 11:31:15,696 [INFO] controller: STEP_MOTOR: steps=2000 speed=2000 payload=d007d0070000 (6 bytes)
2026-07-30 11:31:17,190 [INFO] controller: STEP_MOTOR: steps=2000 speed=2000 payload=d007d0070000 (6 bytes)
2026-07-30 11:31:18,569 [INFO] controller: STEP_MOTOR: steps=2000 speed=2000 payload=d007d0070000 (6 bytes)
2026-07-30 11:31:19,987 [INFO] controller: STEP_MOTOR: steps=2000 speed=2000 payload=d007d0070000 (6 bytes)
2026-07-30 11:31:21,709 [INFO] controller: STEP_MOTOR: steps=2000 speed=2000 payload=d007d0070000 (6 bytes)
2026-07-30 11:31:23,166 [INFO] controller: STEP_MOTOR: steps=2000 speed=2000 payload=d007d0070000 (6 bytes)
2026-07-30 11:31:24,512 [INFO] controller: STEP_MOTOR: steps=2000 speed=2000 payload=d007d0070000 (6 bytes)
2026-07-30 11:31:25,909 [INFO] controller: STEP_MOTOR: steps=2000 speed=2000 payload=d007d0070000 (6 bytes)
2026-07-30 11:31:27,183 [INFO] controller: STEP_MOTOR: steps=2000 speed=2000 payload=d007d0070000 (6 bytes)
2026-07-30 11:31:28,592 [INFO] controller: STEP_MOTOR: steps=2000 speed=2000 payload=d007d0070000 (6 bytes)
2026-07-30 11:31:30,207 [INFO] controller: STEP_MOTOR: steps=2000 speed=2000 payload=d007d0070000 (6 bytes)
2026-07-30 11:31:31,630 [INFO] controller: STEP_MOTOR: steps=2000 speed=2000 payload=d007d0070000 (6 bytes)
2026-07-30 11:31:33,089 [INFO] controller: STEP_MOTOR: steps=2000 speed=2000 payload=d007d0070000 (6 bytes)
2026-07-30 11:31:34,387 [INFO] controller: STEP_MOTOR: steps=2000 speed=2000 payload=d007d0070000 (6 bytes)
2026-07-30 11:31:35,796 [INFO] controller: STEP_MOTOR: steps=2000 speed=2000 payload=d007d0070000 (6 bytes)
2026-07-30 11:31:37,192 [INFO] controller: STEP_MOTOR: steps=2000 speed=2000 payload=d007d0070000 (6 bytes)
2026-07-30 11:31:38,481 [INFO] controller: STEP_MOTOR: steps=2000 speed=2000 payload=d007d0070000 (6 bytes)
2026-07-30 11:31:39,871 [INFO] controller: STEP_MOTOR: steps=2000 speed=2000 payload=d007d0070000 (6 bytes)
2026-07-30 11:31:41,147 [INFO] controller: STEP_MOTOR: steps=2000 speed=2000 payload=d007d0070000 (6 bytes)
2026-07-30 11:31:42,605 [INFO] controller: STEP_MOTOR: steps=2000 speed=2000 payload=d007d0070000 (6 bytes)
2026-07-30 11:31:43,926 [INFO] controller: STEP_MOTOR: steps=2000 speed=2000 payload=d007d0070000 (6 bytes)
2026-07-30 11:31:45,268 [INFO] controller: STEP_MOTOR: steps=2000 speed=2000 payload=d007d0070000 (6 bytes)
2026-07-30 11:31:46,722 [INFO] controller: STEP_MOTOR: steps=2000 speed=2000 payload=d007d0070000 (6 bytes)
2026-07-30 11:31:50,907 [INFO] controller: STEP_MOTOR: steps=2000 speed=2000 payload=d007d0070000 (6 bytes)
2026-07-30 11:31:52,335 [INFO] controller: STEP_MOTOR: steps=2000 speed=2000 payload=d007d0070000 (6 bytes)
2026-07-30 11:31:54,133 [INFO] controller: STEP_MOTOR: steps=2000 speed=2000 payload=d007d0070000 (6 bytes)
2026-07-30 11:32:05,163 [INFO] controller: STEP_MOTOR: steps=4000 speed=4000 payload=a00fa00f0000 (6 bytes)
2026-07-30 11:32:06,608 [INFO] controller: STEP_MOTOR: steps=4000 speed=4000 payload=a00fa00f0000 (6 bytes)
2026-07-30 11:32:07,982 [INFO] controller: STEP_MOTOR: steps=4000 speed=4000 payload=a00fa00f0000 (6 bytes)
2026-07-30 11:32:09,206 [INFO] controller: STEP_MOTOR: steps=4000 speed=4000 payload=a00fa00f0000 (6 bytes)
2026-07-30 11:32:10,434 [INFO] controller: STEP_MOTOR: steps=4000 speed=4000 payload=a00fa00f0000 (6 bytes)
2026-07-30 11:32:16,634 [INFO] controller: STEP_MOTOR: steps=4000 speed=8000 payload=a00f401f0000 (6 bytes)
2026-07-30 11:32:17,882 [INFO] controller: STEP_MOTOR: steps=4000 speed=8000 payload=a00f401f0000 (6 bytes)
2026-07-30 11:32:18,728 [INFO] controller: STEP_MOTOR: steps=4000 speed=8000 payload=a00f401f0000 (6 bytes)
2026-07-30 11:32:19,567 [INFO] controller: STEP_MOTOR: steps=4000 speed=8000 payload=a00f401f0000 (6 bytes)
2026-07-30 11:32:20,410 [INFO] controller: STEP_MOTOR: steps=4000 speed=8000 payload=a00f401f0000 (6 bytes)
2026-07-30 11:32:21,241 [INFO] controller: STEP_MOTOR: steps=4000 speed=8000 payload=a00f401f0000 (6 bytes)
2026-07-30 11:32:22,077 [INFO] controller: STEP_MOTOR: steps=4000 speed=8000 payload=a00f401f0000 (6 bytes)
2026-07-30 11:32:22,840 [INFO] controller: STEP_MOTOR: steps=4000 speed=8000 payload=a00f401f0000 (6 bytes)
2026-07-30 11:32:23,624 [INFO] controller: STEP_MOTOR: steps=4000 speed=8000 payload=a00f401f0000 (6 bytes)
2026-07-30 11:32:24,521 [INFO] controller: STEP_MOTOR: steps=4000 speed=8000 payload=a00f401f0000 (6 bytes)
2026-07-30 11:32:26,000 [INFO] controller: STEP_MOTOR: steps=4000 speed=8000 payload=a00f401f0000 (6 bytes)
2026-07-30 11:32:26,895 [INFO] controller: STEP_MOTOR: steps=4000 speed=8000 payload=a00f401f0000 (6 bytes)
2026-07-30 11:32:27,812 [INFO] controller: STEP_MOTOR: steps=4000 speed=8000 payload=a00f401f0000 (6 bytes)
2026-07-30 11:32:28,704 [INFO] controller: STEP_MOTOR: steps=4000 speed=8000 payload=a00f401f0000 (6 bytes)
2026-07-30 11:32:29,633 [INFO] controller: STEP_MOTOR: steps=4000 speed=8000 payload=a00f401f0000 (6 bytes)
2026-07-30 11:32:34,840 [INFO] controller: STEP_MOTOR: steps=4000 speed=8000 payload=a00f401f0000 (6 bytes)
2026-07-30 11:32:43,660 [INFO] controller: STEP_MOTOR: steps=4000 speed=9000 payload=a00f28230000 (6 bytes)
2026-07-30 11:32:44,553 [INFO] controller: STEP_MOTOR: steps=4000 speed=9000 payload=a00f28230000 (6 bytes)
2026-07-30 11:32:45,335 [INFO] controller: STEP_MOTOR: steps=4000 speed=9000 payload=a00f28230000 (6 bytes)
2026-07-30 11:32:46,074 [INFO] controller: STEP_MOTOR: steps=4000 speed=9000 payload=a00f28230000 (6 bytes)
2026-07-30 11:32:46,742 [INFO] controller: STEP_MOTOR: steps=4000 speed=9000 payload=a00f28230000 (6 bytes)
2026-07-30 11:32:51,812 [INFO] controller: STEP_MOTOR: steps=4000 speed=10000 payload=a00f10270000 (6 bytes)
2026-07-30 11:32:52,772 [INFO] controller: STEP_MOTOR: steps=4000 speed=10000 payload=a00f10270000 (6 bytes)
2026-07-30 11:32:54,691 [INFO] controller: STEP_MOTOR: steps=4000 speed=10000 payload=a00f10270000 (6 bytes)
2026-07-30 11:32:55,425 [INFO] controller: STEP_MOTOR: steps=4000 speed=10000 payload=a00f10270000 (6 bytes)
2026-07-30 11:32:56,238 [INFO] controller: STEP_MOTOR: steps=4000 speed=10000 payload=a00f10270000 (6 bytes)
2026-07-30 11:32:57,117 [INFO] controller: STEP_MOTOR: steps=4000 speed=10000 payload=a00f10270000 (6 bytes)
2026-07-30 11:32:58,441 [INFO] controller: STEP_MOTOR: steps=4000 speed=10000 payload=a00f10270000 (6 bytes)
2026-07-30 11:32:59,277 [INFO] controller: STEP_MOTOR: steps=4000 speed=10000 payload=a00f10270000 (6 bytes)
2026-07-30 11:33:00,355 [INFO] controller: STEP_MOTOR: steps=4000 speed=10000 payload=a00f10270000 (6 bytes)
2026-07-30 11:33:02,295 [INFO] controller: STEP_MOTOR: steps=4000 speed=10000 payload=a00f10270000 (6 bytes)
2026-07-30 11:33:03,091 [INFO] controller: STEP_MOTOR: steps=4000 speed=10000 payload=a00f10270000 (6 bytes)
2026-07-30 11:33:08,635 [INFO] controller: STEP_MOTOR: steps=4000 speed=10000 payload=a00f10270000 (6 bytes)
2026-07-30 11:33:09,379 [INFO] controller: STEP_MOTOR: steps=4000 speed=10000 payload=a00f10270000 (6 bytes)
2026-07-30 11:33:26,937 [INFO] controller: STEP_MOTOR: steps=10000 speed=10000 payload=102710270000 (6 bytes)
2026-07-30 11:33:28,314 [INFO] controller: STEP_MOTOR: steps=10000 speed=10000 payload=102710270000 (6 bytes)
2026-07-30 11:33:29,463 [INFO] controller: STEP_MOTOR: steps=10000 speed=10000 payload=102710270000 (6 bytes)
2026-07-30 11:33:30,766 [INFO] controller: STEP_MOTOR: steps=10000 speed=10000 payload=102710270000 (6 bytes)
2026-07-30 11:33:32,009 [INFO] controller: STEP_MOTOR: steps=10000 speed=10000 payload=102710270000 (6 bytes)
2026-07-30 11:33:33,262 [INFO] controller: STEP_MOTOR: steps=10000 speed=10000 payload=102710270000 (6 bytes)
2026-07-30 11:33:34,454 [INFO] controller: STEP_MOTOR: steps=10000 speed=10000 payload=102710270000 (6 bytes)
2026-07-30 11:33:35,720 [INFO] controller: STEP_MOTOR: steps=10000 speed=10000 payload=102710270000 (6 bytes)
2026-07-30 11:33:36,847 [INFO] controller: STEP_MOTOR: steps=10000 speed=10000 payload=102710270000 (6 bytes)
2026-07-30 11:33:38,056 [INFO] controller: STEP_MOTOR: steps=10000 speed=10000 payload=102710270000 (6 bytes)
2026-07-30 11:33:39,285 [INFO] controller: STEP_MOTOR: steps=10000 speed=10000 payload=102710270000 (6 bytes)
2026-07-30 11:33:40,484 [INFO] controller: STEP_MOTOR: steps=10000 speed=10000 payload=102710270000 (6 bytes)
2026-07-30 11:33:41,760 [INFO] controller: STEP_MOTOR: steps=10000 speed=10000 payload=102710270000 (6 bytes)
2026-07-30 11:33:42,993 [INFO] controller: STEP_MOTOR: steps=10000 speed=10000 payload=102710270000 (6 bytes)
2026-07-30 11:33:44,265 [INFO] controller: STEP_MOTOR: steps=10000 speed=10000 payload=102710270000 (6 bytes)
2026-07-30 11:33:45,488 [INFO] controller: STEP_MOTOR: steps=10000 speed=10000 payload=102710270000 (6 bytes)
2026-07-30 11:33:46,785 [INFO] controller: STEP_MOTOR: steps=10000 speed=10000 payload=102710270000 (6 bytes)
2026-07-30 11:33:48,435 [INFO] controller: STEP_MOTOR: steps=10000 speed=10000 payload=102710270000 (6 bytes)
2026-07-30 11:33:49,727 [INFO] controller: STEP_MOTOR: steps=10000 speed=10000 payload=102710270000 (6 bytes)
2026-07-30 11:33:51,028 [INFO] controller: STEP_MOTOR: steps=10000 speed=10000 payload=102710270000 (6 bytes)
2026-07-30 11:33:52,245 [INFO] controller: STEP_MOTOR: steps=10000 speed=10000 payload=102710270000 (6 bytes)
2026-07-30 11:39:32,785 [INFO] controller: STEP_MOTOR: steps=10000 speed=10000 payload=102710270000 (6 bytes)
2026-07-30 11:39:35,115 [INFO] controller: STEP_MOTOR: steps=10000 speed=10000 payload=102710270000 (6 bytes)
2026-07-30 11:39:37,442 [INFO] controller: STEP_MOTOR: steps=10000 speed=10000 payload=102710270000 (6 bytes)
2026-07-30 11:40:44,917 [INFO] controller: STEP_MOTOR: steps=10000 speed=10000 payload=102710270000 (6 bytes)
2026-07-30 11:40:46,410 [INFO] controller: STEP_MOTOR: steps=10000 speed=10000 payload=102710270000 (6 bytes)
2026-07-30 11:40:47,862 [INFO] controller: STEP_MOTOR: steps=10000 speed=10000 payload=102710270000 (6 bytes)
2026-07-30 11:40:49,254 [INFO] controller: STEP_MOTOR: steps=10000 speed=10000 payload=102710270000 (6 bytes)
2026-07-30 11:40:50,537 [INFO] controller: STEP_MOTOR: steps=10000 speed=10000 payload=102710270000 (6 bytes)
2026-07-30 11:40:51,700 [INFO] controller: STEP_MOTOR: steps=10000 speed=10000 payload=102710270000 (6 bytes)
2026-07-30 11:40:52,889 [INFO] controller: STEP_MOTOR: steps=10000 speed=10000 payload=102710270000 (6 bytes)
2026-07-30 11:40:54,277 [INFO] controller: STEP_MOTOR: steps=10000 speed=10000 payload=102710270000 (6 bytes)
2026-07-30 11:40:55,427 [INFO] controller: STEP_MOTOR: steps=10000 speed=10000 payload=102710270000 (6 bytes)
2026-07-30 11:40:56,599 [INFO] controller: STEP_MOTOR: steps=10000 speed=10000 payload=102710270000 (6 bytes)
2026-07-30 11:40:58,252 [INFO] controller: STEP_MOTOR: steps=10000 speed=10000 payload=102710270000 (6 bytes)
2026-07-30 11:41:00,168 [INFO] controller: STEP_MOTOR: steps=10000 speed=10000 payload=102710270000 (6 bytes)
2026-07-30 11:41:01,585 [INFO] controller: STEP_MOTOR: steps=10000 speed=10000 payload=102710270000 (6 bytes)
2026-07-30 11:41:02,985 [INFO] controller: STEP_MOTOR: steps=10000 speed=10000 payload=102710270000 (6 bytes)
2026-07-30 11:41:04,338 [INFO] controller: STEP_MOTOR: steps=10000 speed=10000 payload=102710270000 (6 bytes)
2026-07-30 11:41:05,722 [INFO] controller: STEP_MOTOR: steps=10000 speed=10000 payload=102710270000 (6 bytes)
2026-07-30 11:41:07,059 [INFO] controller: STEP_MOTOR: steps=10000 speed=10000 payload=102710270000 (6 bytes)
2026-07-30 11:41:08,327 [INFO] controller: STEP_MOTOR: steps=10000 speed=10000 payload=102710270000 (6 bytes)
2026-07-30 11:41:09,560 [INFO] controller: STEP_MOTOR: steps=10000 speed=10000 payload=102710270000 (6 bytes)
2026-07-30 11:41:10,919 [INFO] controller: STEP_MOTOR: steps=10000 speed=10000 payload=102710270000 (6 bytes)
2026-07-30 11:41:12,080 [INFO] controller: STEP_MOTOR: steps=10000 speed=10000 payload=102710270000 (6 bytes)
2026-07-30 11:41:13,242 [INFO] controller: STEP_MOTOR: steps=10000 speed=10000 payload=102710270000 (6 bytes)
2026-07-30 11:41:18,054 [INFO] controller: STEP_MOTOR: steps=10000 speed=10000 payload=102710270000 (6 bytes)
2026-07-30 11:41:35,266 [INFO] controller: STEP_MOTOR: steps=10000 speed=10000 payload=102710270000 (6 bytes)
2026-07-30 11:41:36,643 [INFO] controller: STEP_MOTOR: steps=10000 speed=10000 payload=102710270000 (6 bytes)
2026-07-30 11:41:37,799 [INFO] controller: STEP_MOTOR: steps=10000 speed=10000 payload=102710270000 (6 bytes)
2026-07-30 11:41:38,992 [INFO] controller: STEP_MOTOR: steps=10000 speed=10000 payload=102710270000 (6 bytes)
2026-07-30 11:41:40,122 [INFO] controller: STEP_MOTOR: steps=10000 speed=10000 payload=102710270000 (6 bytes)
2026-07-30 11:41:41,218 [INFO] controller: STEP_MOTOR: steps=10000 speed=10000 payload=102710270000 (6 bytes)
2026-07-30 11:41:42,311 [INFO] controller: STEP_MOTOR: steps=10000 speed=10000 payload=102710270000 (6 bytes)
2026-07-30 11:41:43,410 [INFO] controller: STEP_MOTOR: steps=10000 speed=10000 payload=102710270000 (6 bytes)
2026-07-30 11:41:44,504 [INFO] controller: STEP_MOTOR: steps=10000 speed=10000 payload=102710270000 (6 bytes)
2026-07-30 11:41:45,599 [INFO] controller: STEP_MOTOR: steps=10000 speed=10000 payload=102710270000 (6 bytes)
2026-07-30 11:41:50,343 [INFO] transport: disconnect detected: pong timeout
2026-07-30 11:42:14,668 [INFO] transport: connected to COM4
2026-07-30 11:42:20,883 [INFO] transport: disconnect detected: pong timeout
2026-07-30 11:42:24,257 [INFO] controller: STEP_MOTOR: steps=10000 speed=10000 payload=102710270000 (6 bytes)
2026-07-30 11:42:28,034 [INFO] transport: connected to COM4
2026-07-30 11:42:29,010 [INFO] controller: STEP_MOTOR: steps=10000 speed=10000 payload=102710270000 (6 bytes)
2026-07-30 11:42:30,369 [INFO] controller: STEP_MOTOR: steps=10000 speed=10000 payload=102710270000 (6 bytes)
2026-07-30 11:42:31,800 [INFO] controller: STEP_MOTOR: steps=10000 speed=10000 payload=102710270000 (6 bytes)
2026-07-30 11:42:33,299 [INFO] controller: STEP_MOTOR: steps=10000 speed=10000 payload=102710270000 (6 bytes)
2026-07-30 11:42:34,652 [INFO] controller: STEP_MOTOR: steps=10000 speed=10000 payload=102710270000 (6 bytes)
2026-07-30 11:42:35,916 [INFO] controller: STEP_MOTOR: steps=10000 speed=10000 payload=102710270000 (6 bytes)
2026-07-30 11:42:37,194 [INFO] controller: STEP_MOTOR: steps=10000 speed=10000 payload=102710270000 (6 bytes)
2026-07-30 11:42:38,523 [INFO] controller: STEP_MOTOR: steps=10000 speed=10000 payload=102710270000 (6 bytes)
2026-07-30 11:42:39,781 [INFO] controller: STEP_MOTOR: steps=10000 speed=10000 payload=102710270000 (6 bytes)
2026-07-30 11:42:41,045 [INFO] controller: STEP_MOTOR: steps=10000 speed=10000 payload=102710270000 (6 bytes)
2026-07-30 11:42:42,409 [INFO] controller: STEP_MOTOR: steps=10000 speed=10000 payload=102710270000 (6 bytes)
2026-07-30 11:42:44,285 [INFO] controller: STEP_MOTOR: steps=10000 speed=10000 payload=102710270000 (6 bytes)
2026-07-30 11:42:53,287 [INFO] transport: disconnect detected: pong timeout
2026-07-30 11:42:55,930 [INFO] transport: connected to COM4
2026-07-30 11:43:05,147 [INFO] transport: disconnect detected: pong timeout
2026-07-30 11:43:14,801 [INFO] transport: connected to COM4
2026-07-30 11:43:20,011 [INFO] transport: disconnect detected: pong timeout
2026-07-30 11:43:41,789 [INFO] transport: connected to COM4
2026-07-30 11:43:48,005 [INFO] transport: disconnect detected: pong timeout
2026-07-30 11:45:03,832 [INFO] transport: connected to COM4
2026-07-30 11:45:05,127 [INFO] controller: STEP_MOTOR: steps=4000 speed=4000 payload=a00fa00f0000 (6 bytes)
2026-07-30 11:45:11,527 [INFO] transport: disconnected
2026-07-30 11:45:27,873 [INFO] transport: connected to COM4
2026-07-30 11:45:33,998 [INFO] controller: STEP_MOTOR: steps=2000 speed=2000 payload=d007d0070000 (6 bytes)
2026-07-30 11:45:36,779 [INFO] controller: STEP_MOTOR: steps=2000 speed=2000 payload=d007d0070000 (6 bytes)
2026-07-30 11:45:38,442 [INFO] controller: STEP_MOTOR: steps=2000 speed=2000 payload=d007d0070000 (6 bytes)
2026-07-30 11:45:39,860 [INFO] controller: STEP_MOTOR: steps=2000 speed=2000 payload=d007d0070000 (6 bytes)
2026-07-30 11:45:41,449 [INFO] controller: STEP_MOTOR: steps=2000 speed=2000 payload=d007d0070000 (6 bytes)
2026-07-30 11:45:43,243 [INFO] controller: STEP_MOTOR: steps=2000 speed=2000 payload=d007d0070000 (6 bytes)
2026-07-30 11:45:44,758 [INFO] controller: STEP_MOTOR: steps=2000 speed=2000 payload=d007d0070000 (6 bytes)
2026-07-30 11:45:46,760 [INFO] controller: STEP_MOTOR: steps=2000 speed=2000 payload=d007d0070000 (6 bytes)
2026-07-30 11:46:01,952 [INFO] transport: disconnected
2026-07-30 11:56:06,189 [INFO] transport: connected to COM4
2026-07-30 11:56:21,917 [INFO] controller: STEP_MOTOR: steps=2000 speed=2000 payload=d007d0070000 (6 bytes)
2026-07-30 11:56:24,009 [INFO] controller: STEP_MOTOR: steps=2000 speed=2000 payload=d007d0070000 (6 bytes)
2026-07-30 11:56:25,943 [INFO] controller: STEP_MOTOR: steps=2000 speed=2000 payload=d007d0070000 (6 bytes)
2026-07-30 11:56:28,593 [INFO] controller: STEP_MOTOR: steps=2000 speed=2000 payload=d007d0070000 (6 bytes)
2026-07-30 11:56:30,014 [INFO] controller: STEP_MOTOR: steps=2000 speed=2000 payload=d007d0070000 (6 bytes)
2026-07-30 11:56:31,081 [INFO] controller: STEP_MOTOR: steps=2000 speed=2000 payload=d007d0070000 (6 bytes)
2026-07-30 11:57:54,508 [INFO] transport: heartbeat send failed: Write timeout
2026-07-30 11:57:54,509 [INFO] transport: disconnect detected: heartbeat failed: Write timeout
2026-07-30 12:04:58,859 [INFO] transport: open COM4 failed: Cannot configure port, something went wrong. Original message: PermissionError(13, '连到系统上的设备没有发挥作用。', None, 31)
2026-07-30 12:05:58,338 [INFO] transport: connected to COM4
2026-07-30 12:06:04,773 [INFO] controller: STEP_MOTOR: steps=2000 speed=2000 payload=d007d0070000 (6 bytes)
2026-07-30 12:06:06,486 [INFO] controller: STEP_MOTOR: steps=2000 speed=2000 payload=d007d0070000 (6 bytes)
2026-07-30 12:06:08,495 [INFO] controller: STEP_MOTOR: steps=2000 speed=2000 payload=d007d0070000 (6 bytes)
2026-07-30 12:06:09,544 [INFO] controller: STEP_MOTOR: steps=2000 speed=2000 payload=d007d0070000 (6 bytes)
2026-07-30 12:06:11,031 [INFO] controller: STEP_MOTOR: steps=2000 speed=2000 payload=d007d0070000 (6 bytes)
2026-07-30 12:06:12,617 [INFO] controller: STEP_MOTOR: steps=2000 speed=2000 payload=d007d0070000 (6 bytes)
2026-07-30 12:06:14,130 [INFO] controller: STEP_MOTOR: steps=2000 speed=2000 payload=d007d0070000 (6 bytes)
2026-07-30 12:06:15,458 [INFO] controller: STEP_MOTOR: steps=2000 speed=2000 payload=d007d0070000 (6 bytes)
2026-07-30 12:06:17,075 [INFO] controller: STEP_MOTOR: steps=2000 speed=2000 payload=d007d0070000 (6 bytes)
2026-07-30 12:06:18,592 [INFO] controller: STEP_MOTOR: steps=2000 speed=2000 payload=d007d0070000 (6 bytes)
2026-07-30 12:06:19,994 [INFO] controller: STEP_MOTOR: steps=2000 speed=2000 payload=d007d0070000 (6 bytes)
2026-07-30 12:06:21,251 [INFO] controller: STEP_MOTOR: steps=2000 speed=2000 payload=d007d0070000 (6 bytes)
2026-07-30 12:07:21,605 [INFO] controller: STEP_MOTOR: steps=1000 speed=10000 payload=e80310270000 (6 bytes)
2026-07-30 12:07:22,250 [INFO] controller: STEP_MOTOR: steps=1000 speed=10000 payload=e80310270000 (6 bytes)
2026-07-30 12:07:22,791 [INFO] controller: STEP_MOTOR: steps=1000 speed=10000 payload=e80310270000 (6 bytes)
2026-07-30 12:07:23,358 [INFO] controller: STEP_MOTOR: steps=1000 speed=10000 payload=e80310270000 (6 bytes)
2026-07-30 12:07:23,878 [INFO] controller: STEP_MOTOR: steps=1000 speed=10000 payload=e80310270000 (6 bytes)
2026-07-30 12:07:24,357 [INFO] controller: STEP_MOTOR: steps=1000 speed=10000 payload=e80310270000 (6 bytes)
2026-07-30 12:07:24,874 [INFO] controller: STEP_MOTOR: steps=1000 speed=10000 payload=e80310270000 (6 bytes)
2026-07-30 12:07:25,393 [INFO] controller: STEP_MOTOR: steps=1000 speed=10000 payload=e80310270000 (6 bytes)
2026-07-30 12:07:25,920 [INFO] controller: STEP_MOTOR: steps=1000 speed=10000 payload=e80310270000 (6 bytes)
2026-07-30 12:07:26,435 [INFO] controller: STEP_MOTOR: steps=1000 speed=10000 payload=e80310270000 (6 bytes)
2026-07-30 12:07:26,935 [INFO] controller: STEP_MOTOR: steps=1000 speed=10000 payload=e80310270000 (6 bytes)
2026-07-30 12:07:27,412 [INFO] controller: STEP_MOTOR: steps=1000 speed=10000 payload=e80310270000 (6 bytes)
2026-07-30 12:07:27,905 [INFO] controller: STEP_MOTOR: steps=1000 speed=10000 payload=e80310270000 (6 bytes)
2026-07-30 12:07:28,415 [INFO] controller: STEP_MOTOR: steps=1000 speed=10000 payload=e80310270000 (6 bytes)
2026-07-30 12:07:28,889 [INFO] controller: STEP_MOTOR: steps=1000 speed=10000 payload=e80310270000 (6 bytes)
2026-07-30 12:10:03,818 [INFO] controller: STEP_MOTOR: steps=1000 speed=10000 payload=e80310270000 (6 bytes)
2026-07-30 12:16:01,875 [INFO] transport: open COM4 failed: could not open port 'COM4': PermissionError(13, '拒绝访问。', None, 5)
2026-07-30 12:19:04,479 [INFO] transport: disconnected
2026-07-30 12:19:24,322 [INFO] transport: connected to COM4
2026-07-30 12:19:31,625 [INFO] controller: RETRACT_Z: steps=2000 speed=2000 payload=d007d0070000 (6 bytes)
2026-07-30 12:19:34,088 [INFO] controller: RETRACT_Z: steps=2000 speed=2000 payload=d007d0070000 (6 bytes)
2026-07-30 12:19:35,652 [INFO] controller: RETRACT_Z: steps=2000 speed=2000 payload=d007d0070000 (6 bytes)
2026-07-30 12:19:48,626 [INFO] controller: RETRACT_Z: steps=10000 speed=10000 payload=102710270000 (6 bytes)
2026-07-30 12:19:49,997 [INFO] controller: RETRACT_Z: steps=10000 speed=10000 payload=102710270000 (6 bytes)
2026-07-30 12:19:51,293 [INFO] controller: RETRACT_Z: steps=10000 speed=10000 payload=102710270000 (6 bytes)
2026-07-30 12:19:52,413 [INFO] controller: RETRACT_Z: steps=10000 speed=10000 payload=102710270000 (6 bytes)
2026-07-30 12:19:53,509 [INFO] controller: RETRACT_Z: steps=10000 speed=10000 payload=102710270000 (6 bytes)
2026-07-30 12:19:54,603 [INFO] controller: RETRACT_Z: steps=10000 speed=10000 payload=102710270000 (6 bytes)
2026-07-30 12:19:55,703 [INFO] controller: RETRACT_Z: steps=10000 speed=10000 payload=102710270000 (6 bytes)
2026-07-30 12:19:56,816 [INFO] controller: RETRACT_Z: steps=10000 speed=10000 payload=102710270000 (6 bytes)
2026-07-30 12:19:57,907 [INFO] controller: RETRACT_Z: steps=10000 speed=10000 payload=102710270000 (6 bytes)
2026-07-30 12:19:59,006 [INFO] controller: RETRACT_Z: steps=10000 speed=10000 payload=102710270000 (6 bytes)
2026-07-30 12:20:00,104 [INFO] controller: RETRACT_Z: steps=10000 speed=10000 payload=102710270000 (6 bytes)
2026-07-30 12:20:01,203 [INFO] controller: RETRACT_Z: steps=10000 speed=10000 payload=102710270000 (6 bytes)
2026-07-30 12:20:02,301 [INFO] controller: RETRACT_Z: steps=10000 speed=10000 payload=102710270000 (6 bytes)
2026-07-30 12:20:03,400 [INFO] controller: RETRACT_Z: steps=10000 speed=10000 payload=102710270000 (6 bytes)
2026-07-30 12:20:04,490 [INFO] controller: RETRACT_Z: steps=10000 speed=10000 payload=102710270000 (6 bytes)
2026-07-30 12:20:05,589 [INFO] controller: RETRACT_Z: steps=10000 speed=10000 payload=102710270000 (6 bytes)
2026-07-30 12:20:06,691 [INFO] controller: RETRACT_Z: steps=10000 speed=10000 payload=102710270000 (6 bytes)
2026-07-30 12:20:07,790 [INFO] controller: RETRACT_Z: steps=10000 speed=10000 payload=102710270000 (6 bytes)
2026-07-30 12:20:08,883 [INFO] controller: RETRACT_Z: steps=10000 speed=10000 payload=102710270000 (6 bytes)
2026-07-30 12:20:09,976 [INFO] controller: RETRACT_Z: steps=10000 speed=10000 payload=102710270000 (6 bytes)
2026-07-30 12:20:11,077 [INFO] controller: RETRACT_Z: steps=10000 speed=10000 payload=102710270000 (6 bytes)
2026-07-30 12:20:12,181 [INFO] controller: RETRACT_Z: steps=10000 speed=10000 payload=102710270000 (6 bytes)
2026-07-30 12:20:13,280 [INFO] controller: RETRACT_Z: steps=10000 speed=10000 payload=102710270000 (6 bytes)
2026-07-30 12:20:14,375 [INFO] controller: RETRACT_Z: steps=10000 speed=10000 payload=102710270000 (6 bytes)
2026-07-30 12:20:15,469 [INFO] controller: RETRACT_Z: steps=10000 speed=10000 payload=102710270000 (6 bytes)
2026-07-30 12:20:16,569 [INFO] controller: RETRACT_Z: steps=10000 speed=10000 payload=102710270000 (6 bytes)
2026-07-30 12:20:17,666 [INFO] controller: RETRACT_Z: steps=10000 speed=10000 payload=102710270000 (6 bytes)
2026-07-30 12:20:18,766 [INFO] controller: RETRACT_Z: steps=10000 speed=10000 payload=102710270000 (6 bytes)
2026-07-30 12:20:19,867 [INFO] controller: RETRACT_Z: steps=10000 speed=10000 payload=102710270000 (6 bytes)
2026-07-30 12:20:20,968 [INFO] controller: RETRACT_Z: steps=10000 speed=10000 payload=102710270000 (6 bytes)
2026-07-30 12:20:22,093 [INFO] controller: RETRACT_Z: steps=10000 speed=10000 payload=102710270000 (6 bytes)
2026-07-30 12:20:23,165 [INFO] controller: RETRACT_Z: steps=10000 speed=10000 payload=102710270000 (6 bytes)
2026-07-30 12:20:24,261 [INFO] controller: RETRACT_Z: steps=10000 speed=10000 payload=102710270000 (6 bytes)
2026-07-30 12:20:25,359 [INFO] controller: RETRACT_Z: steps=10000 speed=10000 payload=102710270000 (6 bytes)
2026-07-30 12:20:26,460 [INFO] controller: RETRACT_Z: steps=10000 speed=10000 payload=102710270000 (6 bytes)
2026-07-30 12:20:27,557 [INFO] controller: RETRACT_Z: steps=10000 speed=10000 payload=102710270000 (6 bytes)
2026-07-30 12:20:28,657 [INFO] controller: RETRACT_Z: steps=10000 speed=10000 payload=102710270000 (6 bytes)
2026-07-30 12:20:29,755 [INFO] controller: RETRACT_Z: steps=10000 speed=10000 payload=102710270000 (6 bytes)
2026-07-30 12:20:30,854 [INFO] controller: RETRACT_Z: steps=10000 speed=10000 payload=102710270000 (6 bytes)
2026-07-30 12:20:31,951 [INFO] controller: RETRACT_Z: steps=10000 speed=10000 payload=102710270000 (6 bytes)
2026-07-30 12:20:33,050 [INFO] controller: RETRACT_Z: steps=10000 speed=10000 payload=102710270000 (6 bytes)
2026-07-30 12:20:34,147 [INFO] controller: RETRACT_Z: steps=10000 speed=10000 payload=102710270000 (6 bytes)
2026-07-30 12:20:35,244 [INFO] controller: RETRACT_Z: steps=10000 speed=10000 payload=102710270000 (6 bytes)
2026-07-30 12:20:36,338 [INFO] controller: RETRACT_Z: steps=10000 speed=10000 payload=102710270000 (6 bytes)
2026-07-30 12:20:37,432 [INFO] controller: RETRACT_Z: steps=10000 speed=10000 payload=102710270000 (6 bytes)
2026-07-30 12:20:38,538 [INFO] controller: RETRACT_Z: steps=10000 speed=10000 payload=102710270000 (6 bytes)
2026-07-30 12:20:39,644 [INFO] controller: RETRACT_Z: steps=10000 speed=10000 payload=102710270000 (6 bytes)
2026-07-30 12:20:40,744 [INFO] controller: RETRACT_Z: steps=10000 speed=10000 payload=102710270000 (6 bytes)
2026-07-30 12:20:41,840 [INFO] controller: RETRACT_Z: steps=10000 speed=10000 payload=102710270000 (6 bytes)
2026-07-30 12:20:42,946 [INFO] controller: RETRACT_Z: steps=10000 speed=10000 payload=102710270000 (6 bytes)
2026-07-30 12:20:44,043 [INFO] controller: RETRACT_Z: steps=10000 speed=10000 payload=102710270000 (6 bytes)
2026-07-30 12:20:45,137 [INFO] controller: RETRACT_Z: steps=10000 speed=10000 payload=102710270000 (6 bytes)
2026-07-30 12:20:46,237 [INFO] controller: RETRACT_Z: steps=10000 speed=10000 payload=102710270000 (6 bytes)
2026-07-30 12:20:47,330 [INFO] controller: RETRACT_Z: steps=10000 speed=10000 payload=102710270000 (6 bytes)
2026-07-30 12:20:48,424 [INFO] controller: RETRACT_Z: steps=10000 speed=10000 payload=102710270000 (6 bytes)
2026-07-30 12:20:49,518 [INFO] controller: RETRACT_Z: steps=10000 speed=10000 payload=102710270000 (6 bytes)
2026-07-30 12:20:50,612 [INFO] controller: RETRACT_Z: steps=10000 speed=10000 payload=102710270000 (6 bytes)
2026-07-30 12:20:51,706 [INFO] controller: RETRACT_Z: steps=10000 speed=10000 payload=102710270000 (6 bytes)
2026-07-30 12:25:03,212 [INFO] transport: disconnected
2026-07-30 12:25:15,637 [INFO] transport: connected to COM4
2026-07-30 12:26:39,151 [INFO] transport: disconnect detected: serial error: ClearCommError failed (PermissionError(13, '设备不识别此命令。', None, 22))
2026-08-03 12:06:41,421 [INFO] transport: open COM8 failed: could not open port 'COM8': OSError(22, '信号灯超时时间已到', None, 121)
2026-08-03 12:06:54,842 [INFO] transport: open COM8 failed: could not open port 'COM8': OSError(22, '信号灯超时时间已到', None, 121)
2026-08-03 12:07:04,963 [INFO] transport: connected to COM4
2026-08-03 12:12:00,934 [INFO] transport: connected to COM4
2026-08-03 12:12:06,225 [INFO] transport: disconnected
2026-08-03 12:12:07,475 [INFO] transport: connected to COM4
2026-08-03 12:12:32,124 [INFO] transport: disconnected
2026-08-03 12:12:46,548 [INFO] transport: connected to COM4
2026-08-03 12:12:49,159 [INFO] transport: disconnected
2026-08-03 12:14:08,860 [INFO] transport: connected to COM4
2026-08-03 12:15:28,531 [INFO] transport: disconnected
2026-08-03 12:16:04,312 [INFO] transport: connected to COM4
2026-08-03 12:16:48,615 [INFO] transport: disconnected
2026-08-03 12:18:07,035 [INFO] transport: connected to COM4
2026-08-03 13:43:17,563 [INFO] transport: disconnected
2026-08-03 13:43:40,798 [INFO] transport: connected to COM4
2026-08-03 14:00:00,421 [INFO] transport: disconnect detected: serial error: ClearCommError failed (PermissionError(13, '设备不识别此命令。', None, 22))
2026-08-03 14:09:58,881 [INFO] transport: connected to COM4
2026-08-03 14:16:48,772 [INFO] controller: STEP_MOTOR: steps=1000 speed=2000 payload=e803d0070000 (6 bytes)
2026-08-03 14:16:49,655 [INFO] controller: STEP_MOTOR: steps=1000 speed=2000 payload=e803d0070000 (6 bytes)
2026-08-03 14:16:50,475 [INFO] controller: STEP_MOTOR: steps=1000 speed=2000 payload=e803d0070000 (6 bytes)
2026-08-03 14:16:51,509 [INFO] controller: STEP_MOTOR: steps=1000 speed=2000 payload=e803d0070000 (6 bytes)
2026-08-03 14:16:52,973 [INFO] controller: STEP_MOTOR: steps=1000 speed=2000 payload=e803d0070000 (6 bytes)
2026-08-03 14:16:54,083 [INFO] controller: STEP_MOTOR: steps=1000 speed=2000 payload=e803d0070000 (6 bytes)
2026-08-03 14:16:54,994 [INFO] controller: STEP_MOTOR: steps=1000 speed=2000 payload=e803d0070000 (6 bytes)
2026-08-03 14:16:55,938 [INFO] controller: STEP_MOTOR: steps=1000 speed=2000 payload=e803d0070000 (6 bytes)
2026-08-03 14:16:56,794 [INFO] controller: STEP_MOTOR: steps=1000 speed=2000 payload=e803d0070000 (6 bytes)
2026-08-03 14:16:57,602 [INFO] controller: STEP_MOTOR: steps=1000 speed=2000 payload=e803d0070000 (6 bytes)
2026-08-03 14:16:58,451 [INFO] controller: STEP_MOTOR: steps=1000 speed=2000 payload=e803d0070000 (6 bytes)
2026-08-03 14:17:05,128 [INFO] controller: STEP_MOTOR: steps=2000 speed=2000 payload=d007d0070000 (6 bytes)
2026-08-03 14:17:06,254 [INFO] controller: STEP_MOTOR: steps=2000 speed=2000 payload=d007d0070000 (6 bytes)
2026-08-03 14:17:07,344 [INFO] controller: STEP_MOTOR: steps=2000 speed=2000 payload=d007d0070000 (6 bytes)
2026-08-03 14:17:08,439 [INFO] controller: STEP_MOTOR: steps=2000 speed=2000 payload=d007d0070000 (6 bytes)
2026-08-03 14:17:09,526 [INFO] controller: STEP_MOTOR: steps=2000 speed=2000 payload=d007d0070000 (6 bytes)
2026-08-03 14:17:14,889 [INFO] transport: disconnect detected: serial error: ClearCommError failed (PermissionError(13, '设备不识别此命令。', None, 22))
2026-08-03 14:17:23,999 [INFO] transport: connected to COM4
2026-08-03 14:21:40,255 [INFO] transport: open COM4 failed: could not open port 'COM4': PermissionError(13, '拒绝访问。', None, 5)
2026-08-03 14:21:46,592 [INFO] transport: disconnected
2026-08-03 14:21:59,557 [INFO] transport: connected to COM4
2026-08-03 14:23:07,271 [INFO] controller: STEP_MOTOR: steps=10 speed=2000 payload=0a00d0070000 (6 bytes)
2026-08-03 14:23:09,572 [INFO] controller: STEP_MOTOR: steps=10 speed=2000 payload=0a00d0070000 (6 bytes)
2026-08-03 14:23:10,356 [INFO] controller: STEP_MOTOR: steps=10 speed=2000 payload=0a00d0070000 (6 bytes)
2026-08-03 14:23:10,868 [INFO] controller: STEP_MOTOR: steps=10 speed=2000 payload=0a00d0070000 (6 bytes)
2026-08-03 14:23:11,354 [INFO] controller: STEP_MOTOR: steps=10 speed=2000 payload=0a00d0070000 (6 bytes)
2026-08-03 14:23:11,757 [INFO] controller: STEP_MOTOR: steps=10 speed=2000 payload=0a00d0070000 (6 bytes)
2026-08-03 14:23:12,179 [INFO] controller: STEP_MOTOR: steps=10 speed=2000 payload=0a00d0070000 (6 bytes)
2026-08-03 14:23:12,576 [INFO] controller: STEP_MOTOR: steps=10 speed=2000 payload=0a00d0070000 (6 bytes)
2026-08-03 14:23:12,936 [INFO] controller: STEP_MOTOR: steps=10 speed=2000 payload=0a00d0070000 (6 bytes)
2026-08-03 14:23:13,289 [INFO] controller: STEP_MOTOR: steps=10 speed=2000 payload=0a00d0070000 (6 bytes)
2026-08-03 14:23:17,643 [INFO] controller: STEP_MOTOR: steps=1000 speed=2000 payload=e803d0070000 (6 bytes)
2026-08-03 14:23:20,233 [INFO] controller: STEP_MOTOR: steps=1000 speed=2000 payload=e803d0070000 (6 bytes)
2026-08-03 14:23:20,953 [INFO] controller: STEP_MOTOR: steps=1000 speed=2000 payload=e803d0070000 (6 bytes)
2026-08-03 14:23:21,689 [INFO] controller: STEP_MOTOR: steps=1000 speed=2000 payload=e803d0070000 (6 bytes)
2026-08-03 14:26:13,744 [INFO] controller: STEP_MOTOR: steps=1000 speed=2000 payload=e803d0070000 (6 bytes)
2026-08-03 14:26:14,751 [INFO] controller: STEP_MOTOR: steps=1000 speed=2000 payload=e803d0070000 (6 bytes)
2026-08-03 14:26:15,480 [INFO] controller: STEP_MOTOR: steps=1000 speed=2000 payload=e803d0070000 (6 bytes)
2026-08-03 14:26:31,253 [INFO] controller: STEP_MOTOR: steps=1000 speed=9000 payload=e80328230000 (6 bytes)
2026-08-03 14:26:31,855 [INFO] controller: STEP_MOTOR: steps=1000 speed=9000 payload=e80328230000 (6 bytes)
2026-08-03 14:26:32,384 [INFO] controller: STEP_MOTOR: steps=1000 speed=9000 payload=e80328230000 (6 bytes)
2026-08-03 14:26:32,933 [INFO] controller: STEP_MOTOR: steps=1000 speed=9000 payload=e80328230000 (6 bytes)
2026-08-03 14:26:33,381 [INFO] controller: STEP_MOTOR: steps=1000 speed=9000 payload=e80328230000 (6 bytes)
2026-08-03 14:26:33,748 [INFO] controller: STEP_MOTOR: steps=1000 speed=9000 payload=e80328230000 (6 bytes)
2026-08-03 14:26:33,979 [INFO] controller: STEP_MOTOR: steps=1000 speed=9000 payload=e80328230000 (6 bytes)
2026-08-03 14:26:34,232 [INFO] controller: STEP_MOTOR: steps=1000 speed=9000 payload=e80328230000 (6 bytes)
2026-08-03 14:26:34,446 [INFO] controller: STEP_MOTOR: steps=1000 speed=9000 payload=e80328230000 (6 bytes)
2026-08-03 14:26:34,661 [INFO] controller: STEP_MOTOR: steps=1000 speed=9000 payload=e80328230000 (6 bytes)
2026-08-03 14:26:34,877 [INFO] controller: STEP_MOTOR: steps=1000 speed=9000 payload=e80328230000 (6 bytes)
2026-08-03 14:26:35,071 [INFO] controller: STEP_MOTOR: steps=1000 speed=9000 payload=e80328230000 (6 bytes)
2026-08-03 14:26:35,289 [INFO] controller: STEP_MOTOR: steps=1000 speed=9000 payload=e80328230000 (6 bytes)
2026-08-03 14:26:35,507 [INFO] controller: STEP_MOTOR: steps=1000 speed=9000 payload=e80328230000 (6 bytes)
2026-08-03 14:26:35,727 [INFO] controller: STEP_MOTOR: steps=1000 speed=9000 payload=e80328230000 (6 bytes)
2026-08-03 14:26:35,944 [INFO] controller: STEP_MOTOR: steps=1000 speed=9000 payload=e80328230000 (6 bytes)
2026-08-03 14:26:36,163 [INFO] controller: STEP_MOTOR: steps=1000 speed=9000 payload=e80328230000 (6 bytes)
2026-08-03 14:26:36,384 [INFO] controller: STEP_MOTOR: steps=1000 speed=9000 payload=e80328230000 (6 bytes)
2026-08-03 14:26:36,603 [INFO] controller: STEP_MOTOR: steps=1000 speed=9000 payload=e80328230000 (6 bytes)
2026-08-03 14:26:36,821 [INFO] controller: STEP_MOTOR: steps=1000 speed=9000 payload=e80328230000 (6 bytes)
2026-08-03 14:26:37,038 [INFO] controller: STEP_MOTOR: steps=1000 speed=9000 payload=e80328230000 (6 bytes)
2026-08-03 14:26:37,249 [INFO] controller: STEP_MOTOR: steps=1000 speed=9000 payload=e80328230000 (6 bytes)
2026-08-03 14:26:37,472 [INFO] controller: STEP_MOTOR: steps=1000 speed=9000 payload=e80328230000 (6 bytes)
2026-08-03 14:26:37,683 [INFO] controller: STEP_MOTOR: steps=1000 speed=9000 payload=e80328230000 (6 bytes)
2026-08-03 14:26:37,905 [INFO] controller: STEP_MOTOR: steps=1000 speed=9000 payload=e80328230000 (6 bytes)
2026-08-03 14:26:38,121 [INFO] controller: STEP_MOTOR: steps=1000 speed=9000 payload=e80328230000 (6 bytes)
2026-08-03 14:26:38,347 [INFO] controller: STEP_MOTOR: steps=1000 speed=9000 payload=e80328230000 (6 bytes)
2026-08-03 14:26:38,560 [INFO] controller: STEP_MOTOR: steps=1000 speed=9000 payload=e80328230000 (6 bytes)
2026-08-03 14:26:38,781 [INFO] controller: STEP_MOTOR: steps=1000 speed=9000 payload=e80328230000 (6 bytes)
2026-08-03 14:26:39,004 [INFO] controller: STEP_MOTOR: steps=1000 speed=9000 payload=e80328230000 (6 bytes)
2026-08-03 14:26:39,219 [INFO] controller: STEP_MOTOR: steps=1000 speed=9000 payload=e80328230000 (6 bytes)
2026-08-03 14:26:39,437 [INFO] controller: STEP_MOTOR: steps=1000 speed=9000 payload=e80328230000 (6 bytes)
2026-08-03 14:26:39,662 [INFO] controller: STEP_MOTOR: steps=1000 speed=9000 payload=e80328230000 (6 bytes)
2026-08-03 14:26:39,874 [INFO] controller: STEP_MOTOR: steps=1000 speed=9000 payload=e80328230000 (6 bytes)
2026-08-03 14:26:40,093 [INFO] controller: STEP_MOTOR: steps=1000 speed=9000 payload=e80328230000 (6 bytes)
2026-08-03 14:26:40,313 [INFO] controller: STEP_MOTOR: steps=1000 speed=9000 payload=e80328230000 (6 bytes)
2026-08-03 14:26:40,536 [INFO] controller: STEP_MOTOR: steps=1000 speed=9000 payload=e80328230000 (6 bytes)
2026-08-03 14:26:40,749 [INFO] controller: STEP_MOTOR: steps=1000 speed=9000 payload=e80328230000 (6 bytes)
2026-08-03 14:26:40,966 [INFO] controller: STEP_MOTOR: steps=1000 speed=9000 payload=e80328230000 (6 bytes)
2026-08-03 14:26:41,185 [INFO] controller: STEP_MOTOR: steps=1000 speed=9000 payload=e80328230000 (6 bytes)
2026-08-03 14:26:41,412 [INFO] controller: STEP_MOTOR: steps=1000 speed=9000 payload=e80328230000 (6 bytes)
2026-08-03 14:26:41,623 [INFO] controller: STEP_MOTOR: steps=1000 speed=9000 payload=e80328230000 (6 bytes)
2026-08-03 14:26:41,838 [INFO] controller: STEP_MOTOR: steps=1000 speed=9000 payload=e80328230000 (6 bytes)
2026-08-03 14:26:42,056 [INFO] controller: STEP_MOTOR: steps=1000 speed=9000 payload=e80328230000 (6 bytes)
2026-08-03 14:26:42,274 [INFO] controller: STEP_MOTOR: steps=1000 speed=9000 payload=e80328230000 (6 bytes)
2026-08-03 14:26:42,503 [INFO] controller: STEP_MOTOR: steps=1000 speed=9000 payload=e80328230000 (6 bytes)
2026-08-03 14:26:42,712 [INFO] controller: STEP_MOTOR: steps=1000 speed=9000 payload=e80328230000 (6 bytes)
2026-08-03 14:26:42,933 [INFO] controller: STEP_MOTOR: steps=1000 speed=9000 payload=e80328230000 (6 bytes)
2026-08-03 14:26:43,151 [INFO] controller: STEP_MOTOR: steps=1000 speed=9000 payload=e80328230000 (6 bytes)
2026-08-03 14:26:43,370 [INFO] controller: STEP_MOTOR: steps=1000 speed=9000 payload=e80328230000 (6 bytes)
2026-08-03 14:26:43,587 [INFO] controller: STEP_MOTOR: steps=1000 speed=9000 payload=e80328230000 (6 bytes)
2026-08-03 14:26:43,811 [INFO] controller: STEP_MOTOR: steps=1000 speed=9000 payload=e80328230000 (6 bytes)
2026-08-03 14:26:44,025 [INFO] controller: STEP_MOTOR: steps=1000 speed=9000 payload=e80328230000 (6 bytes)
2026-08-03 14:26:44,240 [INFO] controller: STEP_MOTOR: steps=1000 speed=9000 payload=e80328230000 (6 bytes)
2026-08-03 14:26:44,460 [INFO] controller: STEP_MOTOR: steps=1000 speed=9000 payload=e80328230000 (6 bytes)
2026-08-03 14:35:59,180 [INFO] transport: disconnected
2026-08-03 14:36:31,037 [INFO] transport: connected to COM4
2026-08-03 14:44:41,267 [ERROR] ui.main_window: 操作 失败
Traceback (most recent call last):
  File "D:\AI\stm_microscope\ui\main_window.py", line 479, in on_done
    fut.result()
    ~~~~~~~~~~^^
  File "C:\Users\L_fanhua\AppData\Local\Programs\Python\Python313\Lib\concurrent\futures\_base.py", line 449, in result
    return self.__get_result()
           ~~~~~~~~~~~~~~~~~^^
  File "C:\Users\L_fanhua\AppData\Local\Programs\Python\Python313\Lib\concurrent\futures\_base.py", line 401, in __get_result
    raise self._exception
  File "C:\Users\L_fanhua\AppData\Local\Programs\Python\Python313\Lib\concurrent\futures\thread.py", line 59, in run
    result = self.fn(*self.args, **self.kwargs)
  File "D:\AI\stm_microscope\controller.py", line 291, in load_calibration
    self.transport.send(Cmd.LOAD_CALIB)
    ~~~~~~~~~~~~~~~~~~~^^^^^^^^^^^^^^^^
  File "D:\AI\stm_microscope\transport.py", line 498, in send
    return self._wait_ack(cmd, timeout or self.config.send_timeout)
           ~~~~~~~~~~~~~~^^^^^^^^^^^^^^^^^^^^^^^^^^^^^^^^^^^^^^^^^^
  File "D:\AI\stm_microscope\transport.py", line 438, in _wait_ack
    raise NackError(int(cmd), val.reason)
protocol.NackError: [NONE] 无错误: NACK for LOAD_CALIB: 标定未加载
2026-08-03 15:06:18,917 [INFO] transport: disconnected
2026-08-03 15:07:28,120 [INFO] transport: connected to COM4
2026-08-03 15:07:41,017 [ERROR] stm: Uncaught exception
Traceback (most recent call last):
  File "D:\AI\stm_microscope\ui\main_window.py", line 351, in _on_frame_log_main
    self.log_panel.append(f"{cmd_name}  (无 payload)", direction)
    ~~~~~~~~~~~~~~~~~~~~~^^^^^^^^^^^^^^^^^^^^^^^^^^^^^^^^^^^^^^^^
  File "D:\AI\stm_microscope\ui\widgets.py", line 1337, in append
    cursor.movePosition(cursor.Start)
                        ^^^^^^^^^^^^
AttributeError: 'PySide6.QtGui.QTextCursor' object has no attribute 'Start'. Did you mean: 'atStart'?
2026-08-03 15:07:41,021 [ERROR] stm: Uncaught exception
Traceback (most recent call last):
  File "D:\AI\stm_microscope\ui\main_window.py", line 334, in _on_log_main
    self.log_panel.append(msg, category)
    ~~~~~~~~~~~~~~~~~~~~~^^^^^^^^^^^^^^^
  File "D:\AI\stm_microscope\ui\widgets.py", line 1337, in append
    cursor.movePosition(cursor.Start)
                        ^^^^^^^^^^^^
AttributeError: 'PySide6.QtGui.QTextCursor' object has no attribute 'Start'. Did you mean: 'atStart'?
2026-08-03 15:07:41,104 [ERROR] stm: Uncaught exception
Traceback (most recent call last):
  File "D:\AI\stm_microscope\ui\main_window.py", line 351, in _on_frame_log_main
    self.log_panel.append(f"{cmd_name}  (无 payload)", direction)
    ~~~~~~~~~~~~~~~~~~~~~^^^^^^^^^^^^^^^^^^^^^^^^^^^^^^^^^^^^^^^^
  File "D:\AI\stm_microscope\ui\widgets.py", line 1337, in append
    cursor.movePosition(cursor.Start)
                        ^^^^^^^^^^^^
AttributeError: 'PySide6.QtGui.QTextCursor' object has no attribute 'Start'. Did you mean: 'atStart'?
2026-08-03 15:07:41,107 [ERROR] stm: Uncaught exception
Traceback (most recent call last):
  File "D:\AI\stm_microscope\ui\main_window.py", line 334, in _on_log_main
    self.log_panel.append(msg, category)
    ~~~~~~~~~~~~~~~~~~~~~^^^^^^^^^^^^^^^
  File "D:\AI\stm_microscope\ui\widgets.py", line 1337, in append
    cursor.movePosition(cursor.Start)
                        ^^^^^^^^^^^^
AttributeError: 'PySide6.QtGui.QTextCursor' object has no attribute 'Start'. Did you mean: 'atStart'?
2026-08-03 15:07:41,110 [ERROR] stm: Uncaught exception
Traceback (most recent call last):
  File "D:\AI\stm_microscope\ui\main_window.py", line 351, in _on_frame_log_main
    self.log_panel.append(f"{cmd_name}  (无 payload)", direction)
    ~~~~~~~~~~~~~~~~~~~~~^^^^^^^^^^^^^^^^^^^^^^^^^^^^^^^^^^^^^^^^
  File "D:\AI\stm_microscope\ui\widgets.py", line 1337, in append
    cursor.movePosition(cursor.Start)
                        ^^^^^^^^^^^^
AttributeError: 'PySide6.QtGui.QTextCursor' object has no attribute 'Start'. Did you mean: 'atStart'?
2026-08-03 15:07:41,112 [ERROR] stm: Uncaught exception
Traceback (most recent call last):
  File "D:\AI\stm_microscope\ui\main_window.py", line 334, in _on_log_main
    self.log_panel.append(msg, category)
    ~~~~~~~~~~~~~~~~~~~~~^^^^^^^^^^^^^^^
  File "D:\AI\stm_microscope\ui\widgets.py", line 1337, in append
    cursor.movePosition(cursor.Start)
                        ^^^^^^^^^^^^
AttributeError: 'PySide6.QtGui.QTextCursor' object has no attribute 'Start'. Did you mean: 'atStart'?
2026-08-03 15:07:41,115 [ERROR] stm: Uncaught exception
Traceback (most recent call last):
  File "D:\AI\stm_microscope\ui\main_window.py", line 351, in _on_frame_log_main
    self.log_panel.append(f"{cmd_name}  (无 payload)", direction)
    ~~~~~~~~~~~~~~~~~~~~~^^^^^^^^^^^^^^^^^^^^^^^^^^^^^^^^^^^^^^^^
  File "D:\AI\stm_microscope\ui\widgets.py", line 1337, in append
    cursor.movePosition(cursor.Start)
                        ^^^^^^^^^^^^
AttributeError: 'PySide6.QtGui.QTextCursor' object has no attribute 'Start'. Did you mean: 'atStart'?
2026-08-03 15:07:41,117 [ERROR] stm: Uncaught exception
Traceback (most recent call last):
  File "D:\AI\stm_microscope\ui\main_window.py", line 334, in _on_log_main
    self.log_panel.append(msg, category)
    ~~~~~~~~~~~~~~~~~~~~~^^^^^^^^^^^^^^^
  File "D:\AI\stm_microscope\ui\widgets.py", line 1337, in append
    cursor.movePosition(cursor.Start)
                        ^^^^^^^^^^^^
AttributeError: 'PySide6.QtGui.QTextCursor' object has no attribute 'Start'. Did you mean: 'atStart'?
2026-08-03 15:07:41,120 [ERROR] stm: Uncaught exception
Traceback (most recent call last):
  File "D:\AI\stm_microscope\ui\main_window.py", line 351, in _on_frame_log_main
    self.log_panel.append(f"{cmd_name}  (无 payload)", direction)
    ~~~~~~~~~~~~~~~~~~~~~^^^^^^^^^^^^^^^^^^^^^^^^^^^^^^^^^^^^^^^^
  File "D:\AI\stm_microscope\ui\widgets.py", line 1337, in append
    cursor.movePosition(cursor.Start)
                        ^^^^^^^^^^^^
AttributeError: 'PySide6.QtGui.QTextCursor' object has no attribute 'Start'. Did you mean: 'atStart'?
2026-08-03 15:07:41,122 [ERROR] stm: Uncaught exception
Traceback (most recent call last):
  File "D:\AI\stm_microscope\ui\main_window.py", line 334, in _on_log_main
    self.log_panel.append(msg, category)
    ~~~~~~~~~~~~~~~~~~~~~^^^^^^^^^^^^^^^
  File "D:\AI\stm_microscope\ui\widgets.py", line 1337, in append
    cursor.movePosition(cursor.Start)
                        ^^^^^^^^^^^^
AttributeError: 'PySide6.QtGui.QTextCursor' object has no attribute 'Start'. Did you mean: 'atStart'?
2026-08-03 15:07:41,125 [ERROR] stm: Uncaught exception
Traceback (most recent call last):
  File "D:\AI\stm_microscope\ui\main_window.py", line 351, in _on_frame_log_main
    self.log_panel.append(f"{cmd_name}  (无 payload)", direction)
    ~~~~~~~~~~~~~~~~~~~~~^^^^^^^^^^^^^^^^^^^^^^^^^^^^^^^^^^^^^^^^
  File "D:\AI\stm_microscope\ui\widgets.py", line 1337, in append
    cursor.movePosition(cursor.Start)
                        ^^^^^^^^^^^^
AttributeError: 'PySide6.QtGui.QTextCursor' object has no attribute 'Start'. Did you mean: 'atStart'?
2026-08-03 15:07:41,127 [ERROR] stm: Uncaught exception
Traceback (most recent call last):
  File "D:\AI\stm_microscope\ui\main_window.py", line 334, in _on_log_main
    self.log_panel.append(msg, category)
    ~~~~~~~~~~~~~~~~~~~~~^^^^^^^^^^^^^^^
  File "D:\AI\stm_microscope\ui\widgets.py", line 1337, in append
    cursor.movePosition(cursor.Start)
                        ^^^^^^^^^^^^
AttributeError: 'PySide6.QtGui.QTextCursor' object has no attribute 'Start'. Did you mean: 'atStart'?
2026-08-03 15:07:41,129 [ERROR] stm: Uncaught exception
Traceback (most recent call last):
  File "D:\AI\stm_microscope\ui\main_window.py", line 351, in _on_frame_log_main
    self.log_panel.append(f"{cmd_name}  (无 payload)", direction)
    ~~~~~~~~~~~~~~~~~~~~~^^^^^^^^^^^^^^^^^^^^^^^^^^^^^^^^^^^^^^^^
  File "D:\AI\stm_microscope\ui\widgets.py", line 1337, in append
    cursor.movePosition(cursor.Start)
                        ^^^^^^^^^^^^
AttributeError: 'PySide6.QtGui.QTextCursor' object has no attribute 'Start'. Did you mean: 'atStart'?
2026-08-03 15:07:41,133 [ERROR] stm: Uncaught exception
Traceback (most recent call last):
  File "D:\AI\stm_microscope\ui\main_window.py", line 334, in _on_log_main
    self.log_panel.append(msg, category)
    ~~~~~~~~~~~~~~~~~~~~~^^^^^^^^^^^^^^^
  File "D:\AI\stm_microscope\ui\widgets.py", line 1337, in append
    cursor.movePosition(cursor.Start)
                        ^^^^^^^^^^^^
AttributeError: 'PySide6.QtGui.QTextCursor' object has no attribute 'Start'. Did you mean: 'atStart'?
2026-08-03 15:07:41,135 [ERROR] stm: Uncaught exception
Traceback (most recent call last):
  File "D:\AI\stm_microscope\ui\main_window.py", line 351, in _on_frame_log_main
    self.log_panel.append(f"{cmd_name}  (无 payload)", direction)
    ~~~~~~~~~~~~~~~~~~~~~^^^^^^^^^^^^^^^^^^^^^^^^^^^^^^^^^^^^^^^^
  File "D:\AI\stm_microscope\ui\widgets.py", line 1337, in append
    cursor.movePosition(cursor.Start)
                        ^^^^^^^^^^^^
AttributeError: 'PySide6.QtGui.QTextCursor' object has no attribute 'Start'. Did you mean: 'atStart'?
2026-08-03 15:07:41,137 [ERROR] stm: Uncaught exception
Traceback (most recent call last):
  File "D:\AI\stm_microscope\ui\main_window.py", line 334, in _on_log_main
    self.log_panel.append(msg, category)
    ~~~~~~~~~~~~~~~~~~~~~^^^^^^^^^^^^^^^
  File "D:\AI\stm_microscope\ui\widgets.py", line 1337, in append
    cursor.movePosition(cursor.Start)
                        ^^^^^^^^^^^^
AttributeError: 'PySide6.QtGui.QTextCursor' object has no attribute 'Start'. Did you mean: 'atStart'?
2026-08-03 15:07:41,139 [ERROR] stm: Uncaught exception
Traceback (most recent call last):
  File "D:\AI\stm_microscope\ui\main_window.py", line 351, in _on_frame_log_main
    self.log_panel.append(f"{cmd_name}  (无 payload)", direction)
    ~~~~~~~~~~~~~~~~~~~~~^^^^^^^^^^^^^^^^^^^^^^^^^^^^^^^^^^^^^^^^
  File "D:\AI\stm_microscope\ui\widgets.py", line 1337, in append
    cursor.movePosition(cursor.Start)
                        ^^^^^^^^^^^^
AttributeError: 'PySide6.QtGui.QTextCursor' object has no attribute 'Start'. Did you mean: 'atStart'?
2026-08-03 15:07:41,142 [ERROR] stm: Uncaught exception
Traceback (most recent call last):
  File "D:\AI\stm_microscope\ui\main_window.py", line 334, in _on_log_main
    self.log_panel.append(msg, category)
    ~~~~~~~~~~~~~~~~~~~~~^^^^^^^^^^^^^^^
  File "D:\AI\stm_microscope\ui\widgets.py", line 1337, in append
    cursor.movePosition(cursor.Start)
                        ^^^^^^^^^^^^
AttributeError: 'PySide6.QtGui.QTextCursor' object has no attribute 'Start'. Did you mean: 'atStart'?
2026-08-03 15:07:41,145 [ERROR] stm: Uncaught exception
Traceback (most recent call last):
  File "D:\AI\stm_microscope\ui\main_window.py", line 351, in _on_frame_log_main
    self.log_panel.append(f"{cmd_name}  (无 payload)", direction)
    ~~~~~~~~~~~~~~~~~~~~~^^^^^^^^^^^^^^^^^^^^^^^^^^^^^^^^^^^^^^^^
  File "D:\AI\stm_microscope\ui\widgets.py", line 1337, in append
    cursor.movePosition(cursor.Start)
                        ^^^^^^^^^^^^
AttributeError: 'PySide6.QtGui.QTextCursor' object has no attribute 'Start'. Did you mean: 'atStart'?
2026-08-03 15:07:41,147 [ERROR] stm: Uncaught exception
Traceback (most recent call last):
  File "D:\AI\stm_microscope\ui\main_window.py", line 334, in _on_log_main
    self.log_panel.append(msg, category)
    ~~~~~~~~~~~~~~~~~~~~~^^^^^^^^^^^^^^^
  File "D:\AI\stm_microscope\ui\widgets.py", line 1337, in append
    cursor.movePosition(cursor.Start)
                        ^^^^^^^^^^^^
AttributeError: 'PySide6.QtGui.QTextCursor' object has no attribute 'Start'. Did you mean: 'atStart'?
2026-08-03 15:07:41,795 [ERROR] stm: Uncaught exception
Traceback (most recent call last):
  File "D:\AI\stm_microscope\ui\main_window.py", line 351, in _on_frame_log_main
    self.log_panel.append(f"{cmd_name}  (无 payload)", direction)
    ~~~~~~~~~~~~~~~~~~~~~^^^^^^^^^^^^^^^^^^^^^^^^^^^^^^^^^^^^^^^^
  File "D:\AI\stm_microscope\ui\widgets.py", line 1337, in append
    cursor.movePosition(cursor.Start)
                        ^^^^^^^^^^^^
AttributeError: 'PySide6.QtGui.QTextCursor' object has no attribute 'Start'. Did you mean: 'atStart'?
2026-08-03 15:07:41,798 [ERROR] stm: Uncaught exception
Traceback (most recent call last):
  File "D:\AI\stm_microscope\ui\main_window.py", line 334, in _on_log_main
    self.log_panel.append(msg, category)
    ~~~~~~~~~~~~~~~~~~~~~^^^^^^^^^^^^^^^
  File "D:\AI\stm_microscope\ui\widgets.py", line 1337, in append
    cursor.movePosition(cursor.Start)
                        ^^^^^^^^^^^^
AttributeError: 'PySide6.QtGui.QTextCursor' object has no attribute 'Start'. Did you mean: 'atStart'?
2026-08-03 15:07:41,800 [ERROR] stm: Uncaught exception
Traceback (most recent call last):
  File "D:\AI\stm_microscope\ui\main_window.py", line 351, in _on_frame_log_main
    self.log_panel.append(f"{cmd_name}  (无 payload)", direction)
    ~~~~~~~~~~~~~~~~~~~~~^^^^^^^^^^^^^^^^^^^^^^^^^^^^^^^^^^^^^^^^
  File "D:\AI\stm_microscope\ui\widgets.py", line 1337, in append
    cursor.movePosition(cursor.Start)
                        ^^^^^^^^^^^^
AttributeError: 'PySide6.QtGui.QTextCursor' object has no attribute 'Start'. Did you mean: 'atStart'?
2026-08-03 15:07:41,803 [ERROR] stm: Uncaught exception
Traceback (most recent call last):
  File "D:\AI\stm_microscope\ui\main_window.py", line 334, in _on_log_main
    self.log_panel.append(msg, category)
    ~~~~~~~~~~~~~~~~~~~~~^^^^^^^^^^^^^^^
  File "D:\AI\stm_microscope\ui\widgets.py", line 1337, in append
    cursor.movePosition(cursor.Start)
                        ^^^^^^^^^^^^
AttributeError: 'PySide6.QtGui.QTextCursor' object has no attribute 'Start'. Did you mean: 'atStart'?
2026-08-03 15:07:41,805 [ERROR] stm: Uncaught exception
Traceback (most recent call last):
  File "D:\AI\stm_microscope\ui\main_window.py", line 351, in _on_frame_log_main
    self.log_panel.append(f"{cmd_name}  (无 payload)", direction)
    ~~~~~~~~~~~~~~~~~~~~~^^^^^^^^^^^^^^^^^^^^^^^^^^^^^^^^^^^^^^^^
  File "D:\AI\stm_microscope\ui\widgets.py", line 1337, in append
    cursor.movePosition(cursor.Start)
                        ^^^^^^^^^^^^
AttributeError: 'PySide6.QtGui.QTextCursor' object has no attribute 'Start'. Did you mean: 'atStart'?
2026-08-03 15:07:41,808 [ERROR] stm: Uncaught exception
Traceback (most recent call last):
  File "D:\AI\stm_microscope\ui\main_window.py", line 334, in _on_log_main
    self.log_panel.append(msg, category)
    ~~~~~~~~~~~~~~~~~~~~~^^^^^^^^^^^^^^^
  File "D:\AI\stm_microscope\ui\widgets.py", line 1337, in append
    cursor.movePosition(cursor.Start)
                        ^^^^^^^^^^^^
AttributeError: 'PySide6.QtGui.QTextCursor' object has no attribute 'Start'. Did you mean: 'atStart'?
2026-08-03 15:07:41,810 [ERROR] stm: Uncaught exception
Traceback (most recent call last):
  File "D:\AI\stm_microscope\ui\main_window.py", line 351, in _on_frame_log_main
    self.log_panel.append(f"{cmd_name}  (无 payload)", direction)
    ~~~~~~~~~~~~~~~~~~~~~^^^^^^^^^^^^^^^^^^^^^^^^^^^^^^^^^^^^^^^^
  File "D:\AI\stm_microscope\ui\widgets.py", line 1337, in append
    cursor.movePosition(cursor.Start)
                        ^^^^^^^^^^^^
AttributeError: 'PySide6.QtGui.QTextCursor' object has no attribute 'Start'. Did you mean: 'atStart'?
2026-08-03 15:07:41,813 [ERROR] stm: Uncaught exception
Traceback (most recent call last):
  File "D:\AI\stm_microscope\ui\main_window.py", line 334, in _on_log_main
    self.log_panel.append(msg, category)
    ~~~~~~~~~~~~~~~~~~~~~^^^^^^^^^^^^^^^
  File "D:\AI\stm_microscope\ui\widgets.py", line 1337, in append
    cursor.movePosition(cursor.Start)
                        ^^^^^^^^^^^^
AttributeError: 'PySide6.QtGui.QTextCursor' object has no attribute 'Start'. Did you mean: 'atStart'?
2026-08-03 15:07:41,816 [ERROR] stm: Uncaught exception
Traceback (most recent call last):
  File "D:\AI\stm_microscope\ui\main_window.py", line 351, in _on_frame_log_main
    self.log_panel.append(f"{cmd_name}  (无 payload)", direction)
    ~~~~~~~~~~~~~~~~~~~~~^^^^^^^^^^^^^^^^^^^^^^^^^^^^^^^^^^^^^^^^
  File "D:\AI\stm_microscope\ui\widgets.py", line 1337, in append
    cursor.movePosition(cursor.Start)
                        ^^^^^^^^^^^^
AttributeError: 'PySide6.QtGui.QTextCursor' object has no attribute 'Start'. Did you mean: 'atStart'?
2026-08-03 15:07:41,818 [ERROR] stm: Uncaught exception
Traceback (most recent call last):
  File "D:\AI\stm_microscope\ui\main_window.py", line 334, in _on_log_main
    self.log_panel.append(msg, category)
    ~~~~~~~~~~~~~~~~~~~~~^^^^^^^^^^^^^^^
  File "D:\AI\stm_microscope\ui\widgets.py", line 1337, in append
    cursor.movePosition(cursor.Start)
                        ^^^^^^^^^^^^
AttributeError: 'PySide6.QtGui.QTextCursor' object has no attribute 'Start'. Did you mean: 'atStart'?
2026-08-03 15:07:41,820 [ERROR] stm: Uncaught exception
Traceback (most recent call last):
  File "D:\AI\stm_microscope\ui\main_window.py", line 351, in _on_frame_log_main
    self.log_panel.append(f"{cmd_name}  (无 payload)", direction)
    ~~~~~~~~~~~~~~~~~~~~~^^^^^^^^^^^^^^^^^^^^^^^^^^^^^^^^^^^^^^^^
  File "D:\AI\stm_microscope\ui\widgets.py", line 1337, in append
    cursor.movePosition(cursor.Start)
                        ^^^^^^^^^^^^
AttributeError: 'PySide6.QtGui.QTextCursor' object has no attribute 'Start'. Did you mean: 'atStart'?
2026-08-03 15:07:41,823 [ERROR] stm: Uncaught exception
Traceback (most recent call last):
  File "D:\AI\stm_microscope\ui\main_window.py", line 334, in _on_log_main
    self.log_panel.append(msg, category)
    ~~~~~~~~~~~~~~~~~~~~~^^^^^^^^^^^^^^^
  File "D:\AI\stm_microscope\ui\widgets.py", line 1337, in append
    cursor.movePosition(cursor.Start)
                        ^^^^^^^^^^^^
AttributeError: 'PySide6.QtGui.QTextCursor' object has no attribute 'Start'. Did you mean: 'atStart'?
2026-08-03 15:07:41,825 [ERROR] stm: Uncaught exception
Traceback (most recent call last):
  File "D:\AI\stm_microscope\ui\main_window.py", line 351, in _on_frame_log_main
    self.log_panel.append(f"{cmd_name}  (无 payload)", direction)
    ~~~~~~~~~~~~~~~~~~~~~^^^^^^^^^^^^^^^^^^^^^^^^^^^^^^^^^^^^^^^^
  File "D:\AI\stm_microscope\ui\widgets.py", line 1337, in append
    cursor.movePosition(cursor.Start)
                        ^^^^^^^^^^^^
AttributeError: 'PySide6.QtGui.QTextCursor' object has no attribute 'Start'. Did you mean: 'atStart'?
2026-08-03 15:07:41,827 [ERROR] stm: Uncaught exception
Traceback (most recent call last):
  File "D:\AI\stm_microscope\ui\main_window.py", line 334, in _on_log_main
    self.log_panel.append(msg, category)
    ~~~~~~~~~~~~~~~~~~~~~^^^^^^^^^^^^^^^
  File "D:\AI\stm_microscope\ui\widgets.py", line 1337, in append
    cursor.movePosition(cursor.Start)
                        ^^^^^^^^^^^^
AttributeError: 'PySide6.QtGui.QTextCursor' object has no attribute 'Start'. Did you mean: 'atStart'?
2026-08-03 15:07:41,830 [ERROR] stm: Uncaught exception
Traceback (most recent call last):
  File "D:\AI\stm_microscope\ui\main_window.py", line 351, in _on_frame_log_main
    self.log_panel.append(f"{cmd_name}  (无 payload)", direction)
    ~~~~~~~~~~~~~~~~~~~~~^^^^^^^^^^^^^^^^^^^^^^^^^^^^^^^^^^^^^^^^
  File "D:\AI\stm_microscope\ui\widgets.py", line 1337, in append
    cursor.movePosition(cursor.Start)
                        ^^^^^^^^^^^^
AttributeError: 'PySide6.QtGui.QTextCursor' object has no attribute 'Start'. Did you mean: 'atStart'?
2026-08-03 15:07:41,832 [ERROR] stm: Uncaught exception
Traceback (most recent call last):
  File "D:\AI\stm_microscope\ui\main_window.py", line 334, in _on_log_main
    self.log_panel.append(msg, category)
    ~~~~~~~~~~~~~~~~~~~~~^^^^^^^^^^^^^^^
  File "D:\AI\stm_microscope\ui\widgets.py", line 1337, in append
    cursor.movePosition(cursor.Start)
                        ^^^^^^^^^^^^
AttributeError: 'PySide6.QtGui.QTextCursor' object has no attribute 'Start'. Did you mean: 'atStart'?
2026-08-03 15:07:41,835 [ERROR] stm: Uncaught exception
Traceback (most recent call last):
  File "D:\AI\stm_microscope\ui\main_window.py", line 351, in _on_frame_log_main
    self.log_panel.append(f"{cmd_name}  (无 payload)", direction)
    ~~~~~~~~~~~~~~~~~~~~~^^^^^^^^^^^^^^^^^^^^^^^^^^^^^^^^^^^^^^^^
  File "D:\AI\stm_microscope\ui\widgets.py", line 1337, in append
    cursor.movePosition(cursor.Start)
                        ^^^^^^^^^^^^
AttributeError: 'PySide6.QtGui.QTextCursor' object has no attribute 'Start'. Did you mean: 'atStart'?
2026-08-03 15:07:41,837 [ERROR] stm: Uncaught exception
Traceback (most recent call last):
  File "D:\AI\stm_microscope\ui\main_window.py", line 334, in _on_log_main
    self.log_panel.append(msg, category)
    ~~~~~~~~~~~~~~~~~~~~~^^^^^^^^^^^^^^^
  File "D:\AI\stm_microscope\ui\widgets.py", line 1337, in append
    cursor.movePosition(cursor.Start)
                        ^^^^^^^^^^^^
AttributeError: 'PySide6.QtGui.QTextCursor' object has no attribute 'Start'. Did you mean: 'atStart'?
2026-08-03 15:07:41,840 [ERROR] stm: Uncaught exception
Traceback (most recent call last):
  File "D:\AI\stm_microscope\ui\main_window.py", line 351, in _on_frame_log_main
    self.log_panel.append(f"{cmd_name}  (无 payload)", direction)
    ~~~~~~~~~~~~~~~~~~~~~^^^^^^^^^^^^^^^^^^^^^^^^^^^^^^^^^^^^^^^^
  File "D:\AI\stm_microscope\ui\widgets.py", line 1337, in append
    cursor.movePosition(cursor.Start)
                        ^^^^^^^^^^^^
AttributeError: 'PySide6.QtGui.QTextCursor' object has no attribute 'Start'. Did you mean: 'atStart'?
2026-08-03 15:07:41,842 [ERROR] stm: Uncaught exception
Traceback (most recent call last):
  File "D:\AI\stm_microscope\ui\main_window.py", line 334, in _on_log_main
    self.log_panel.append(msg, category)
    ~~~~~~~~~~~~~~~~~~~~~^^^^^^^^^^^^^^^
  File "D:\AI\stm_microscope\ui\widgets.py", line 1337, in append
    cursor.movePosition(cursor.Start)
                        ^^^^^^^^^^^^
AttributeError: 'PySide6.QtGui.QTextCursor' object has no attribute 'Start'. Did you mean: 'atStart'?
2026-08-03 15:07:41,844 [ERROR] stm: Uncaught exception
Traceback (most recent call last):
  File "D:\AI\stm_microscope\ui\main_window.py", line 351, in _on_frame_log_main
    self.log_panel.append(f"{cmd_name}  (无 payload)", direction)
    ~~~~~~~~~~~~~~~~~~~~~^^^^^^^^^^^^^^^^^^^^^^^^^^^^^^^^^^^^^^^^
  File "D:\AI\stm_microscope\ui\widgets.py", line 1337, in append
    cursor.movePosition(cursor.Start)
                        ^^^^^^^^^^^^
AttributeError: 'PySide6.QtGui.QTextCursor' object has no attribute 'Start'. Did you mean: 'atStart'?
2026-08-03 15:07:41,847 [ERROR] stm: Uncaught exception
Traceback (most recent call last):
  File "D:\AI\stm_microscope\ui\main_window.py", line 334, in _on_log_main
    self.log_panel.append(msg, category)
    ~~~~~~~~~~~~~~~~~~~~~^^^^^^^^^^^^^^^
  File "D:\AI\stm_microscope\ui\widgets.py", line 1337, in append
    cursor.movePosition(cursor.Start)
                        ^^^^^^^^^^^^
AttributeError: 'PySide6.QtGui.QTextCursor' object has no attribute 'Start'. Did you mean: 'atStart'?
2026-08-03 15:07:41,849 [ERROR] stm: Uncaught exception
Traceback (most recent call last):
  File "D:\AI\stm_microscope\ui\main_window.py", line 351, in _on_frame_log_main
    self.log_panel.append(f"{cmd_name}  (无 payload)", direction)
    ~~~~~~~~~~~~~~~~~~~~~^^^^^^^^^^^^^^^^^^^^^^^^^^^^^^^^^^^^^^^^
  File "D:\AI\stm_microscope\ui\widgets.py", line 1337, in append
    cursor.movePosition(cursor.Start)
                        ^^^^^^^^^^^^
AttributeError: 'PySide6.QtGui.QTextCursor' object has no attribute 'Start'. Did you mean: 'atStart'?
2026-08-03 15:07:41,852 [ERROR] stm: Uncaught exception
Traceback (most recent call last):
  File "D:\AI\stm_microscope\ui\main_window.py", line 334, in _on_log_main
    self.log_panel.append(msg, category)
    ~~~~~~~~~~~~~~~~~~~~~^^^^^^^^^^^^^^^
  File "D:\AI\stm_microscope\ui\widgets.py", line 1337, in append
    cursor.movePosition(cursor.Start)
                        ^^^^^^^^^^^^
AttributeError: 'PySide6.QtGui.QTextCursor' object has no attribute 'Start'. Did you mean: 'atStart'?
2026-08-03 15:07:41,854 [ERROR] stm: Uncaught exception
Traceback (most recent call last):
  File "D:\AI\stm_microscope\ui\main_window.py", line 351, in _on_frame_log_main
    self.log_panel.append(f"{cmd_name}  (无 payload)", direction)
    ~~~~~~~~~~~~~~~~~~~~~^^^^^^^^^^^^^^^^^^^^^^^^^^^^^^^^^^^^^^^^
  File "D:\AI\stm_microscope\ui\widgets.py", line 1337, in append
    cursor.movePosition(cursor.Start)
                        ^^^^^^^^^^^^
AttributeError: 'PySide6.QtGui.QTextCursor' object has no attribute 'Start'. Did you mean: 'atStart'?
2026-08-03 15:07:41,856 [ERROR] stm: Uncaught exception
Traceback (most recent call last):
  File "D:\AI\stm_microscope\ui\main_window.py", line 334, in _on_log_main
    self.log_panel.append(msg, category)
    ~~~~~~~~~~~~~~~~~~~~~^^^^^^^^^^^^^^^
  File "D:\AI\stm_microscope\ui\widgets.py", line 1337, in append
    cursor.movePosition(cursor.Start)
                        ^^^^^^^^^^^^
AttributeError: 'PySide6.QtGui.QTextCursor' object has no attribute 'Start'. Did you mean: 'atStart'?
2026-08-03 15:07:41,859 [ERROR] stm: Uncaught exception
Traceback (most recent call last):
  File "D:\AI\stm_microscope\ui\main_window.py", line 351, in _on_frame_log_main
    self.log_panel.append(f"{cmd_name}  (无 payload)", direction)
    ~~~~~~~~~~~~~~~~~~~~~^^^^^^^^^^^^^^^^^^^^^^^^^^^^^^^^^^^^^^^^
  File "D:\AI\stm_microscope\ui\widgets.py", line 1337, in append
    cursor.movePosition(cursor.Start)
                        ^^^^^^^^^^^^
AttributeError: 'PySide6.QtGui.QTextCursor' object has no attribute 'Start'. Did you mean: 'atStart'?
2026-08-03 15:07:41,861 [ERROR] stm: Uncaught exception
Traceback (most recent call last):
  File "D:\AI\stm_microscope\ui\main_window.py", line 334, in _on_log_main
    self.log_panel.append(msg, category)
    ~~~~~~~~~~~~~~~~~~~~~^^^^^^^^^^^^^^^
  File "D:\AI\stm_microscope\ui\widgets.py", line 1337, in append
    cursor.movePosition(cursor.Start)
                        ^^^^^^^^^^^^
AttributeError: 'PySide6.QtGui.QTextCursor' object has no attribute 'Start'. Did you mean: 'atStart'?
2026-08-03 15:07:41,863 [ERROR] stm: Uncaught exception
Traceback (most recent call last):
  File "D:\AI\stm_microscope\ui\main_window.py", line 351, in _on_frame_log_main
    self.log_panel.append(f"{cmd_name}  (无 payload)", direction)
    ~~~~~~~~~~~~~~~~~~~~~^^^^^^^^^^^^^^^^^^^^^^^^^^^^^^^^^^^^^^^^
  File "D:\AI\stm_microscope\ui\widgets.py", line 1337, in append
    cursor.movePosition(cursor.Start)
                        ^^^^^^^^^^^^
AttributeError: 'PySide6.QtGui.QTextCursor' object has no attribute 'Start'. Did you mean: 'atStart'?
2026-08-03 15:07:41,866 [ERROR] stm: Uncaught exception
Traceback (most recent call last):
  File "D:\AI\stm_microscope\ui\main_window.py", line 334, in _on_log_main
    self.log_panel.append(msg, category)
    ~~~~~~~~~~~~~~~~~~~~~^^^^^^^^^^^^^^^
  File "D:\AI\stm_microscope\ui\widgets.py", line 1337, in append
    cursor.movePosition(cursor.Start)
                        ^^^^^^^^^^^^
AttributeError: 'PySide6.QtGui.QTextCursor' object has no attribute 'Start'. Did you mean: 'atStart'?
2026-08-03 15:07:41,868 [ERROR] stm: Uncaught exception
Traceback (most recent call last):
  File "D:\AI\stm_microscope\ui\main_window.py", line 351, in _on_frame_log_main
    self.log_panel.append(f"{cmd_name}  (无 payload)", direction)
    ~~~~~~~~~~~~~~~~~~~~~^^^^^^^^^^^^^^^^^^^^^^^^^^^^^^^^^^^^^^^^
  File "D:\AI\stm_microscope\ui\widgets.py", line 1337, in append
    cursor.movePosition(cursor.Start)
                        ^^^^^^^^^^^^
AttributeError: 'PySide6.QtGui.QTextCursor' object has no attribute 'Start'. Did you mean: 'atStart'?
2026-08-03 15:07:41,871 [ERROR] stm: Uncaught exception
Traceback (most recent call last):
  File "D:\AI\stm_microscope\ui\main_window.py", line 334, in _on_log_main
    self.log_panel.append(msg, category)
    ~~~~~~~~~~~~~~~~~~~~~^^^^^^^^^^^^^^^
  File "D:\AI\stm_microscope\ui\widgets.py", line 1337, in append
    cursor.movePosition(cursor.Start)
                        ^^^^^^^^^^^^
AttributeError: 'PySide6.QtGui.QTextCursor' object has no attribute 'Start'. Did you mean: 'atStart'?
2026-08-03 15:07:41,873 [ERROR] stm: Uncaught exception
Traceback (most recent call last):
  File "D:\AI\stm_microscope\ui\main_window.py", line 351, in _on_frame_log_main
    self.log_panel.append(f"{cmd_name}  (无 payload)", direction)
    ~~~~~~~~~~~~~~~~~~~~~^^^^^^^^^^^^^^^^^^^^^^^^^^^^^^^^^^^^^^^^
  File "D:\AI\stm_microscope\ui\widgets.py", line 1337, in append
    cursor.movePosition(cursor.Start)
                        ^^^^^^^^^^^^
AttributeError: 'PySide6.QtGui.QTextCursor' object has no attribute 'Start'. Did you mean: 'atStart'?
2026-08-03 15:07:41,876 [ERROR] stm: Uncaught exception
Traceback (most recent call last):
  File "D:\AI\stm_microscope\ui\main_window.py", line 334, in _on_log_main
    self.log_panel.append(msg, category)
    ~~~~~~~~~~~~~~~~~~~~~^^^^^^^^^^^^^^^
  File "D:\AI\stm_microscope\ui\widgets.py", line 1337, in append
    cursor.movePosition(cursor.Start)
                        ^^^^^^^^^^^^
AttributeError: 'PySide6.QtGui.QTextCursor' object has no attribute 'Start'. Did you mean: 'atStart'?
2026-08-03 15:07:41,878 [ERROR] stm: Uncaught exception
Traceback (most recent call last):
  File "D:\AI\stm_microscope\ui\main_window.py", line 351, in _on_frame_log_main
    self.log_panel.append(f"{cmd_name}  (无 payload)", direction)
    ~~~~~~~~~~~~~~~~~~~~~^^^^^^^^^^^^^^^^^^^^^^^^^^^^^^^^^^^^^^^^
  File "D:\AI\stm_microscope\ui\widgets.py", line 1337, in append
    cursor.movePosition(cursor.Start)
                        ^^^^^^^^^^^^
AttributeError: 'PySide6.QtGui.QTextCursor' object has no attribute 'Start'. Did you mean: 'atStart'?
2026-08-03 15:07:41,880 [ERROR] stm: Uncaught exception
Traceback (most recent call last):
  File "D:\AI\stm_microscope\ui\main_window.py", line 334, in _on_log_main
    self.log_panel.append(msg, category)
    ~~~~~~~~~~~~~~~~~~~~~^^^^^^^^^^^^^^^
  File "D:\AI\stm_microscope\ui\widgets.py", line 1337, in append
    cursor.movePosition(cursor.Start)
                        ^^^^^^^^^^^^
AttributeError: 'PySide6.QtGui.QTextCursor' object has no attribute 'Start'. Did you mean: 'atStart'?
2026-08-03 15:07:41,883 [ERROR] stm: Uncaught exception
Traceback (most recent call last):
  File "D:\AI\stm_microscope\ui\main_window.py", line 351, in _on_frame_log_main
    self.log_panel.append(f"{cmd_name}  (无 payload)", direction)
    ~~~~~~~~~~~~~~~~~~~~~^^^^^^^^^^^^^^^^^^^^^^^^^^^^^^^^^^^^^^^^
  File "D:\AI\stm_microscope\ui\widgets.py", line 1337, in append
    cursor.movePosition(cursor.Start)
                        ^^^^^^^^^^^^
AttributeError: 'PySide6.QtGui.QTextCursor' object has no attribute 'Start'. Did you mean: 'atStart'?
2026-08-03 15:07:41,886 [ERROR] stm: Uncaught exception
Traceback (most recent call last):
  File "D:\AI\stm_microscope\ui\main_window.py", line 334, in _on_log_main
    self.log_panel.append(msg, category)
    ~~~~~~~~~~~~~~~~~~~~~^^^^^^^^^^^^^^^
  File "D:\AI\stm_microscope\ui\widgets.py", line 1337, in append
    cursor.movePosition(cursor.Start)
                        ^^^^^^^^^^^^
AttributeError: 'PySide6.QtGui.QTextCursor' object has no attribute 'Start'. Did you mean: 'atStart'?
2026-08-03 15:07:41,889 [ERROR] stm: Uncaught exception
Traceback (most recent call last):
  File "D:\AI\stm_microscope\ui\main_window.py", line 351, in _on_frame_log_main
    self.log_panel.append(f"{cmd_name}  (无 payload)", direction)
    ~~~~~~~~~~~~~~~~~~~~~^^^^^^^^^^^^^^^^^^^^^^^^^^^^^^^^^^^^^^^^
  File "D:\AI\stm_microscope\ui\widgets.py", line 1337, in append
    cursor.movePosition(cursor.Start)
                        ^^^^^^^^^^^^
AttributeError: 'PySide6.QtGui.QTextCursor' object has no attribute 'Start'. Did you mean: 'atStart'?
2026-08-03 15:07:41,891 [ERROR] stm: Uncaught exception
Traceback (most recent call last):
  File "D:\AI\stm_microscope\ui\main_window.py", line 334, in _on_log_main
    self.log_panel.append(msg, category)
    ~~~~~~~~~~~~~~~~~~~~~^^^^^^^^^^^^^^^
  File "D:\AI\stm_microscope\ui\widgets.py", line 1337, in append
    cursor.movePosition(cursor.Start)
                        ^^^^^^^^^^^^
AttributeError: 'PySide6.QtGui.QTextCursor' object has no attribute 'Start'. Did you mean: 'atStart'?
2026-08-03 15:07:41,894 [ERROR] stm: Uncaught exception
Traceback (most recent call last):
  File "D:\AI\stm_microscope\ui\main_window.py", line 351, in _on_frame_log_main
    self.log_panel.append(f"{cmd_name}  (无 payload)", direction)
    ~~~~~~~~~~~~~~~~~~~~~^^^^^^^^^^^^^^^^^^^^^^^^^^^^^^^^^^^^^^^^
  File "D:\AI\stm_microscope\ui\widgets.py", line 1337, in append
    cursor.movePosition(cursor.Start)
                        ^^^^^^^^^^^^
AttributeError: 'PySide6.QtGui.QTextCursor' object has no attribute 'Start'. Did you mean: 'atStart'?
2026-08-03 15:07:41,898 [ERROR] stm: Uncaught exception
Traceback (most recent call last):
  File "D:\AI\stm_microscope\ui\main_window.py", line 334, in _on_log_main
    self.log_panel.append(msg, category)
    ~~~~~~~~~~~~~~~~~~~~~^^^^^^^^^^^^^^^
  File "D:\AI\stm_microscope\ui\widgets.py", line 1337, in append
    cursor.movePosition(cursor.Start)
                        ^^^^^^^^^^^^
AttributeError: 'PySide6.QtGui.QTextCursor' object has no attribute 'Start'. Did you mean: 'atStart'?
2026-08-03 15:07:41,903 [ERROR] stm: Uncaught exception
Traceback (most recent call last):
  File "D:\AI\stm_microscope\ui\main_window.py", line 351, in _on_frame_log_main
    self.log_panel.append(f"{cmd_name}  (无 payload)", direction)
    ~~~~~~~~~~~~~~~~~~~~~^^^^^^^^^^^^^^^^^^^^^^^^^^^^^^^^^^^^^^^^
  File "D:\AI\stm_microscope\ui\widgets.py", line 1337, in append
    cursor.movePosition(cursor.Start)
                        ^^^^^^^^^^^^
AttributeError: 'PySide6.QtGui.QTextCursor' object has no attribute 'Start'. Did you mean: 'atStart'?
2026-08-03 15:07:41,906 [ERROR] stm: Uncaught exception
Traceback (most recent call last):
  File "D:\AI\stm_microscope\ui\main_window.py", line 334, in _on_log_main
    self.log_panel.append(msg, category)
    ~~~~~~~~~~~~~~~~~~~~~^^^^^^^^^^^^^^^
  File "D:\AI\stm_microscope\ui\widgets.py", line 1337, in append
    cursor.movePosition(cursor.Start)
                        ^^^^^^^^^^^^
AttributeError: 'PySide6.QtGui.QTextCursor' object has no attribute 'Start'. Did you mean: 'atStart'?
2026-08-03 15:07:41,909 [ERROR] stm: Uncaught exception
Traceback (most recent call last):
  File "D:\AI\stm_microscope\ui\main_window.py", line 351, in _on_frame_log_main
    self.log_panel.append(f"{cmd_name}  (无 payload)", direction)
    ~~~~~~~~~~~~~~~~~~~~~^^^^^^^^^^^^^^^^^^^^^^^^^^^^^^^^^^^^^^^^
  File "D:\AI\stm_microscope\ui\widgets.py", line 1337, in append
    cursor.movePosition(cursor.Start)
                        ^^^^^^^^^^^^
AttributeError: 'PySide6.QtGui.QTextCursor' object has no attribute 'Start'. Did you mean: 'atStart'?
2026-08-03 15:07:41,911 [ERROR] stm: Uncaught exception
Traceback (most recent call last):
  File "D:\AI\stm_microscope\ui\main_window.py", line 334, in _on_log_main
    self.log_panel.append(msg, category)
    ~~~~~~~~~~~~~~~~~~~~~^^^^^^^^^^^^^^^
  File "D:\AI\stm_microscope\ui\widgets.py", line 1337, in append
    cursor.movePosition(cursor.Start)
                        ^^^^^^^^^^^^
AttributeError: 'PySide6.QtGui.QTextCursor' object has no attribute 'Start'. Did you mean: 'atStart'?
2026-08-03 15:07:41,913 [ERROR] stm: Uncaught exception
Traceback (most recent call last):
  File "D:\AI\stm_microscope\ui\main_window.py", line 351, in _on_frame_log_main
    self.log_panel.append(f"{cmd_name}  (无 payload)", direction)
    ~~~~~~~~~~~~~~~~~~~~~^^^^^^^^^^^^^^^^^^^^^^^^^^^^^^^^^^^^^^^^
  File "D:\AI\stm_microscope\ui\widgets.py", line 1337, in append
    cursor.movePosition(cursor.Start)
                        ^^^^^^^^^^^^
AttributeError: 'PySide6.QtGui.QTextCursor' object has no attribute 'Start'. Did you mean: 'atStart'?
2026-08-03 15:07:41,916 [ERROR] stm: Uncaught exception
Traceback (most recent call last):
  File "D:\AI\stm_microscope\ui\main_window.py", line 334, in _on_log_main
    self.log_panel.append(msg, category)
    ~~~~~~~~~~~~~~~~~~~~~^^^^^^^^^^^^^^^
  File "D:\AI\stm_microscope\ui\widgets.py", line 1337, in append
    cursor.movePosition(cursor.Start)
                        ^^^^^^^^^^^^
AttributeError: 'PySide6.QtGui.QTextCursor' object has no attribute 'Start'. Did you mean: 'atStart'?
2026-08-03 15:07:41,919 [ERROR] stm: Uncaught exception
Traceback (most recent call last):
  File "D:\AI\stm_microscope\ui\main_window.py", line 351, in _on_frame_log_main
    self.log_panel.append(f"{cmd_name}  (无 payload)", direction)
    ~~~~~~~~~~~~~~~~~~~~~^^^^^^^^^^^^^^^^^^^^^^^^^^^^^^^^^^^^^^^^
  File "D:\AI\stm_microscope\ui\widgets.py", line 1337, in append
    cursor.movePosition(cursor.Start)
                        ^^^^^^^^^^^^
AttributeError: 'PySide6.QtGui.QTextCursor' object has no attribute 'Start'. Did you mean: 'atStart'?
2026-08-03 15:07:41,921 [ERROR] stm: Uncaught exception
Traceback (most recent call last):
  File "D:\AI\stm_microscope\ui\main_window.py", line 334, in _on_log_main
    self.log_panel.append(msg, category)
    ~~~~~~~~~~~~~~~~~~~~~^^^^^^^^^^^^^^^
  File "D:\AI\stm_microscope\ui\widgets.py", line 1337, in append
    cursor.movePosition(cursor.Start)
                        ^^^^^^^^^^^^
AttributeError: 'PySide6.QtGui.QTextCursor' object has no attribute 'Start'. Did you mean: 'atStart'?
2026-08-03 15:07:41,923 [ERROR] stm: Uncaught exception
Traceback (most recent call last):
  File "D:\AI\stm_microscope\ui\main_window.py", line 351, in _on_frame_log_main
    self.log_panel.append(f"{cmd_name}  (无 payload)", direction)
    ~~~~~~~~~~~~~~~~~~~~~^^^^^^^^^^^^^^^^^^^^^^^^^^^^^^^^^^^^^^^^
  File "D:\AI\stm_microscope\ui\widgets.py", line 1337, in append
    cursor.movePosition(cursor.Start)
                        ^^^^^^^^^^^^
AttributeError: 'PySide6.QtGui.QTextCursor' object has no attribute 'Start'. Did you mean: 'atStart'?
2026-08-03 15:07:41,925 [ERROR] stm: Uncaught exception
Traceback (most recent call last):
  File "D:\AI\stm_microscope\ui\main_window.py", line 334, in _on_log_main
    self.log_panel.append(msg, category)
    ~~~~~~~~~~~~~~~~~~~~~^^^^^^^^^^^^^^^
  File "D:\AI\stm_microscope\ui\widgets.py", line 1337, in append
    cursor.movePosition(cursor.Start)
                        ^^^^^^^^^^^^
AttributeError: 'PySide6.QtGui.QTextCursor' object has no attribute 'Start'. Did you mean: 'atStart'?
2026-08-03 15:07:41,928 [ERROR] stm: Uncaught exception
Traceback (most recent call last):
  File "D:\AI\stm_microscope\ui\main_window.py", line 351, in _on_frame_log_main
    self.log_panel.append(f"{cmd_name}  (无 payload)", direction)
    ~~~~~~~~~~~~~~~~~~~~~^^^^^^^^^^^^^^^^^^^^^^^^^^^^^^^^^^^^^^^^
  File "D:\AI\stm_microscope\ui\widgets.py", line 1337, in append
    cursor.movePosition(cursor.Start)
                        ^^^^^^^^^^^^
AttributeError: 'PySide6.QtGui.QTextCursor' object has no attribute 'Start'. Did you mean: 'atStart'?
2026-08-03 15:07:41,930 [ERROR] stm: Uncaught exception
Traceback (most recent call last):
  File "D:\AI\stm_microscope\ui\main_window.py", line 334, in _on_log_main
    self.log_panel.append(msg, category)
    ~~~~~~~~~~~~~~~~~~~~~^^^^^^^^^^^^^^^
  File "D:\AI\stm_microscope\ui\widgets.py", line 1337, in append
    cursor.movePosition(cursor.Start)
                        ^^^^^^^^^^^^
AttributeError: 'PySide6.QtGui.QTextCursor' object has no attribute 'Start'. Did you mean: 'atStart'?
2026-08-03 15:07:41,932 [ERROR] stm: Uncaught exception
Traceback (most recent call last):
  File "D:\AI\stm_microscope\ui\main_window.py", line 351, in _on_frame_log_main
    self.log_panel.append(f"{cmd_name}  (无 payload)", direction)
    ~~~~~~~~~~~~~~~~~~~~~^^^^^^^^^^^^^^^^^^^^^^^^^^^^^^^^^^^^^^^^
  File "D:\AI\stm_microscope\ui\widgets.py", line 1337, in append
    cursor.movePosition(cursor.Start)
                        ^^^^^^^^^^^^
AttributeError: 'PySide6.QtGui.QTextCursor' object has no attribute 'Start'. Did you mean: 'atStart'?
2026-08-03 15:07:41,935 [ERROR] stm: Uncaught exception
Traceback (most recent call last):
  File "D:\AI\stm_microscope\ui\main_window.py", line 334, in _on_log_main
    self.log_panel.append(msg, category)
    ~~~~~~~~~~~~~~~~~~~~~^^^^^^^^^^^^^^^
  File "D:\AI\stm_microscope\ui\widgets.py", line 1337, in append
    cursor.movePosition(cursor.Start)
                        ^^^^^^^^^^^^
AttributeError: 'PySide6.QtGui.QTextCursor' object has no attribute 'Start'. Did you mean: 'atStart'?
2026-08-03 15:07:41,938 [ERROR] stm: Uncaught exception
Traceback (most recent call last):
  File "D:\AI\stm_microscope\ui\main_window.py", line 351, in _on_frame_log_main
    self.log_panel.append(f"{cmd_name}  (无 payload)", direction)
    ~~~~~~~~~~~~~~~~~~~~~^^^^^^^^^^^^^^^^^^^^^^^^^^^^^^^^^^^^^^^^
  File "D:\AI\stm_microscope\ui\widgets.py", line 1337, in append
    cursor.movePosition(cursor.Start)
                        ^^^^^^^^^^^^
AttributeError: 'PySide6.QtGui.QTextCursor' object has no attribute 'Start'. Did you mean: 'atStart'?
2026-08-03 15:07:41,940 [ERROR] stm: Uncaught exception
Traceback (most recent call last):
  File "D:\AI\stm_microscope\ui\main_window.py", line 334, in _on_log_main
    self.log_panel.append(msg, category)
    ~~~~~~~~~~~~~~~~~~~~~^^^^^^^^^^^^^^^
  File "D:\AI\stm_microscope\ui\widgets.py", line 1337, in append
    cursor.movePosition(cursor.Start)
                        ^^^^^^^^^^^^
AttributeError: 'PySide6.QtGui.QTextCursor' object has no attribute 'Start'. Did you mean: 'atStart'?
2026-08-03 15:07:41,943 [ERROR] stm: Uncaught exception
Traceback (most recent call last):
  File "D:\AI\stm_microscope\ui\main_window.py", line 351, in _on_frame_log_main
    self.log_panel.append(f"{cmd_name}  (无 payload)", direction)
    ~~~~~~~~~~~~~~~~~~~~~^^^^^^^^^^^^^^^^^^^^^^^^^^^^^^^^^^^^^^^^
  File "D:\AI\stm_microscope\ui\widgets.py", line 1337, in append
    cursor.movePosition(cursor.Start)
                        ^^^^^^^^^^^^
AttributeError: 'PySide6.QtGui.QTextCursor' object has no attribute 'Start'. Did you mean: 'atStart'?
2026-08-03 15:07:41,945 [ERROR] stm: Uncaught exception
Traceback (most recent call last):
  File "D:\AI\stm_microscope\ui\main_window.py", line 334, in _on_log_main
    self.log_panel.append(msg, category)
    ~~~~~~~~~~~~~~~~~~~~~^^^^^^^^^^^^^^^
  File "D:\AI\stm_microscope\ui\widgets.py", line 1337, in append
    cursor.movePosition(cursor.Start)
                        ^^^^^^^^^^^^
AttributeError: 'PySide6.QtGui.QTextCursor' object has no attribute 'Start'. Did you mean: 'atStart'?
2026-08-03 15:07:41,948 [ERROR] stm: Uncaught exception
Traceback (most recent call last):
  File "D:\AI\stm_microscope\ui\main_window.py", line 351, in _on_frame_log_main
    self.log_panel.append(f"{cmd_name}  (无 payload)", direction)
    ~~~~~~~~~~~~~~~~~~~~~^^^^^^^^^^^^^^^^^^^^^^^^^^^^^^^^^^^^^^^^
  File "D:\AI\stm_microscope\ui\widgets.py", line 1337, in append
    cursor.movePosition(cursor.Start)
                        ^^^^^^^^^^^^
AttributeError: 'PySide6.QtGui.QTextCursor' object has no attribute 'Start'. Did you mean: 'atStart'?
2026-08-03 15:07:41,951 [ERROR] stm: Uncaught exception
Traceback (most recent call last):
  File "D:\AI\stm_microscope\ui\main_window.py", line 334, in _on_log_main
    self.log_panel.append(msg, category)
    ~~~~~~~~~~~~~~~~~~~~~^^^^^^^^^^^^^^^
  File "D:\AI\stm_microscope\ui\widgets.py", line 1337, in append
    cursor.movePosition(cursor.Start)
                        ^^^^^^^^^^^^
AttributeError: 'PySide6.QtGui.QTextCursor' object has no attribute 'Start'. Did you mean: 'atStart'?
2026-08-03 15:07:41,954 [ERROR] stm: Uncaught exception
Traceback (most recent call last):
  File "D:\AI\stm_microscope\ui\main_window.py", line 351, in _on_frame_log_main
    self.log_panel.append(f"{cmd_name}  (无 payload)", direction)
    ~~~~~~~~~~~~~~~~~~~~~^^^^^^^^^^^^^^^^^^^^^^^^^^^^^^^^^^^^^^^^
  File "D:\AI\stm_microscope\ui\widgets.py", line 1337, in append
    cursor.movePosition(cursor.Start)
                        ^^^^^^^^^^^^
AttributeError: 'PySide6.QtGui.QTextCursor' object has no attribute 'Start'. Did you mean: 'atStart'?
2026-08-03 15:07:41,956 [ERROR] stm: Uncaught exception
Traceback (most recent call last):
  File "D:\AI\stm_microscope\ui\main_window.py", line 334, in _on_log_main
    self.log_panel.append(msg, category)
    ~~~~~~~~~~~~~~~~~~~~~^^^^^^^^^^^^^^^
  File "D:\AI\stm_microscope\ui\widgets.py", line 1337, in append
    cursor.movePosition(cursor.Start)
                        ^^^^^^^^^^^^
AttributeError: 'PySide6.QtGui.QTextCursor' object has no attribute 'Start'. Did you mean: 'atStart'?
2026-08-03 15:07:41,959 [ERROR] stm: Uncaught exception
Traceback (most recent call last):
  File "D:\AI\stm_microscope\ui\main_window.py", line 351, in _on_frame_log_main
    self.log_panel.append(f"{cmd_name}  (无 payload)", direction)
    ~~~~~~~~~~~~~~~~~~~~~^^^^^^^^^^^^^^^^^^^^^^^^^^^^^^^^^^^^^^^^
  File "D:\AI\stm_microscope\ui\widgets.py", line 1337, in append
    cursor.movePosition(cursor.Start)
                        ^^^^^^^^^^^^
AttributeError: 'PySide6.QtGui.QTextCursor' object has no attribute 'Start'. Did you mean: 'atStart'?
2026-08-03 15:07:41,961 [ERROR] stm: Uncaught exception
Traceback (most recent call last):
  File "D:\AI\stm_microscope\ui\main_window.py", line 334, in _on_log_main
    self.log_panel.append(msg, category)
    ~~~~~~~~~~~~~~~~~~~~~^^^^^^^^^^^^^^^
  File "D:\AI\stm_microscope\ui\widgets.py", line 1337, in append
    cursor.movePosition(cursor.Start)
                        ^^^^^^^^^^^^
AttributeError: 'PySide6.QtGui.QTextCursor' object has no attribute 'Start'. Did you mean: 'atStart'?
2026-08-03 15:07:41,964 [ERROR] stm: Uncaught exception
Traceback (most recent call last):
  File "D:\AI\stm_microscope\ui\main_window.py", line 351, in _on_frame_log_main
    self.log_panel.append(f"{cmd_name}  (无 payload)", direction)
    ~~~~~~~~~~~~~~~~~~~~~^^^^^^^^^^^^^^^^^^^^^^^^^^^^^^^^^^^^^^^^
  File "D:\AI\stm_microscope\ui\widgets.py", line 1337, in append
    cursor.movePosition(cursor.Start)
                        ^^^^^^^^^^^^
AttributeError: 'PySide6.QtGui.QTextCursor' object has no attribute 'Start'. Did you mean: 'atStart'?
2026-08-03 15:07:41,966 [ERROR] stm: Uncaught exception
Traceback (most recent call last):
  File "D:\AI\stm_microscope\ui\main_window.py", line 334, in _on_log_main
    self.log_panel.append(msg, category)
    ~~~~~~~~~~~~~~~~~~~~~^^^^^^^^^^^^^^^
  File "D:\AI\stm_microscope\ui\widgets.py", line 1337, in append
    cursor.movePosition(cursor.Start)
                        ^^^^^^^^^^^^
AttributeError: 'PySide6.QtGui.QTextCursor' object has no attribute 'Start'. Did you mean: 'atStart'?
2026-08-03 15:07:41,969 [ERROR] stm: Uncaught exception
Traceback (most recent call last):
  File "D:\AI\stm_microscope\ui\main_window.py", line 351, in _on_frame_log_main
    self.log_panel.append(f"{cmd_name}  (无 payload)", direction)
    ~~~~~~~~~~~~~~~~~~~~~^^^^^^^^^^^^^^^^^^^^^^^^^^^^^^^^^^^^^^^^
  File "D:\AI\stm_microscope\ui\widgets.py", line 1337, in append
    cursor.movePosition(cursor.Start)
                        ^^^^^^^^^^^^
AttributeError: 'PySide6.QtGui.QTextCursor' object has no attribute 'Start'. Did you mean: 'atStart'?
2026-08-03 15:07:41,971 [ERROR] stm: Uncaught exception
Traceback (most recent call last):
  File "D:\AI\stm_microscope\ui\main_window.py", line 334, in _on_log_main
    self.log_panel.append(msg, category)
    ~~~~~~~~~~~~~~~~~~~~~^^^^^^^^^^^^^^^
  File "D:\AI\stm_microscope\ui\widgets.py", line 1337, in append
    cursor.movePosition(cursor.Start)
                        ^^^^^^^^^^^^
AttributeError: 'PySide6.QtGui.QTextCursor' object has no attribute 'Start'. Did you mean: 'atStart'?
2026-08-03 15:07:41,973 [ERROR] stm: Uncaught exception
Traceback (most recent call last):
  File "D:\AI\stm_microscope\ui\main_window.py", line 351, in _on_frame_log_main
    self.log_panel.append(f"{cmd_name}  (无 payload)", direction)
    ~~~~~~~~~~~~~~~~~~~~~^^^^^^^^^^^^^^^^^^^^^^^^^^^^^^^^^^^^^^^^
  File "D:\AI\stm_microscope\ui\widgets.py", line 1337, in append
    cursor.movePosition(cursor.Start)
                        ^^^^^^^^^^^^
AttributeError: 'PySide6.QtGui.QTextCursor' object has no attribute 'Start'. Did you mean: 'atStart'?
2026-08-03 15:07:41,975 [ERROR] stm: Uncaught exception
Traceback (most recent call last):
  File "D:\AI\stm_microscope\ui\main_window.py", line 334, in _on_log_main
    self.log_panel.append(msg, category)
    ~~~~~~~~~~~~~~~~~~~~~^^^^^^^^^^^^^^^
  File "D:\AI\stm_microscope\ui\widgets.py", line 1337, in append
    cursor.movePosition(cursor.Start)
                        ^^^^^^^^^^^^
AttributeError: 'PySide6.QtGui.QTextCursor' object has no attribute 'Start'. Did you mean: 'atStart'?
2026-08-03 15:07:41,978 [ERROR] stm: Uncaught exception
Traceback (most recent call last):
  File "D:\AI\stm_microscope\ui\main_window.py", line 351, in _on_frame_log_main
    self.log_panel.append(f"{cmd_name}  (无 payload)", direction)
    ~~~~~~~~~~~~~~~~~~~~~^^^^^^^^^^^^^^^^^^^^^^^^^^^^^^^^^^^^^^^^
  File "D:\AI\stm_microscope\ui\widgets.py", line 1337, in append
    cursor.movePosition(cursor.Start)
                        ^^^^^^^^^^^^
AttributeError: 'PySide6.QtGui.QTextCursor' object has no attribute 'Start'. Did you mean: 'atStart'?
2026-08-03 15:07:41,980 [ERROR] stm: Uncaught exception
Traceback (most recent call last):
  File "D:\AI\stm_microscope\ui\main_window.py", line 334, in _on_log_main
    self.log_panel.append(msg, category)
    ~~~~~~~~~~~~~~~~~~~~~^^^^^^^^^^^^^^^
  File "D:\AI\stm_microscope\ui\widgets.py", line 1337, in append
    cursor.movePosition(cursor.Start)
                        ^^^^^^^^^^^^
AttributeError: 'PySide6.QtGui.QTextCursor' object has no attribute 'Start'. Did you mean: 'atStart'?
2026-08-03 15:07:41,983 [ERROR] stm: Uncaught exception
Traceback (most recent call last):
  File "D:\AI\stm_microscope\ui\main_window.py", line 351, in _on_frame_log_main
    self.log_panel.append(f"{cmd_name}  (无 payload)", direction)
    ~~~~~~~~~~~~~~~~~~~~~^^^^^^^^^^^^^^^^^^^^^^^^^^^^^^^^^^^^^^^^
  File "D:\AI\stm_microscope\ui\widgets.py", line 1337, in append
    cursor.movePosition(cursor.Start)
                        ^^^^^^^^^^^^
AttributeError: 'PySide6.QtGui.QTextCursor' object has no attribute 'Start'. Did you mean: 'atStart'?
2026-08-03 15:07:41,985 [ERROR] stm: Uncaught exception
Traceback (most recent call last):
  File "D:\AI\stm_microscope\ui\main_window.py", line 334, in _on_log_main
    self.log_panel.append(msg, category)
    ~~~~~~~~~~~~~~~~~~~~~^^^^^^^^^^^^^^^
  File "D:\AI\stm_microscope\ui\widgets.py", line 1337, in append
    cursor.movePosition(cursor.Start)
                        ^^^^^^^^^^^^
AttributeError: 'PySide6.QtGui.QTextCursor' object has no attribute 'Start'. Did you mean: 'atStart'?
2026-08-03 15:07:41,987 [ERROR] stm: Uncaught exception
Traceback (most recent call last):
  File "D:\AI\stm_microscope\ui\main_window.py", line 351, in _on_frame_log_main
    self.log_panel.append(f"{cmd_name}  (无 payload)", direction)
    ~~~~~~~~~~~~~~~~~~~~~^^^^^^^^^^^^^^^^^^^^^^^^^^^^^^^^^^^^^^^^
  File "D:\AI\stm_microscope\ui\widgets.py", line 1337, in append
    cursor.movePosition(cursor.Start)
                        ^^^^^^^^^^^^
AttributeError: 'PySide6.QtGui.QTextCursor' object has no attribute 'Start'. Did you mean: 'atStart'?
2026-08-03 15:07:41,990 [ERROR] stm: Uncaught exception
Traceback (most recent call last):
  File "D:\AI\stm_microscope\ui\main_window.py", line 334, in _on_log_main
    self.log_panel.append(msg, category)
    ~~~~~~~~~~~~~~~~~~~~~^^^^^^^^^^^^^^^
  File "D:\AI\stm_microscope\ui\widgets.py", line 1337, in append
    cursor.movePosition(cursor.Start)
                        ^^^^^^^^^^^^
AttributeError: 'PySide6.QtGui.QTextCursor' object has no attribute 'Start'. Did you mean: 'atStart'?
2026-08-03 15:07:41,992 [ERROR] stm: Uncaught exception
Traceback (most recent call last):
  File "D:\AI\stm_microscope\ui\main_window.py", line 351, in _on_frame_log_main
    self.log_panel.append(f"{cmd_name}  (无 payload)", direction)
    ~~~~~~~~~~~~~~~~~~~~~^^^^^^^^^^^^^^^^^^^^^^^^^^^^^^^^^^^^^^^^
  File "D:\AI\stm_microscope\ui\widgets.py", line 1337, in append
    cursor.movePosition(cursor.Start)
                        ^^^^^^^^^^^^
AttributeError: 'PySide6.QtGui.QTextCursor' object has no attribute 'Start'. Did you mean: 'atStart'?
2026-08-03 15:07:41,994 [ERROR] stm: Uncaught exception
Traceback (most recent call last):
  File "D:\AI\stm_microscope\ui\main_window.py", line 334, in _on_log_main
    self.log_panel.append(msg, category)
    ~~~~~~~~~~~~~~~~~~~~~^^^^^^^^^^^^^^^
  File "D:\AI\stm_microscope\ui\widgets.py", line 1337, in append
    cursor.movePosition(cursor.Start)
                        ^^^^^^^^^^^^
AttributeError: 'PySide6.QtGui.QTextCursor' object has no attribute 'Start'. Did you mean: 'atStart'?
2026-08-03 15:07:41,997 [ERROR] stm: Uncaught exception
Traceback (most recent call last):
  File "D:\AI\stm_microscope\ui\main_window.py", line 351, in _on_frame_log_main
    self.log_panel.append(f"{cmd_name}  (无 payload)", direction)
    ~~~~~~~~~~~~~~~~~~~~~^^^^^^^^^^^^^^^^^^^^^^^^^^^^^^^^^^^^^^^^
  File "D:\AI\stm_microscope\ui\widgets.py", line 1337, in append
    cursor.movePosition(cursor.Start)
                        ^^^^^^^^^^^^
AttributeError: 'PySide6.QtGui.QTextCursor' object has no attribute 'Start'. Did you mean: 'atStart'?
2026-08-03 15:07:42,000 [ERROR] stm: Uncaught exception
Traceback (most recent call last):
  File "D:\AI\stm_microscope\ui\main_window.py", line 334, in _on_log_main
    self.log_panel.append(msg, category)
    ~~~~~~~~~~~~~~~~~~~~~^^^^^^^^^^^^^^^
  File "D:\AI\stm_microscope\ui\widgets.py", line 1337, in append
    cursor.movePosition(cursor.Start)
                        ^^^^^^^^^^^^
AttributeError: 'PySide6.QtGui.QTextCursor' object has no attribute 'Start'. Did you mean: 'atStart'?
2026-08-03 15:07:42,003 [ERROR] stm: Uncaught exception
Traceback (most recent call last):
  File "D:\AI\stm_microscope\ui\main_window.py", line 351, in _on_frame_log_main
    self.log_panel.append(f"{cmd_name}  (无 payload)", direction)
    ~~~~~~~~~~~~~~~~~~~~~^^^^^^^^^^^^^^^^^^^^^^^^^^^^^^^^^^^^^^^^
  File "D:\AI\stm_microscope\ui\widgets.py", line 1337, in append
    cursor.movePosition(cursor.Start)
                        ^^^^^^^^^^^^
AttributeError: 'PySide6.QtGui.QTextCursor' object has no attribute 'Start'. Did you mean: 'atStart'?
2026-08-03 15:07:42,005 [ERROR] stm: Uncaught exception
Traceback (most recent call last):
  File "D:\AI\stm_microscope\ui\main_window.py", line 334, in _on_log_main
    self.log_panel.append(msg, category)
    ~~~~~~~~~~~~~~~~~~~~~^^^^^^^^^^^^^^^
  File "D:\AI\stm_microscope\ui\widgets.py", line 1337, in append
    cursor.movePosition(cursor.Start)
                        ^^^^^^^^^^^^
AttributeError: 'PySide6.QtGui.QTextCursor' object has no attribute 'Start'. Did you mean: 'atStart'?
2026-08-03 15:07:42,008 [ERROR] stm: Uncaught exception
Traceback (most recent call last):
  File "D:\AI\stm_microscope\ui\main_window.py", line 351, in _on_frame_log_main
    self.log_panel.append(f"{cmd_name}  (无 payload)", direction)
    ~~~~~~~~~~~~~~~~~~~~~^^^^^^^^^^^^^^^^^^^^^^^^^^^^^^^^^^^^^^^^
  File "D:\AI\stm_microscope\ui\widgets.py", line 1337, in append
    cursor.movePosition(cursor.Start)
                        ^^^^^^^^^^^^
AttributeError: 'PySide6.QtGui.QTextCursor' object has no attribute 'Start'. Did you mean: 'atStart'?
2026-08-03 15:07:42,010 [ERROR] stm: Uncaught exception
Traceback (most recent call last):
  File "D:\AI\stm_microscope\ui\main_window.py", line 334, in _on_log_main
    self.log_panel.append(msg, category)
    ~~~~~~~~~~~~~~~~~~~~~^^^^^^^^^^^^^^^
  File "D:\AI\stm_microscope\ui\widgets.py", line 1337, in append
    cursor.movePosition(cursor.Start)
                        ^^^^^^^^^^^^
AttributeError: 'PySide6.QtGui.QTextCursor' object has no attribute 'Start'. Did you mean: 'atStart'?
2026-08-03 15:07:42,012 [ERROR] stm: Uncaught exception
Traceback (most recent call last):
  File "D:\AI\stm_microscope\ui\main_window.py", line 351, in _on_frame_log_main
    self.log_panel.append(f"{cmd_name}  (无 payload)", direction)
    ~~~~~~~~~~~~~~~~~~~~~^^^^^^^^^^^^^^^^^^^^^^^^^^^^^^^^^^^^^^^^
  File "D:\AI\stm_microscope\ui\widgets.py", line 1337, in append
    cursor.movePosition(cursor.Start)
                        ^^^^^^^^^^^^
AttributeError: 'PySide6.QtGui.QTextCursor' object has no attribute 'Start'. Did you mean: 'atStart'?
2026-08-03 15:07:42,015 [ERROR] stm: Uncaught exception
Traceback (most recent call last):
  File "D:\AI\stm_microscope\ui\main_window.py", line 334, in _on_log_main
    self.log_panel.append(msg, category)
    ~~~~~~~~~~~~~~~~~~~~~^^^^^^^^^^^^^^^
  File "D:\AI\stm_microscope\ui\widgets.py", line 1337, in append
    cursor.movePosition(cursor.Start)
                        ^^^^^^^^^^^^
AttributeError: 'PySide6.QtGui.QTextCursor' object has no attribute 'Start'. Did you mean: 'atStart'?
2026-08-03 15:07:42,018 [ERROR] stm: Uncaught exception
Traceback (most recent call last):
  File "D:\AI\stm_microscope\ui\main_window.py", line 351, in _on_frame_log_main
    self.log_panel.append(f"{cmd_name}  (无 payload)", direction)
    ~~~~~~~~~~~~~~~~~~~~~^^^^^^^^^^^^^^^^^^^^^^^^^^^^^^^^^^^^^^^^
  File "D:\AI\stm_microscope\ui\widgets.py", line 1337, in append
    cursor.movePosition(cursor.Start)
                        ^^^^^^^^^^^^
AttributeError: 'PySide6.QtGui.QTextCursor' object has no attribute 'Start'. Did you mean: 'atStart'?
2026-08-03 15:07:42,020 [ERROR] stm: Uncaught exception
Traceback (most recent call last):
  File "D:\AI\stm_microscope\ui\main_window.py", line 334, in _on_log_main
    self.log_panel.append(msg, category)
    ~~~~~~~~~~~~~~~~~~~~~^^^^^^^^^^^^^^^
  File "D:\AI\stm_microscope\ui\widgets.py", line 1337, in append
    cursor.movePosition(cursor.Start)
                        ^^^^^^^^^^^^
AttributeError: 'PySide6.QtGui.QTextCursor' object has no attribute 'Start'. Did you mean: 'atStart'?
2026-08-03 15:07:42,022 [ERROR] stm: Uncaught exception
Traceback (most recent call last):
  File "D:\AI\stm_microscope\ui\main_window.py", line 351, in _on_frame_log_main
    self.log_panel.append(f"{cmd_name}  (无 payload)", direction)
    ~~~~~~~~~~~~~~~~~~~~~^^^^^^^^^^^^^^^^^^^^^^^^^^^^^^^^^^^^^^^^
  File "D:\AI\stm_microscope\ui\widgets.py", line 1337, in append
    cursor.movePosition(cursor.Start)
                        ^^^^^^^^^^^^
AttributeError: 'PySide6.QtGui.QTextCursor' object has no attribute 'Start'. Did you mean: 'atStart'?
2026-08-03 15:07:42,024 [ERROR] stm: Uncaught exception
Traceback (most recent call last):
  File "D:\AI\stm_microscope\ui\main_window.py", line 334, in _on_log_main
    self.log_panel.append(msg, category)
    ~~~~~~~~~~~~~~~~~~~~~^^^^^^^^^^^^^^^
  File "D:\AI\stm_microscope\ui\widgets.py", line 1337, in append
    cursor.movePosition(cursor.Start)
                        ^^^^^^^^^^^^
AttributeError: 'PySide6.QtGui.QTextCursor' object has no attribute 'Start'. Did you mean: 'atStart'?
2026-08-03 15:07:42,027 [ERROR] stm: Uncaught exception
Traceback (most recent call last):
  File "D:\AI\stm_microscope\ui\main_window.py", line 351, in _on_frame_log_main
    self.log_panel.append(f"{cmd_name}  (无 payload)", direction)
    ~~~~~~~~~~~~~~~~~~~~~^^^^^^^^^^^^^^^^^^^^^^^^^^^^^^^^^^^^^^^^
  File "D:\AI\stm_microscope\ui\widgets.py", line 1337, in append
    cursor.movePosition(cursor.Start)
                        ^^^^^^^^^^^^
AttributeError: 'PySide6.QtGui.QTextCursor' object has no attribute 'Start'. Did you mean: 'atStart'?
2026-08-03 15:07:42,030 [ERROR] stm: Uncaught exception
Traceback (most recent call last):
  File "D:\AI\stm_microscope\ui\main_window.py", line 334, in _on_log_main
    self.log_panel.append(msg, category)
    ~~~~~~~~~~~~~~~~~~~~~^^^^^^^^^^^^^^^
  File "D:\AI\stm_microscope\ui\widgets.py", line 1337, in append
    cursor.movePosition(cursor.Start)
                        ^^^^^^^^^^^^
AttributeError: 'PySide6.QtGui.QTextCursor' object has no attribute 'Start'. Did you mean: 'atStart'?
2026-08-03 15:07:42,033 [ERROR] stm: Uncaught exception
Traceback (most recent call last):
  File "D:\AI\stm_microscope\ui\main_window.py", line 351, in _on_frame_log_main
    self.log_panel.append(f"{cmd_name}  (无 payload)", direction)
    ~~~~~~~~~~~~~~~~~~~~~^^^^^^^^^^^^^^^^^^^^^^^^^^^^^^^^^^^^^^^^
  File "D:\AI\stm_microscope\ui\widgets.py", line 1337, in append
    cursor.movePosition(cursor.Start)
                        ^^^^^^^^^^^^
AttributeError: 'PySide6.QtGui.QTextCursor' object has no attribute 'Start'. Did you mean: 'atStart'?
2026-08-03 15:07:42,035 [ERROR] stm: Uncaught exception
Traceback (most recent call last):
  File "D:\AI\stm_microscope\ui\main_window.py", line 334, in _on_log_main
    self.log_panel.append(msg, category)
    ~~~~~~~~~~~~~~~~~~~~~^^^^^^^^^^^^^^^
  File "D:\AI\stm_microscope\ui\widgets.py", line 1337, in append
    cursor.movePosition(cursor.Start)
                        ^^^^^^^^^^^^
AttributeError: 'PySide6.QtGui.QTextCursor' object has no attribute 'Start'. Did you mean: 'atStart'?
2026-08-03 15:07:42,037 [ERROR] stm: Uncaught exception
Traceback (most recent call last):
  File "D:\AI\stm_microscope\ui\main_window.py", line 351, in _on_frame_log_main
    self.log_panel.append(f"{cmd_name}  (无 payload)", direction)
    ~~~~~~~~~~~~~~~~~~~~~^^^^^^^^^^^^^^^^^^^^^^^^^^^^^^^^^^^^^^^^
  File "D:\AI\stm_microscope\ui\widgets.py", line 1337, in append
    cursor.movePosition(cursor.Start)
                        ^^^^^^^^^^^^
AttributeError: 'PySide6.QtGui.QTextCursor' object has no attribute 'Start'. Did you mean: 'atStart'?
2026-08-03 15:07:42,040 [ERROR] stm: Uncaught exception
Traceback (most recent call last):
  File "D:\AI\stm_microscope\ui\main_window.py", line 334, in _on_log_main
    self.log_panel.append(msg, category)
    ~~~~~~~~~~~~~~~~~~~~~^^^^^^^^^^^^^^^
  File "D:\AI\stm_microscope\ui\widgets.py", line 1337, in append
    cursor.movePosition(cursor.Start)
                        ^^^^^^^^^^^^
AttributeError: 'PySide6.QtGui.QTextCursor' object has no attribute 'Start'. Did you mean: 'atStart'?
2026-08-03 15:07:42,042 [ERROR] stm: Uncaught exception
Traceback (most recent call last):
  File "D:\AI\stm_microscope\ui\main_window.py", line 351, in _on_frame_log_main
    self.log_panel.append(f"{cmd_name}  (无 payload)", direction)
    ~~~~~~~~~~~~~~~~~~~~~^^^^^^^^^^^^^^^^^^^^^^^^^^^^^^^^^^^^^^^^
  File "D:\AI\stm_microscope\ui\widgets.py", line 1337, in append
    cursor.movePosition(cursor.Start)
                        ^^^^^^^^^^^^
AttributeError: 'PySide6.QtGui.QTextCursor' object has no attribute 'Start'. Did you mean: 'atStart'?
2026-08-03 15:07:42,044 [ERROR] stm: Uncaught exception
Traceback (most recent call last):
  File "D:\AI\stm_microscope\ui\main_window.py", line 334, in _on_log_main
    self.log_panel.append(msg, category)
    ~~~~~~~~~~~~~~~~~~~~~^^^^^^^^^^^^^^^
  File "D:\AI\stm_microscope\ui\widgets.py", line 1337, in append
    cursor.movePosition(cursor.Start)
                        ^^^^^^^^^^^^
AttributeError: 'PySide6.QtGui.QTextCursor' object has no attribute 'Start'. Did you mean: 'atStart'?
2026-08-03 15:07:42,047 [ERROR] stm: Uncaught exception
Traceback (most recent call last):
  File "D:\AI\stm_microscope\ui\main_window.py", line 351, in _on_frame_log_main
    self.log_panel.append(f"{cmd_name}  (无 payload)", direction)
    ~~~~~~~~~~~~~~~~~~~~~^^^^^^^^^^^^^^^^^^^^^^^^^^^^^^^^^^^^^^^^
  File "D:\AI\stm_microscope\ui\widgets.py", line 1337, in append
    cursor.movePosition(cursor.Start)
                        ^^^^^^^^^^^^
AttributeError: 'PySide6.QtGui.QTextCursor' object has no attribute 'Start'. Did you mean: 'atStart'?
2026-08-03 15:07:42,049 [ERROR] stm: Uncaught exception
Traceback (most recent call last):
  File "D:\AI\stm_microscope\ui\main_window.py", line 334, in _on_log_main
    self.log_panel.append(msg, category)
    ~~~~~~~~~~~~~~~~~~~~~^^^^^^^^^^^^^^^
  File "D:\AI\stm_microscope\ui\widgets.py", line 1337, in append
    cursor.movePosition(cursor.Start)
                        ^^^^^^^^^^^^
AttributeError: 'PySide6.QtGui.QTextCursor' object has no attribute 'Start'. Did you mean: 'atStart'?
2026-08-03 15:07:42,052 [ERROR] stm: Uncaught exception
Traceback (most recent call last):
  File "D:\AI\stm_microscope\ui\main_window.py", line 351, in _on_frame_log_main
    self.log_panel.append(f"{cmd_name}  (无 payload)", direction)
    ~~~~~~~~~~~~~~~~~~~~~^^^^^^^^^^^^^^^^^^^^^^^^^^^^^^^^^^^^^^^^
  File "D:\AI\stm_microscope\ui\widgets.py", line 1337, in append
    cursor.movePosition(cursor.Start)
                        ^^^^^^^^^^^^
AttributeError: 'PySide6.QtGui.QTextCursor' object has no attribute 'Start'. Did you mean: 'atStart'?
2026-08-03 15:07:42,054 [ERROR] stm: Uncaught exception
Traceback (most recent call last):
  File "D:\AI\stm_microscope\ui\main_window.py", line 334, in _on_log_main
    self.log_panel.append(msg, category)
    ~~~~~~~~~~~~~~~~~~~~~^^^^^^^^^^^^^^^
  File "D:\AI\stm_microscope\ui\widgets.py", line 1337, in append
    cursor.movePosition(cursor.Start)
                        ^^^^^^^^^^^^
AttributeError: 'PySide6.QtGui.QTextCursor' object has no attribute 'Start'. Did you mean: 'atStart'?
2026-08-03 15:07:42,057 [ERROR] stm: Uncaught exception
Traceback (most recent call last):
  File "D:\AI\stm_microscope\ui\main_window.py", line 351, in _on_frame_log_main
    self.log_panel.append(f"{cmd_name}  (无 payload)", direction)
    ~~~~~~~~~~~~~~~~~~~~~^^^^^^^^^^^^^^^^^^^^^^^^^^^^^^^^^^^^^^^^
  File "D:\AI\stm_microscope\ui\widgets.py", line 1337, in append
    cursor.movePosition(cursor.Start)
                        ^^^^^^^^^^^^
AttributeError: 'PySide6.QtGui.QTextCursor' object has no attribute 'Start'. Did you mean: 'atStart'?
2026-08-03 15:07:42,059 [ERROR] stm: Uncaught exception
Traceback (most recent call last):
  File "D:\AI\stm_microscope\ui\main_window.py", line 334, in _on_log_main
    self.log_panel.append(msg, category)
    ~~~~~~~~~~~~~~~~~~~~~^^^^^^^^^^^^^^^
  File "D:\AI\stm_microscope\ui\widgets.py", line 1337, in append
    cursor.movePosition(cursor.Start)
                        ^^^^^^^^^^^^
AttributeError: 'PySide6.QtGui.QTextCursor' object has no attribute 'Start'. Did you mean: 'atStart'?
2026-08-03 15:07:42,062 [ERROR] stm: Uncaught exception
Traceback (most recent call last):
  File "D:\AI\stm_microscope\ui\main_window.py", line 351, in _on_frame_log_main
    self.log_panel.append(f"{cmd_name}  (无 payload)", direction)
    ~~~~~~~~~~~~~~~~~~~~~^^^^^^^^^^^^^^^^^^^^^^^^^^^^^^^^^^^^^^^^
  File "D:\AI\stm_microscope\ui\widgets.py", line 1337, in append
    cursor.movePosition(cursor.Start)
                        ^^^^^^^^^^^^
AttributeError: 'PySide6.QtGui.QTextCursor' object has no attribute 'Start'. Did you mean: 'atStart'?
2026-08-03 15:07:42,064 [ERROR] stm: Uncaught exception
Traceback (most recent call last):
  File "D:\AI\stm_microscope\ui\main_window.py", line 334, in _on_log_main
    self.log_panel.append(msg, category)
    ~~~~~~~~~~~~~~~~~~~~~^^^^^^^^^^^^^^^
  File "D:\AI\stm_microscope\ui\widgets.py", line 1337, in append
    cursor.movePosition(cursor.Start)
                        ^^^^^^^^^^^^
AttributeError: 'PySide6.QtGui.QTextCursor' object has no attribute 'Start'. Did you mean: 'atStart'?
2026-08-03 15:07:42,067 [ERROR] stm: Uncaught exception
Traceback (most recent call last):
  File "D:\AI\stm_microscope\ui\main_window.py", line 351, in _on_frame_log_main
    self.log_panel.append(f"{cmd_name}  (无 payload)", direction)
    ~~~~~~~~~~~~~~~~~~~~~^^^^^^^^^^^^^^^^^^^^^^^^^^^^^^^^^^^^^^^^
  File "D:\AI\stm_microscope\ui\widgets.py", line 1337, in append
    cursor.movePosition(cursor.Start)
                        ^^^^^^^^^^^^
AttributeError: 'PySide6.QtGui.QTextCursor' object has no attribute 'Start'. Did you mean: 'atStart'?
2026-08-03 15:07:42,069 [ERROR] stm: Uncaught exception
Traceback (most recent call last):
  File "D:\AI\stm_microscope\ui\main_window.py", line 334, in _on_log_main
    self.log_panel.append(msg, category)
    ~~~~~~~~~~~~~~~~~~~~~^^^^^^^^^^^^^^^
  File "D:\AI\stm_microscope\ui\widgets.py", line 1337, in append
    cursor.movePosition(cursor.Start)
                        ^^^^^^^^^^^^
AttributeError: 'PySide6.QtGui.QTextCursor' object has no attribute 'Start'. Did you mean: 'atStart'?
2026-08-03 15:07:42,702 [ERROR] stm: Uncaught exception
Traceback (most recent call last):
  File "D:\AI\stm_microscope\ui\main_window.py", line 351, in _on_frame_log_main
    self.log_panel.append(f"{cmd_name}  (无 payload)", direction)
    ~~~~~~~~~~~~~~~~~~~~~^^^^^^^^^^^^^^^^^^^^^^^^^^^^^^^^^^^^^^^^
  File "D:\AI\stm_microscope\ui\widgets.py", line 1337, in append
    cursor.movePosition(cursor.Start)
                        ^^^^^^^^^^^^
AttributeError: 'PySide6.QtGui.QTextCursor' object has no attribute 'Start'. Did you mean: 'atStart'?
2026-08-03 15:07:42,705 [ERROR] stm: Uncaught exception
Traceback (most recent call last):
  File "D:\AI\stm_microscope\ui\main_window.py", line 334, in _on_log_main
    self.log_panel.append(msg, category)
    ~~~~~~~~~~~~~~~~~~~~~^^^^^^^^^^^^^^^
  File "D:\AI\stm_microscope\ui\widgets.py", line 1337, in append
    cursor.movePosition(cursor.Start)
                        ^^^^^^^^^^^^
AttributeError: 'PySide6.QtGui.QTextCursor' object has no attribute 'Start'. Did you mean: 'atStart'?
2026-08-03 15:07:42,744 [ERROR] stm: Uncaught exception
Traceback (most recent call last):
  File "D:\AI\stm_microscope\ui\main_window.py", line 351, in _on_frame_log_main
    self.log_panel.append(f"{cmd_name}  (无 payload)", direction)
    ~~~~~~~~~~~~~~~~~~~~~^^^^^^^^^^^^^^^^^^^^^^^^^^^^^^^^^^^^^^^^
  File "D:\AI\stm_microscope\ui\widgets.py", line 1337, in append
    cursor.movePosition(cursor.Start)
                        ^^^^^^^^^^^^
AttributeError: 'PySide6.QtGui.QTextCursor' object has no attribute 'Start'. Did you mean: 'atStart'?
2026-08-03 15:07:42,747 [ERROR] stm: Uncaught exception
Traceback (most recent call last):
  File "D:\AI\stm_microscope\ui\main_window.py", line 334, in _on_log_main
    self.log_panel.append(msg, category)
    ~~~~~~~~~~~~~~~~~~~~~^^^^^^^^^^^^^^^
  File "D:\AI\stm_microscope\ui\widgets.py", line 1337, in append
    cursor.movePosition(cursor.Start)
                        ^^^^^^^^^^^^
AttributeError: 'PySide6.QtGui.QTextCursor' object has no attribute 'Start'. Did you mean: 'atStart'?
2026-08-03 15:07:42,750 [ERROR] stm: Uncaught exception
Traceback (most recent call last):
  File "D:\AI\stm_microscope\ui\main_window.py", line 351, in _on_frame_log_main
    self.log_panel.append(f"{cmd_name}  (无 payload)", direction)
    ~~~~~~~~~~~~~~~~~~~~~^^^^^^^^^^^^^^^^^^^^^^^^^^^^^^^^^^^^^^^^
  File "D:\AI\stm_microscope\ui\widgets.py", line 1337, in append
    cursor.movePosition(cursor.Start)
                        ^^^^^^^^^^^^
AttributeError: 'PySide6.QtGui.QTextCursor' object has no attribute 'Start'. Did you mean: 'atStart'?
2026-08-03 15:07:42,753 [ERROR] stm: Uncaught exception
Traceback (most recent call last):
  File "D:\AI\stm_microscope\ui\main_window.py", line 334, in _on_log_main
    self.log_panel.append(msg, category)
    ~~~~~~~~~~~~~~~~~~~~~^^^^^^^^^^^^^^^
  File "D:\AI\stm_microscope\ui\widgets.py", line 1337, in append
    cursor.movePosition(cursor.Start)
                        ^^^^^^^^^^^^
AttributeError: 'PySide6.QtGui.QTextCursor' object has no attribute 'Start'. Did you mean: 'atStart'?
2026-08-03 15:07:42,756 [ERROR] stm: Uncaught exception
Traceback (most recent call last):
  File "D:\AI\stm_microscope\ui\main_window.py", line 351, in _on_frame_log_main
    self.log_panel.append(f"{cmd_name}  (无 payload)", direction)
    ~~~~~~~~~~~~~~~~~~~~~^^^^^^^^^^^^^^^^^^^^^^^^^^^^^^^^^^^^^^^^
  File "D:\AI\stm_microscope\ui\widgets.py", line 1337, in append
    cursor.movePosition(cursor.Start)
                        ^^^^^^^^^^^^
AttributeError: 'PySide6.QtGui.QTextCursor' object has no attribute 'Start'. Did you mean: 'atStart'?
2026-08-03 15:07:42,758 [ERROR] stm: Uncaught exception
Traceback (most recent call last):
  File "D:\AI\stm_microscope\ui\main_window.py", line 334, in _on_log_main
    self.log_panel.append(msg, category)
    ~~~~~~~~~~~~~~~~~~~~~^^^^^^^^^^^^^^^
  File "D:\AI\stm_microscope\ui\widgets.py", line 1337, in append
    cursor.movePosition(cursor.Start)
                        ^^^^^^^^^^^^
AttributeError: 'PySide6.QtGui.QTextCursor' object has no attribute 'Start'. Did you mean: 'atStart'?
2026-08-03 15:07:42,760 [ERROR] stm: Uncaught exception
Traceback (most recent call last):
  File "D:\AI\stm_microscope\ui\main_window.py", line 351, in _on_frame_log_main
    self.log_panel.append(f"{cmd_name}  (无 payload)", direction)
    ~~~~~~~~~~~~~~~~~~~~~^^^^^^^^^^^^^^^^^^^^^^^^^^^^^^^^^^^^^^^^
  File "D:\AI\stm_microscope\ui\widgets.py", line 1337, in append
    cursor.movePosition(cursor.Start)
                        ^^^^^^^^^^^^
AttributeError: 'PySide6.QtGui.QTextCursor' object has no attribute 'Start'. Did you mean: 'atStart'?
2026-08-03 15:07:42,763 [ERROR] stm: Uncaught exception
Traceback (most recent call last):
  File "D:\AI\stm_microscope\ui\main_window.py", line 334, in _on_log_main
    self.log_panel.append(msg, category)
    ~~~~~~~~~~~~~~~~~~~~~^^^^^^^^^^^^^^^
  File "D:\AI\stm_microscope\ui\widgets.py", line 1337, in append
    cursor.movePosition(cursor.Start)
                        ^^^^^^^^^^^^
AttributeError: 'PySide6.QtGui.QTextCursor' object has no attribute 'Start'. Did you mean: 'atStart'?
2026-08-03 15:07:42,765 [ERROR] stm: Uncaught exception
Traceback (most recent call last):
  File "D:\AI\stm_microscope\ui\main_window.py", line 351, in _on_frame_log_main
    self.log_panel.append(f"{cmd_name}  (无 payload)", direction)
    ~~~~~~~~~~~~~~~~~~~~~^^^^^^^^^^^^^^^^^^^^^^^^^^^^^^^^^^^^^^^^
  File "D:\AI\stm_microscope\ui\widgets.py", line 1337, in append
    cursor.movePosition(cursor.Start)
                        ^^^^^^^^^^^^
AttributeError: 'PySide6.QtGui.QTextCursor' object has no attribute 'Start'. Did you mean: 'atStart'?
2026-08-03 15:07:42,768 [ERROR] stm: Uncaught exception
Traceback (most recent call last):
  File "D:\AI\stm_microscope\ui\main_window.py", line 334, in _on_log_main
    self.log_panel.append(msg, category)
    ~~~~~~~~~~~~~~~~~~~~~^^^^^^^^^^^^^^^
  File "D:\AI\stm_microscope\ui\widgets.py", line 1337, in append
    cursor.movePosition(cursor.Start)
                        ^^^^^^^^^^^^
AttributeError: 'PySide6.QtGui.QTextCursor' object has no attribute 'Start'. Did you mean: 'atStart'?
2026-08-03 15:07:42,770 [ERROR] stm: Uncaught exception
Traceback (most recent call last):
  File "D:\AI\stm_microscope\ui\main_window.py", line 351, in _on_frame_log_main
    self.log_panel.append(f"{cmd_name}  (无 payload)", direction)
    ~~~~~~~~~~~~~~~~~~~~~^^^^^^^^^^^^^^^^^^^^^^^^^^^^^^^^^^^^^^^^
  File "D:\AI\stm_microscope\ui\widgets.py", line 1337, in append
    cursor.movePosition(cursor.Start)
                        ^^^^^^^^^^^^
AttributeError: 'PySide6.QtGui.QTextCursor' object has no attribute 'Start'. Did you mean: 'atStart'?
2026-08-03 15:07:42,773 [ERROR] stm: Uncaught exception
Traceback (most recent call last):
  File "D:\AI\stm_microscope\ui\main_window.py", line 334, in _on_log_main
    self.log_panel.append(msg, category)
    ~~~~~~~~~~~~~~~~~~~~~^^^^^^^^^^^^^^^
  File "D:\AI\stm_microscope\ui\widgets.py", line 1337, in append
    cursor.movePosition(cursor.Start)
                        ^^^^^^^^^^^^
AttributeError: 'PySide6.QtGui.QTextCursor' object has no attribute 'Start'. Did you mean: 'atStart'?
2026-08-03 15:07:42,776 [ERROR] stm: Uncaught exception
Traceback (most recent call last):
  File "D:\AI\stm_microscope\ui\main_window.py", line 351, in _on_frame_log_main
    self.log_panel.append(f"{cmd_name}  (无 payload)", direction)
    ~~~~~~~~~~~~~~~~~~~~~^^^^^^^^^^^^^^^^^^^^^^^^^^^^^^^^^^^^^^^^
  File "D:\AI\stm_microscope\ui\widgets.py", line 1337, in append
    cursor.movePosition(cursor.Start)
                        ^^^^^^^^^^^^
AttributeError: 'PySide6.QtGui.QTextCursor' object has no attribute 'Start'. Did you mean: 'atStart'?
2026-08-03 15:07:42,778 [ERROR] stm: Uncaught exception
Traceback (most recent call last):
  File "D:\AI\stm_microscope\ui\main_window.py", line 334, in _on_log_main
    self.log_panel.append(msg, category)
    ~~~~~~~~~~~~~~~~~~~~~^^^^^^^^^^^^^^^
  File "D:\AI\stm_microscope\ui\widgets.py", line 1337, in append
    cursor.movePosition(cursor.Start)
                        ^^^^^^^^^^^^
AttributeError: 'PySide6.QtGui.QTextCursor' object has no attribute 'Start'. Did you mean: 'atStart'?
2026-08-03 15:07:44,451 [ERROR] stm: Uncaught exception
Traceback (most recent call last):
  File "D:\AI\stm_microscope\ui\main_window.py", line 351, in _on_frame_log_main
    self.log_panel.append(f"{cmd_name}  (无 payload)", direction)
    ~~~~~~~~~~~~~~~~~~~~~^^^^^^^^^^^^^^^^^^^^^^^^^^^^^^^^^^^^^^^^
  File "D:\AI\stm_microscope\ui\widgets.py", line 1337, in append
    cursor.movePosition(cursor.Start)
                        ^^^^^^^^^^^^
AttributeError: 'PySide6.QtGui.QTextCursor' object has no attribute 'Start'. Did you mean: 'atStart'?
2026-08-03 15:07:44,454 [ERROR] stm: Uncaught exception
Traceback (most recent call last):
  File "D:\AI\stm_microscope\ui\main_window.py", line 334, in _on_log_main
    self.log_panel.append(msg, category)
    ~~~~~~~~~~~~~~~~~~~~~^^^^^^^^^^^^^^^
  File "D:\AI\stm_microscope\ui\widgets.py", line 1337, in append
    cursor.movePosition(cursor.Start)
                        ^^^^^^^^^^^^
AttributeError: 'PySide6.QtGui.QTextCursor' object has no attribute 'Start'. Did you mean: 'atStart'?
2026-08-03 15:07:44,457 [ERROR] stm: Uncaught exception
Traceback (most recent call last):
  File "D:\AI\stm_microscope\ui\main_window.py", line 351, in _on_frame_log_main
    self.log_panel.append(f"{cmd_name}  (无 payload)", direction)
    ~~~~~~~~~~~~~~~~~~~~~^^^^^^^^^^^^^^^^^^^^^^^^^^^^^^^^^^^^^^^^
  File "D:\AI\stm_microscope\ui\widgets.py", line 1337, in append
    cursor.movePosition(cursor.Start)
                        ^^^^^^^^^^^^
AttributeError: 'PySide6.QtGui.QTextCursor' object has no attribute 'Start'. Did you mean: 'atStart'?
2026-08-03 15:07:44,460 [ERROR] stm: Uncaught exception
Traceback (most recent call last):
  File "D:\AI\stm_microscope\ui\main_window.py", line 334, in _on_log_main
    self.log_panel.append(msg, category)
    ~~~~~~~~~~~~~~~~~~~~~^^^^^^^^^^^^^^^
  File "D:\AI\stm_microscope\ui\widgets.py", line 1337, in append
    cursor.movePosition(cursor.Start)
                        ^^^^^^^^^^^^
AttributeError: 'PySide6.QtGui.QTextCursor' object has no attribute 'Start'. Did you mean: 'atStart'?
2026-08-03 15:07:44,463 [ERROR] stm: Uncaught exception
Traceback (most recent call last):
  File "D:\AI\stm_microscope\ui\main_window.py", line 351, in _on_frame_log_main
    self.log_panel.append(f"{cmd_name}  (无 payload)", direction)
    ~~~~~~~~~~~~~~~~~~~~~^^^^^^^^^^^^^^^^^^^^^^^^^^^^^^^^^^^^^^^^
  File "D:\AI\stm_microscope\ui\widgets.py", line 1337, in append
    cursor.movePosition(cursor.Start)
                        ^^^^^^^^^^^^
AttributeError: 'PySide6.QtGui.QTextCursor' object has no attribute 'Start'. Did you mean: 'atStart'?
2026-08-03 15:07:44,466 [ERROR] stm: Uncaught exception
Traceback (most recent call last):
  File "D:\AI\stm_microscope\ui\main_window.py", line 334, in _on_log_main
    self.log_panel.append(msg, category)
    ~~~~~~~~~~~~~~~~~~~~~^^^^^^^^^^^^^^^
  File "D:\AI\stm_microscope\ui\widgets.py", line 1337, in append
    cursor.movePosition(cursor.Start)
                        ^^^^^^^^^^^^
AttributeError: 'PySide6.QtGui.QTextCursor' object has no attribute 'Start'. Did you mean: 'atStart'?
2026-08-03 15:07:44,469 [ERROR] stm: Uncaught exception
Traceback (most recent call last):
  File "D:\AI\stm_microscope\ui\main_window.py", line 351, in _on_frame_log_main
    self.log_panel.append(f"{cmd_name}  (无 payload)", direction)
    ~~~~~~~~~~~~~~~~~~~~~^^^^^^^^^^^^^^^^^^^^^^^^^^^^^^^^^^^^^^^^
  File "D:\AI\stm_microscope\ui\widgets.py", line 1337, in append
    cursor.movePosition(cursor.Start)
                        ^^^^^^^^^^^^
AttributeError: 'PySide6.QtGui.QTextCursor' object has no attribute 'Start'. Did you mean: 'atStart'?
2026-08-03 15:07:44,472 [ERROR] stm: Uncaught exception
Traceback (most recent call last):
  File "D:\AI\stm_microscope\ui\main_window.py", line 334, in _on_log_main
    self.log_panel.append(msg, category)
    ~~~~~~~~~~~~~~~~~~~~~^^^^^^^^^^^^^^^
  File "D:\AI\stm_microscope\ui\widgets.py", line 1337, in append
    cursor.movePosition(cursor.Start)
                        ^^^^^^^^^^^^
AttributeError: 'PySide6.QtGui.QTextCursor' object has no attribute 'Start'. Did you mean: 'atStart'?
2026-08-03 15:07:44,474 [ERROR] stm: Uncaught exception
Traceback (most recent call last):
  File "D:\AI\stm_microscope\ui\main_window.py", line 351, in _on_frame_log_main
    self.log_panel.append(f"{cmd_name}  (无 payload)", direction)
    ~~~~~~~~~~~~~~~~~~~~~^^^^^^^^^^^^^^^^^^^^^^^^^^^^^^^^^^^^^^^^
  File "D:\AI\stm_microscope\ui\widgets.py", line 1337, in append
    cursor.movePosition(cursor.Start)
                        ^^^^^^^^^^^^
AttributeError: 'PySide6.QtGui.QTextCursor' object has no attribute 'Start'. Did you mean: 'atStart'?
2026-08-03 15:07:44,477 [ERROR] stm: Uncaught exception
Traceback (most recent call last):
  File "D:\AI\stm_microscope\ui\main_window.py", line 334, in _on_log_main
    self.log_panel.append(msg, category)
    ~~~~~~~~~~~~~~~~~~~~~^^^^^^^^^^^^^^^
  File "D:\AI\stm_microscope\ui\widgets.py", line 1337, in append
    cursor.movePosition(cursor.Start)
                        ^^^^^^^^^^^^
AttributeError: 'PySide6.QtGui.QTextCursor' object has no attribute 'Start'. Did you mean: 'atStart'?
2026-08-03 15:07:44,480 [ERROR] stm: Uncaught exception
Traceback (most recent call last):
  File "D:\AI\stm_microscope\ui\main_window.py", line 351, in _on_frame_log_main
    self.log_panel.append(f"{cmd_name}  (无 payload)", direction)
    ~~~~~~~~~~~~~~~~~~~~~^^^^^^^^^^^^^^^^^^^^^^^^^^^^^^^^^^^^^^^^
  File "D:\AI\stm_microscope\ui\widgets.py", line 1337, in append
    cursor.movePosition(cursor.Start)
                        ^^^^^^^^^^^^
AttributeError: 'PySide6.QtGui.QTextCursor' object has no attribute 'Start'. Did you mean: 'atStart'?
2026-08-03 15:07:44,483 [ERROR] stm: Uncaught exception
Traceback (most recent call last):
  File "D:\AI\stm_microscope\ui\main_window.py", line 334, in _on_log_main
    self.log_panel.append(msg, category)
    ~~~~~~~~~~~~~~~~~~~~~^^^^^^^^^^^^^^^
  File "D:\AI\stm_microscope\ui\widgets.py", line 1337, in append
    cursor.movePosition(cursor.Start)
                        ^^^^^^^^^^^^
AttributeError: 'PySide6.QtGui.QTextCursor' object has no attribute 'Start'. Did you mean: 'atStart'?
2026-08-03 15:07:44,486 [ERROR] stm: Uncaught exception
Traceback (most recent call last):
  File "D:\AI\stm_microscope\ui\main_window.py", line 351, in _on_frame_log_main
    self.log_panel.append(f"{cmd_name}  (无 payload)", direction)
    ~~~~~~~~~~~~~~~~~~~~~^^^^^^^^^^^^^^^^^^^^^^^^^^^^^^^^^^^^^^^^
  File "D:\AI\stm_microscope\ui\widgets.py", line 1337, in append
    cursor.movePosition(cursor.Start)
                        ^^^^^^^^^^^^
AttributeError: 'PySide6.QtGui.QTextCursor' object has no attribute 'Start'. Did you mean: 'atStart'?
2026-08-03 15:07:44,489 [ERROR] stm: Uncaught exception
Traceback (most recent call last):
  File "D:\AI\stm_microscope\ui\main_window.py", line 334, in _on_log_main
    self.log_panel.append(msg, category)
    ~~~~~~~~~~~~~~~~~~~~~^^^^^^^^^^^^^^^
  File "D:\AI\stm_microscope\ui\widgets.py", line 1337, in append
    cursor.movePosition(cursor.Start)
                        ^^^^^^^^^^^^
AttributeError: 'PySide6.QtGui.QTextCursor' object has no attribute 'Start'. Did you mean: 'atStart'?
2026-08-03 15:07:44,492 [ERROR] stm: Uncaught exception
Traceback (most recent call last):
  File "D:\AI\stm_microscope\ui\main_window.py", line 351, in _on_frame_log_main
    self.log_panel.append(f"{cmd_name}  (无 payload)", direction)
    ~~~~~~~~~~~~~~~~~~~~~^^^^^^^^^^^^^^^^^^^^^^^^^^^^^^^^^^^^^^^^
  File "D:\AI\stm_microscope\ui\widgets.py", line 1337, in append
    cursor.movePosition(cursor.Start)
                        ^^^^^^^^^^^^
AttributeError: 'PySide6.QtGui.QTextCursor' object has no attribute 'Start'. Did you mean: 'atStart'?
2026-08-03 15:07:44,495 [ERROR] stm: Uncaught exception
Traceback (most recent call last):
  File "D:\AI\stm_microscope\ui\main_window.py", line 334, in _on_log_main
    self.log_panel.append(msg, category)
    ~~~~~~~~~~~~~~~~~~~~~^^^^^^^^^^^^^^^
  File "D:\AI\stm_microscope\ui\widgets.py", line 1337, in append
    cursor.movePosition(cursor.Start)
                        ^^^^^^^^^^^^
AttributeError: 'PySide6.QtGui.QTextCursor' object has no attribute 'Start'. Did you mean: 'atStart'?
2026-08-03 15:07:44,497 [ERROR] stm: Uncaught exception
Traceback (most recent call last):
  File "D:\AI\stm_microscope\ui\main_window.py", line 351, in _on_frame_log_main
    self.log_panel.append(f"{cmd_name}  (无 payload)", direction)
    ~~~~~~~~~~~~~~~~~~~~~^^^^^^^^^^^^^^^^^^^^^^^^^^^^^^^^^^^^^^^^
  File "D:\AI\stm_microscope\ui\widgets.py", line 1337, in append
    cursor.movePosition(cursor.Start)
                        ^^^^^^^^^^^^
AttributeError: 'PySide6.QtGui.QTextCursor' object has no attribute 'Start'. Did you mean: 'atStart'?
2026-08-03 15:07:44,500 [ERROR] stm: Uncaught exception
Traceback (most recent call last):
  File "D:\AI\stm_microscope\ui\main_window.py", line 334, in _on_log_main
    self.log_panel.append(msg, category)
    ~~~~~~~~~~~~~~~~~~~~~^^^^^^^^^^^^^^^
  File "D:\AI\stm_microscope\ui\widgets.py", line 1337, in append
    cursor.movePosition(cursor.Start)
                        ^^^^^^^^^^^^
AttributeError: 'PySide6.QtGui.QTextCursor' object has no attribute 'Start'. Did you mean: 'atStart'?
2026-08-03 15:07:46,626 [ERROR] stm: Uncaught exception
Traceback (most recent call last):
  File "D:\AI\stm_microscope\ui\main_window.py", line 351, in _on_frame_log_main
    self.log_panel.append(f"{cmd_name}  (无 payload)", direction)
    ~~~~~~~~~~~~~~~~~~~~~^^^^^^^^^^^^^^^^^^^^^^^^^^^^^^^^^^^^^^^^
  File "D:\AI\stm_microscope\ui\widgets.py", line 1337, in append
    cursor.movePosition(cursor.Start)
                        ^^^^^^^^^^^^
AttributeError: 'PySide6.QtGui.QTextCursor' object has no attribute 'Start'. Did you mean: 'atStart'?
2026-08-03 15:07:46,629 [ERROR] stm: Uncaught exception
Traceback (most recent call last):
  File "D:\AI\stm_microscope\ui\main_window.py", line 334, in _on_log_main
    self.log_panel.append(msg, category)
    ~~~~~~~~~~~~~~~~~~~~~^^^^^^^^^^^^^^^
  File "D:\AI\stm_microscope\ui\widgets.py", line 1337, in append
    cursor.movePosition(cursor.Start)
                        ^^^^^^^^^^^^
AttributeError: 'PySide6.QtGui.QTextCursor' object has no attribute 'Start'. Did you mean: 'atStart'?
2026-08-03 15:07:46,632 [ERROR] stm: Uncaught exception
Traceback (most recent call last):
  File "D:\AI\stm_microscope\ui\main_window.py", line 351, in _on_frame_log_main
    self.log_panel.append(f"{cmd_name}  (无 payload)", direction)
    ~~~~~~~~~~~~~~~~~~~~~^^^^^^^^^^^^^^^^^^^^^^^^^^^^^^^^^^^^^^^^
  File "D:\AI\stm_microscope\ui\widgets.py", line 1337, in append
    cursor.movePosition(cursor.Start)
                        ^^^^^^^^^^^^
AttributeError: 'PySide6.QtGui.QTextCursor' object has no attribute 'Start'. Did you mean: 'atStart'?
2026-08-03 15:07:46,634 [ERROR] stm: Uncaught exception
Traceback (most recent call last):
  File "D:\AI\stm_microscope\ui\main_window.py", line 334, in _on_log_main
    self.log_panel.append(msg, category)
    ~~~~~~~~~~~~~~~~~~~~~^^^^^^^^^^^^^^^
  File "D:\AI\stm_microscope\ui\widgets.py", line 1337, in append
    cursor.movePosition(cursor.Start)
                        ^^^^^^^^^^^^
AttributeError: 'PySide6.QtGui.QTextCursor' object has no attribute 'Start'. Did you mean: 'atStart'?
2026-08-03 15:07:46,639 [ERROR] stm: Uncaught exception
Traceback (most recent call last):
  File "D:\AI\stm_microscope\ui\main_window.py", line 351, in _on_frame_log_main
    self.log_panel.append(f"{cmd_name}  (无 payload)", direction)
    ~~~~~~~~~~~~~~~~~~~~~^^^^^^^^^^^^^^^^^^^^^^^^^^^^^^^^^^^^^^^^
  File "D:\AI\stm_microscope\ui\widgets.py", line 1337, in append
    cursor.movePosition(cursor.Start)
                        ^^^^^^^^^^^^
AttributeError: 'PySide6.QtGui.QTextCursor' object has no attribute 'Start'. Did you mean: 'atStart'?
2026-08-03 15:07:46,642 [ERROR] stm: Uncaught exception
Traceback (most recent call last):
  File "D:\AI\stm_microscope\ui\main_window.py", line 334, in _on_log_main
    self.log_panel.append(msg, category)
    ~~~~~~~~~~~~~~~~~~~~~^^^^^^^^^^^^^^^
  File "D:\AI\stm_microscope\ui\widgets.py", line 1337, in append
    cursor.movePosition(cursor.Start)
                        ^^^^^^^^^^^^
AttributeError: 'PySide6.QtGui.QTextCursor' object has no attribute 'Start'. Did you mean: 'atStart'?
2026-08-03 15:07:46,645 [ERROR] stm: Uncaught exception
Traceback (most recent call last):
  File "D:\AI\stm_microscope\ui\main_window.py", line 351, in _on_frame_log_main
    self.log_panel.append(f"{cmd_name}  (无 payload)", direction)
    ~~~~~~~~~~~~~~~~~~~~~^^^^^^^^^^^^^^^^^^^^^^^^^^^^^^^^^^^^^^^^
  File "D:\AI\stm_microscope\ui\widgets.py", line 1337, in append
    cursor.movePosition(cursor.Start)
                        ^^^^^^^^^^^^
AttributeError: 'PySide6.QtGui.QTextCursor' object has no attribute 'Start'. Did you mean: 'atStart'?
2026-08-03 15:07:46,647 [ERROR] stm: Uncaught exception
Traceback (most recent call last):
  File "D:\AI\stm_microscope\ui\main_window.py", line 334, in _on_log_main
    self.log_panel.append(msg, category)
    ~~~~~~~~~~~~~~~~~~~~~^^^^^^^^^^^^^^^
  File "D:\AI\stm_microscope\ui\widgets.py", line 1337, in append
    cursor.movePosition(cursor.Start)
                        ^^^^^^^^^^^^
AttributeError: 'PySide6.QtGui.QTextCursor' object has no attribute 'Start'. Did you mean: 'atStart'?
2026-08-03 15:07:46,650 [ERROR] stm: Uncaught exception
Traceback (most recent call last):
  File "D:\AI\stm_microscope\ui\main_window.py", line 351, in _on_frame_log_main
    self.log_panel.append(f"{cmd_name}  (无 payload)", direction)
    ~~~~~~~~~~~~~~~~~~~~~^^^^^^^^^^^^^^^^^^^^^^^^^^^^^^^^^^^^^^^^
  File "D:\AI\stm_microscope\ui\widgets.py", line 1337, in append
    cursor.movePosition(cursor.Start)
                        ^^^^^^^^^^^^
AttributeError: 'PySide6.QtGui.QTextCursor' object has no attribute 'Start'. Did you mean: 'atStart'?
2026-08-03 15:07:46,652 [ERROR] stm: Uncaught exception
Traceback (most recent call last):
  File "D:\AI\stm_microscope\ui\main_window.py", line 334, in _on_log_main
    self.log_panel.append(msg, category)
    ~~~~~~~~~~~~~~~~~~~~~^^^^^^^^^^^^^^^
  File "D:\AI\stm_microscope\ui\widgets.py", line 1337, in append
    cursor.movePosition(cursor.Start)
                        ^^^^^^^^^^^^
AttributeError: 'PySide6.QtGui.QTextCursor' object has no attribute 'Start'. Did you mean: 'atStart'?
2026-08-03 15:07:46,655 [ERROR] stm: Uncaught exception
Traceback (most recent call last):
  File "D:\AI\stm_microscope\ui\main_window.py", line 351, in _on_frame_log_main
    self.log_panel.append(f"{cmd_name}  (无 payload)", direction)
    ~~~~~~~~~~~~~~~~~~~~~^^^^^^^^^^^^^^^^^^^^^^^^^^^^^^^^^^^^^^^^
  File "D:\AI\stm_microscope\ui\widgets.py", line 1337, in append
    cursor.movePosition(cursor.Start)
                        ^^^^^^^^^^^^
AttributeError: 'PySide6.QtGui.QTextCursor' object has no attribute 'Start'. Did you mean: 'atStart'?
2026-08-03 15:07:46,657 [ERROR] stm: Uncaught exception
Traceback (most recent call last):
  File "D:\AI\stm_microscope\ui\main_window.py", line 334, in _on_log_main
    self.log_panel.append(msg, category)
    ~~~~~~~~~~~~~~~~~~~~~^^^^^^^^^^^^^^^
  File "D:\AI\stm_microscope\ui\widgets.py", line 1337, in append
    cursor.movePosition(cursor.Start)
                        ^^^^^^^^^^^^
AttributeError: 'PySide6.QtGui.QTextCursor' object has no attribute 'Start'. Did you mean: 'atStart'?
2026-08-03 15:07:46,660 [ERROR] stm: Uncaught exception
Traceback (most recent call last):
  File "D:\AI\stm_microscope\ui\main_window.py", line 351, in _on_frame_log_main
    self.log_panel.append(f"{cmd_name}  (无 payload)", direction)
    ~~~~~~~~~~~~~~~~~~~~~^^^^^^^^^^^^^^^^^^^^^^^^^^^^^^^^^^^^^^^^
  File "D:\AI\stm_microscope\ui\widgets.py", line 1337, in append
    cursor.movePosition(cursor.Start)
                        ^^^^^^^^^^^^
AttributeError: 'PySide6.QtGui.QTextCursor' object has no attribute 'Start'. Did you mean: 'atStart'?
2026-08-03 15:07:46,663 [ERROR] stm: Uncaught exception
Traceback (most recent call last):
  File "D:\AI\stm_microscope\ui\main_window.py", line 334, in _on_log_main
    self.log_panel.append(msg, category)
    ~~~~~~~~~~~~~~~~~~~~~^^^^^^^^^^^^^^^
  File "D:\AI\stm_microscope\ui\widgets.py", line 1337, in append
    cursor.movePosition(cursor.Start)
                        ^^^^^^^^^^^^
AttributeError: 'PySide6.QtGui.QTextCursor' object has no attribute 'Start'. Did you mean: 'atStart'?
2026-08-03 15:07:46,665 [ERROR] stm: Uncaught exception
Traceback (most recent call last):
  File "D:\AI\stm_microscope\ui\main_window.py", line 351, in _on_frame_log_main
    self.log_panel.append(f"{cmd_name}  (无 payload)", direction)
    ~~~~~~~~~~~~~~~~~~~~~^^^^^^^^^^^^^^^^^^^^^^^^^^^^^^^^^^^^^^^^
  File "D:\AI\stm_microscope\ui\widgets.py", line 1337, in append
    cursor.movePosition(cursor.Start)
                        ^^^^^^^^^^^^
AttributeError: 'PySide6.QtGui.QTextCursor' object has no attribute 'Start'. Did you mean: 'atStart'?
2026-08-03 15:07:46,668 [ERROR] stm: Uncaught exception
Traceback (most recent call last):
  File "D:\AI\stm_microscope\ui\main_window.py", line 334, in _on_log_main
    self.log_panel.append(msg, category)
    ~~~~~~~~~~~~~~~~~~~~~^^^^^^^^^^^^^^^
  File "D:\AI\stm_microscope\ui\widgets.py", line 1337, in append
    cursor.movePosition(cursor.Start)
                        ^^^^^^^^^^^^
AttributeError: 'PySide6.QtGui.QTextCursor' object has no attribute 'Start'. Did you mean: 'atStart'?
2026-08-03 15:07:46,671 [ERROR] stm: Uncaught exception
Traceback (most recent call last):
  File "D:\AI\stm_microscope\ui\main_window.py", line 351, in _on_frame_log_main
    self.log_panel.append(f"{cmd_name}  (无 payload)", direction)
    ~~~~~~~~~~~~~~~~~~~~~^^^^^^^^^^^^^^^^^^^^^^^^^^^^^^^^^^^^^^^^
  File "D:\AI\stm_microscope\ui\widgets.py", line 1337, in append
    cursor.movePosition(cursor.Start)
                        ^^^^^^^^^^^^
AttributeError: 'PySide6.QtGui.QTextCursor' object has no attribute 'Start'. Did you mean: 'atStart'?
2026-08-03 15:07:46,674 [ERROR] stm: Uncaught exception
Traceback (most recent call last):
  File "D:\AI\stm_microscope\ui\main_window.py", line 334, in _on_log_main
    self.log_panel.append(msg, category)
    ~~~~~~~~~~~~~~~~~~~~~^^^^^^^^^^^^^^^
  File "D:\AI\stm_microscope\ui\widgets.py", line 1337, in append
    cursor.movePosition(cursor.Start)
                        ^^^^^^^^^^^^
AttributeError: 'PySide6.QtGui.QTextCursor' object has no attribute 'Start'. Did you mean: 'atStart'?
2026-08-03 15:07:46,676 [ERROR] stm: Uncaught exception
Traceback (most recent call last):
  File "D:\AI\stm_microscope\ui\main_window.py", line 351, in _on_frame_log_main
    self.log_panel.append(f"{cmd_name}  (无 payload)", direction)
    ~~~~~~~~~~~~~~~~~~~~~^^^^^^^^^^^^^^^^^^^^^^^^^^^^^^^^^^^^^^^^
  File "D:\AI\stm_microscope\ui\widgets.py", line 1337, in append
    cursor.movePosition(cursor.Start)
                        ^^^^^^^^^^^^
AttributeError: 'PySide6.QtGui.QTextCursor' object has no attribute 'Start'. Did you mean: 'atStart'?
2026-08-03 15:07:46,678 [ERROR] stm: Uncaught exception
Traceback (most recent call last):
  File "D:\AI\stm_microscope\ui\main_window.py", line 334, in _on_log_main
    self.log_panel.append(msg, category)
    ~~~~~~~~~~~~~~~~~~~~~^^^^^^^^^^^^^^^
  File "D:\AI\stm_microscope\ui\widgets.py", line 1337, in append
    cursor.movePosition(cursor.Start)
                        ^^^^^^^^^^^^
AttributeError: 'PySide6.QtGui.QTextCursor' object has no attribute 'Start'. Did you mean: 'atStart'?
2026-08-03 15:07:47,057 [ERROR] stm: Uncaught exception
Traceback (most recent call last):
  File "D:\AI\stm_microscope\ui\main_window.py", line 351, in _on_frame_log_main
    self.log_panel.append(f"{cmd_name}  (无 payload)", direction)
    ~~~~~~~~~~~~~~~~~~~~~^^^^^^^^^^^^^^^^^^^^^^^^^^^^^^^^^^^^^^^^
  File "D:\AI\stm_microscope\ui\widgets.py", line 1337, in append
    cursor.movePosition(cursor.Start)
                        ^^^^^^^^^^^^
AttributeError: 'PySide6.QtGui.QTextCursor' object has no attribute 'Start'. Did you mean: 'atStart'?
2026-08-03 15:07:47,060 [ERROR] stm: Uncaught exception
Traceback (most recent call last):
  File "D:\AI\stm_microscope\ui\main_window.py", line 334, in _on_log_main
    self.log_panel.append(msg, category)
    ~~~~~~~~~~~~~~~~~~~~~^^^^^^^^^^^^^^^
  File "D:\AI\stm_microscope\ui\widgets.py", line 1337, in append
    cursor.movePosition(cursor.Start)
                        ^^^^^^^^^^^^
AttributeError: 'PySide6.QtGui.QTextCursor' object has no attribute 'Start'. Did you mean: 'atStart'?
2026-08-03 15:07:47,062 [ERROR] stm: Uncaught exception
Traceback (most recent call last):
  File "D:\AI\stm_microscope\ui\main_window.py", line 351, in _on_frame_log_main
    self.log_panel.append(f"{cmd_name}  (无 payload)", direction)
    ~~~~~~~~~~~~~~~~~~~~~^^^^^^^^^^^^^^^^^^^^^^^^^^^^^^^^^^^^^^^^
  File "D:\AI\stm_microscope\ui\widgets.py", line 1337, in append
    cursor.movePosition(cursor.Start)
                        ^^^^^^^^^^^^
AttributeError: 'PySide6.QtGui.QTextCursor' object has no attribute 'Start'. Did you mean: 'atStart'?
2026-08-03 15:07:47,065 [ERROR] stm: Uncaught exception
Traceback (most recent call last):
  File "D:\AI\stm_microscope\ui\main_window.py", line 334, in _on_log_main
    self.log_panel.append(msg, category)
    ~~~~~~~~~~~~~~~~~~~~~^^^^^^^^^^^^^^^
  File "D:\AI\stm_microscope\ui\widgets.py", line 1337, in append
    cursor.movePosition(cursor.Start)
                        ^^^^^^^^^^^^
AttributeError: 'PySide6.QtGui.QTextCursor' object has no attribute 'Start'. Did you mean: 'atStart'?
2026-08-03 15:07:47,067 [ERROR] stm: Uncaught exception
Traceback (most recent call last):
  File "D:\AI\stm_microscope\ui\main_window.py", line 351, in _on_frame_log_main
    self.log_panel.append(f"{cmd_name}  (无 payload)", direction)
    ~~~~~~~~~~~~~~~~~~~~~^^^^^^^^^^^^^^^^^^^^^^^^^^^^^^^^^^^^^^^^
  File "D:\AI\stm_microscope\ui\widgets.py", line 1337, in append
    cursor.movePosition(cursor.Start)
                        ^^^^^^^^^^^^
AttributeError: 'PySide6.QtGui.QTextCursor' object has no attribute 'Start'. Did you mean: 'atStart'?
2026-08-03 15:07:47,070 [ERROR] stm: Uncaught exception
Traceback (most recent call last):
  File "D:\AI\stm_microscope\ui\main_window.py", line 334, in _on_log_main
    self.log_panel.append(msg, category)
    ~~~~~~~~~~~~~~~~~~~~~^^^^^^^^^^^^^^^
  File "D:\AI\stm_microscope\ui\widgets.py", line 1337, in append
    cursor.movePosition(cursor.Start)
                        ^^^^^^^^^^^^
AttributeError: 'PySide6.QtGui.QTextCursor' object has no attribute 'Start'. Did you mean: 'atStart'?
2026-08-03 15:07:47,073 [ERROR] stm: Uncaught exception
Traceback (most recent call last):
  File "D:\AI\stm_microscope\ui\main_window.py", line 351, in _on_frame_log_main
    self.log_panel.append(f"{cmd_name}  (无 payload)", direction)
    ~~~~~~~~~~~~~~~~~~~~~^^^^^^^^^^^^^^^^^^^^^^^^^^^^^^^^^^^^^^^^
  File "D:\AI\stm_microscope\ui\widgets.py", line 1337, in append
    cursor.movePosition(cursor.Start)
                        ^^^^^^^^^^^^
AttributeError: 'PySide6.QtGui.QTextCursor' object has no attribute 'Start'. Did you mean: 'atStart'?
2026-08-03 15:07:47,076 [ERROR] stm: Uncaught exception
Traceback (most recent call last):
  File "D:\AI\stm_microscope\ui\main_window.py", line 334, in _on_log_main
    self.log_panel.append(msg, category)
    ~~~~~~~~~~~~~~~~~~~~~^^^^^^^^^^^^^^^
  File "D:\AI\stm_microscope\ui\widgets.py", line 1337, in append
    cursor.movePosition(cursor.Start)
                        ^^^^^^^^^^^^
AttributeError: 'PySide6.QtGui.QTextCursor' object has no attribute 'Start'. Did you mean: 'atStart'?
2026-08-03 15:07:47,078 [ERROR] stm: Uncaught exception
Traceback (most recent call last):
  File "D:\AI\stm_microscope\ui\main_window.py", line 351, in _on_frame_log_main
    self.log_panel.append(f"{cmd_name}  (无 payload)", direction)
    ~~~~~~~~~~~~~~~~~~~~~^^^^^^^^^^^^^^^^^^^^^^^^^^^^^^^^^^^^^^^^
  File "D:\AI\stm_microscope\ui\widgets.py", line 1337, in append
    cursor.movePosition(cursor.Start)
                        ^^^^^^^^^^^^
AttributeError: 'PySide6.QtGui.QTextCursor' object has no attribute 'Start'. Did you mean: 'atStart'?
2026-08-03 15:07:47,081 [ERROR] stm: Uncaught exception
Traceback (most recent call last):
  File "D:\AI\stm_microscope\ui\main_window.py", line 334, in _on_log_main
    self.log_panel.append(msg, category)
    ~~~~~~~~~~~~~~~~~~~~~^^^^^^^^^^^^^^^
  File "D:\AI\stm_microscope\ui\widgets.py", line 1337, in append
    cursor.movePosition(cursor.Start)
                        ^^^^^^^^^^^^
AttributeError: 'PySide6.QtGui.QTextCursor' object has no attribute 'Start'. Did you mean: 'atStart'?
2026-08-03 15:07:47,083 [ERROR] stm: Uncaught exception
Traceback (most recent call last):
  File "D:\AI\stm_microscope\ui\main_window.py", line 351, in _on_frame_log_main
    self.log_panel.append(f"{cmd_name}  (无 payload)", direction)
    ~~~~~~~~~~~~~~~~~~~~~^^^^^^^^^^^^^^^^^^^^^^^^^^^^^^^^^^^^^^^^
  File "D:\AI\stm_microscope\ui\widgets.py", line 1337, in append
    cursor.movePosition(cursor.Start)
                        ^^^^^^^^^^^^
AttributeError: 'PySide6.QtGui.QTextCursor' object has no attribute 'Start'. Did you mean: 'atStart'?
2026-08-03 15:07:47,087 [ERROR] stm: Uncaught exception
Traceback (most recent call last):
  File "D:\AI\stm_microscope\ui\main_window.py", line 334, in _on_log_main
    self.log_panel.append(msg, category)
    ~~~~~~~~~~~~~~~~~~~~~^^^^^^^^^^^^^^^
  File "D:\AI\stm_microscope\ui\widgets.py", line 1337, in append
    cursor.movePosition(cursor.Start)
                        ^^^^^^^^^^^^
AttributeError: 'PySide6.QtGui.QTextCursor' object has no attribute 'Start'. Did you mean: 'atStart'?
2026-08-03 15:07:47,091 [ERROR] stm: Uncaught exception
Traceback (most recent call last):
  File "D:\AI\stm_microscope\ui\main_window.py", line 351, in _on_frame_log_main
    self.log_panel.append(f"{cmd_name}  (无 payload)", direction)
    ~~~~~~~~~~~~~~~~~~~~~^^^^^^^^^^^^^^^^^^^^^^^^^^^^^^^^^^^^^^^^
  File "D:\AI\stm_microscope\ui\widgets.py", line 1337, in append
    cursor.movePosition(cursor.Start)
                        ^^^^^^^^^^^^
AttributeError: 'PySide6.QtGui.QTextCursor' object has no attribute 'Start'. Did you mean: 'atStart'?
2026-08-03 15:07:47,094 [ERROR] stm: Uncaught exception
Traceback (most recent call last):
  File "D:\AI\stm_microscope\ui\main_window.py", line 334, in _on_log_main
    self.log_panel.append(msg, category)
    ~~~~~~~~~~~~~~~~~~~~~^^^^^^^^^^^^^^^
  File "D:\AI\stm_microscope\ui\widgets.py", line 1337, in append
    cursor.movePosition(cursor.Start)
                        ^^^^^^^^^^^^
AttributeError: 'PySide6.QtGui.QTextCursor' object has no attribute 'Start'. Did you mean: 'atStart'?
2026-08-03 15:07:47,096 [ERROR] stm: Uncaught exception
Traceback (most recent call last):
  File "D:\AI\stm_microscope\ui\main_window.py", line 351, in _on_frame_log_main
    self.log_panel.append(f"{cmd_name}  (无 payload)", direction)
    ~~~~~~~~~~~~~~~~~~~~~^^^^^^^^^^^^^^^^^^^^^^^^^^^^^^^^^^^^^^^^
  File "D:\AI\stm_microscope\ui\widgets.py", line 1337, in append
    cursor.movePosition(cursor.Start)
                        ^^^^^^^^^^^^
AttributeError: 'PySide6.QtGui.QTextCursor' object has no attribute 'Start'. Did you mean: 'atStart'?
2026-08-03 15:07:47,099 [ERROR] stm: Uncaught exception
Traceback (most recent call last):
  File "D:\AI\stm_microscope\ui\main_window.py", line 334, in _on_log_main
    self.log_panel.append(msg, category)
    ~~~~~~~~~~~~~~~~~~~~~^^^^^^^^^^^^^^^
  File "D:\AI\stm_microscope\ui\widgets.py", line 1337, in append
    cursor.movePosition(cursor.Start)
                        ^^^^^^^^^^^^
AttributeError: 'PySide6.QtGui.QTextCursor' object has no attribute 'Start'. Did you mean: 'atStart'?
2026-08-03 15:07:47,101 [ERROR] stm: Uncaught exception
Traceback (most recent call last):
  File "D:\AI\stm_microscope\ui\main_window.py", line 351, in _on_frame_log_main
    self.log_panel.append(f"{cmd_name}  (无 payload)", direction)
    ~~~~~~~~~~~~~~~~~~~~~^^^^^^^^^^^^^^^^^^^^^^^^^^^^^^^^^^^^^^^^
  File "D:\AI\stm_microscope\ui\widgets.py", line 1337, in append
    cursor.movePosition(cursor.Start)
                        ^^^^^^^^^^^^
AttributeError: 'PySide6.QtGui.QTextCursor' object has no attribute 'Start'. Did you mean: 'atStart'?
2026-08-03 15:07:47,105 [ERROR] stm: Uncaught exception
Traceback (most recent call last):
  File "D:\AI\stm_microscope\ui\main_window.py", line 334, in _on_log_main
    self.log_panel.append(msg, category)
    ~~~~~~~~~~~~~~~~~~~~~^^^^^^^^^^^^^^^
  File "D:\AI\stm_microscope\ui\widgets.py", line 1337, in append
    cursor.movePosition(cursor.Start)
                        ^^^^^^^^^^^^
AttributeError: 'PySide6.QtGui.QTextCursor' object has no attribute 'Start'. Did you mean: 'atStart'?
2026-08-03 15:07:47,107 [ERROR] stm: Uncaught exception
Traceback (most recent call last):
  File "D:\AI\stm_microscope\ui\main_window.py", line 351, in _on_frame_log_main
    self.log_panel.append(f"{cmd_name}  (无 payload)", direction)
    ~~~~~~~~~~~~~~~~~~~~~^^^^^^^^^^^^^^^^^^^^^^^^^^^^^^^^^^^^^^^^
  File "D:\AI\stm_microscope\ui\widgets.py", line 1337, in append
    cursor.movePosition(cursor.Start)
                        ^^^^^^^^^^^^
AttributeError: 'PySide6.QtGui.QTextCursor' object has no attribute 'Start'. Did you mean: 'atStart'?
2026-08-03 15:07:47,110 [ERROR] stm: Uncaught exception
Traceback (most recent call last):
  File "D:\AI\stm_microscope\ui\main_window.py", line 334, in _on_log_main
    self.log_panel.append(msg, category)
    ~~~~~~~~~~~~~~~~~~~~~^^^^^^^^^^^^^^^
  File "D:\AI\stm_microscope\ui\widgets.py", line 1337, in append
    cursor.movePosition(cursor.Start)
                        ^^^^^^^^^^^^
AttributeError: 'PySide6.QtGui.QTextCursor' object has no attribute 'Start'. Did you mean: 'atStart'?
2026-08-03 15:07:47,112 [ERROR] stm: Uncaught exception
Traceback (most recent call last):
  File "D:\AI\stm_microscope\ui\main_window.py", line 351, in _on_frame_log_main
    self.log_panel.append(f"{cmd_name}  (无 payload)", direction)
    ~~~~~~~~~~~~~~~~~~~~~^^^^^^^^^^^^^^^^^^^^^^^^^^^^^^^^^^^^^^^^
  File "D:\AI\stm_microscope\ui\widgets.py", line 1337, in append
    cursor.movePosition(cursor.Start)
                        ^^^^^^^^^^^^
AttributeError: 'PySide6.QtGui.QTextCursor' object has no attribute 'Start'. Did you mean: 'atStart'?
2026-08-03 15:07:47,114 [ERROR] stm: Uncaught exception
Traceback (most recent call last):
  File "D:\AI\stm_microscope\ui\main_window.py", line 334, in _on_log_main
    self.log_panel.append(msg, category)
    ~~~~~~~~~~~~~~~~~~~~~^^^^^^^^^^^^^^^
  File "D:\AI\stm_microscope\ui\widgets.py", line 1337, in append
    cursor.movePosition(cursor.Start)
                        ^^^^^^^^^^^^
AttributeError: 'PySide6.QtGui.QTextCursor' object has no attribute 'Start'. Did you mean: 'atStart'?
2026-08-03 15:07:47,117 [ERROR] stm: Uncaught exception
Traceback (most recent call last):
  File "D:\AI\stm_microscope\ui\main_window.py", line 351, in _on_frame_log_main
    self.log_panel.append(f"{cmd_name}  (无 payload)", direction)
    ~~~~~~~~~~~~~~~~~~~~~^^^^^^^^^^^^^^^^^^^^^^^^^^^^^^^^^^^^^^^^
  File "D:\AI\stm_microscope\ui\widgets.py", line 1337, in append
    cursor.movePosition(cursor.Start)
                        ^^^^^^^^^^^^
AttributeError: 'PySide6.QtGui.QTextCursor' object has no attribute 'Start'. Did you mean: 'atStart'?
2026-08-03 15:07:47,119 [ERROR] stm: Uncaught exception
Traceback (most recent call last):
  File "D:\AI\stm_microscope\ui\main_window.py", line 334, in _on_log_main
    self.log_panel.append(msg, category)
    ~~~~~~~~~~~~~~~~~~~~~^^^^^^^^^^^^^^^
  File "D:\AI\stm_microscope\ui\widgets.py", line 1337, in append
    cursor.movePosition(cursor.Start)
                        ^^^^^^^^^^^^
AttributeError: 'PySide6.QtGui.QTextCursor' object has no attribute 'Start'. Did you mean: 'atStart'?
2026-08-03 15:07:47,122 [ERROR] stm: Uncaught exception
Traceback (most recent call last):
  File "D:\AI\stm_microscope\ui\main_window.py", line 351, in _on_frame_log_main
    self.log_panel.append(f"{cmd_name}  (无 payload)", direction)
    ~~~~~~~~~~~~~~~~~~~~~^^^^^^^^^^^^^^^^^^^^^^^^^^^^^^^^^^^^^^^^
  File "D:\AI\stm_microscope\ui\widgets.py", line 1337, in append
    cursor.movePosition(cursor.Start)
                        ^^^^^^^^^^^^
AttributeError: 'PySide6.QtGui.QTextCursor' object has no attribute 'Start'. Did you mean: 'atStart'?
2026-08-03 15:07:47,125 [ERROR] stm: Uncaught exception
Traceback (most recent call last):
  File "D:\AI\stm_microscope\ui\main_window.py", line 334, in _on_log_main
    self.log_panel.append(msg, category)
    ~~~~~~~~~~~~~~~~~~~~~^^^^^^^^^^^^^^^
  File "D:\AI\stm_microscope\ui\widgets.py", line 1337, in append
    cursor.movePosition(cursor.Start)
                        ^^^^^^^^^^^^
AttributeError: 'PySide6.QtGui.QTextCursor' object has no attribute 'Start'. Did you mean: 'atStart'?
2026-08-03 15:07:47,127 [ERROR] stm: Uncaught exception
Traceback (most recent call last):
  File "D:\AI\stm_microscope\ui\main_window.py", line 351, in _on_frame_log_main
    self.log_panel.append(f"{cmd_name}  (无 payload)", direction)
    ~~~~~~~~~~~~~~~~~~~~~^^^^^^^^^^^^^^^^^^^^^^^^^^^^^^^^^^^^^^^^
  File "D:\AI\stm_microscope\ui\widgets.py", line 1337, in append
    cursor.movePosition(cursor.Start)
                        ^^^^^^^^^^^^
AttributeError: 'PySide6.QtGui.QTextCursor' object has no attribute 'Start'. Did you mean: 'atStart'?
2026-08-03 15:07:47,129 [ERROR] stm: Uncaught exception
Traceback (most recent call last):
  File "D:\AI\stm_microscope\ui\main_window.py", line 334, in _on_log_main
    self.log_panel.append(msg, category)
    ~~~~~~~~~~~~~~~~~~~~~^^^^^^^^^^^^^^^
  File "D:\AI\stm_microscope\ui\widgets.py", line 1337, in append
    cursor.movePosition(cursor.Start)
                        ^^^^^^^^^^^^
AttributeError: 'PySide6.QtGui.QTextCursor' object has no attribute 'Start'. Did you mean: 'atStart'?
2026-08-03 15:07:47,132 [ERROR] stm: Uncaught exception
Traceback (most recent call last):
  File "D:\AI\stm_microscope\ui\main_window.py", line 351, in _on_frame_log_main
    self.log_panel.append(f"{cmd_name}  (无 payload)", direction)
    ~~~~~~~~~~~~~~~~~~~~~^^^^^^^^^^^^^^^^^^^^^^^^^^^^^^^^^^^^^^^^
  File "D:\AI\stm_microscope\ui\widgets.py", line 1337, in append
    cursor.movePosition(cursor.Start)
                        ^^^^^^^^^^^^
AttributeError: 'PySide6.QtGui.QTextCursor' object has no attribute 'Start'. Did you mean: 'atStart'?
2026-08-03 15:07:47,134 [ERROR] stm: Uncaught exception
Traceback (most recent call last):
  File "D:\AI\stm_microscope\ui\main_window.py", line 334, in _on_log_main
    self.log_panel.append(msg, category)
    ~~~~~~~~~~~~~~~~~~~~~^^^^^^^^^^^^^^^
  File "D:\AI\stm_microscope\ui\widgets.py", line 1337, in append
    cursor.movePosition(cursor.Start)
                        ^^^^^^^^^^^^
AttributeError: 'PySide6.QtGui.QTextCursor' object has no attribute 'Start'. Did you mean: 'atStart'?
2026-08-03 15:07:47,137 [ERROR] stm: Uncaught exception
Traceback (most recent call last):
  File "D:\AI\stm_microscope\ui\main_window.py", line 351, in _on_frame_log_main
    self.log_panel.append(f"{cmd_name}  (无 payload)", direction)
    ~~~~~~~~~~~~~~~~~~~~~^^^^^^^^^^^^^^^^^^^^^^^^^^^^^^^^^^^^^^^^
  File "D:\AI\stm_microscope\ui\widgets.py", line 1337, in append
    cursor.movePosition(cursor.Start)
                        ^^^^^^^^^^^^
AttributeError: 'PySide6.QtGui.QTextCursor' object has no attribute 'Start'. Did you mean: 'atStart'?
2026-08-03 15:07:47,139 [ERROR] stm: Uncaught exception
Traceback (most recent call last):
  File "D:\AI\stm_microscope\ui\main_window.py", line 334, in _on_log_main
    self.log_panel.append(msg, category)
    ~~~~~~~~~~~~~~~~~~~~~^^^^^^^^^^^^^^^
  File "D:\AI\stm_microscope\ui\widgets.py", line 1337, in append
    cursor.movePosition(cursor.Start)
                        ^^^^^^^^^^^^
AttributeError: 'PySide6.QtGui.QTextCursor' object has no attribute 'Start'. Did you mean: 'atStart'?
2026-08-03 15:07:47,142 [ERROR] stm: Uncaught exception
Traceback (most recent call last):
  File "D:\AI\stm_microscope\ui\main_window.py", line 351, in _on_frame_log_main
    self.log_panel.append(f"{cmd_name}  (无 payload)", direction)
    ~~~~~~~~~~~~~~~~~~~~~^^^^^^^^^^^^^^^^^^^^^^^^^^^^^^^^^^^^^^^^
  File "D:\AI\stm_microscope\ui\widgets.py", line 1337, in append
    cursor.movePosition(cursor.Start)
                        ^^^^^^^^^^^^
AttributeError: 'PySide6.QtGui.QTextCursor' object has no attribute 'Start'. Did you mean: 'atStart'?
2026-08-03 15:07:47,144 [ERROR] stm: Uncaught exception
Traceback (most recent call last):
  File "D:\AI\stm_microscope\ui\main_window.py", line 334, in _on_log_main
    self.log_panel.append(msg, category)
    ~~~~~~~~~~~~~~~~~~~~~^^^^^^^^^^^^^^^
  File "D:\AI\stm_microscope\ui\widgets.py", line 1337, in append
    cursor.movePosition(cursor.Start)
                        ^^^^^^^^^^^^
AttributeError: 'PySide6.QtGui.QTextCursor' object has no attribute 'Start'. Did you mean: 'atStart'?
2026-08-03 15:07:47,146 [ERROR] stm: Uncaught exception
Traceback (most recent call last):
  File "D:\AI\stm_microscope\ui\main_window.py", line 351, in _on_frame_log_main
    self.log_panel.append(f"{cmd_name}  (无 payload)", direction)
    ~~~~~~~~~~~~~~~~~~~~~^^^^^^^^^^^^^^^^^^^^^^^^^^^^^^^^^^^^^^^^
  File "D:\AI\stm_microscope\ui\widgets.py", line 1337, in append
    cursor.movePosition(cursor.Start)
                        ^^^^^^^^^^^^
AttributeError: 'PySide6.QtGui.QTextCursor' object has no attribute 'Start'. Did you mean: 'atStart'?
2026-08-03 15:07:47,149 [ERROR] stm: Uncaught exception
Traceback (most recent call last):
  File "D:\AI\stm_microscope\ui\main_window.py", line 334, in _on_log_main
    self.log_panel.append(msg, category)
    ~~~~~~~~~~~~~~~~~~~~~^^^^^^^^^^^^^^^
  File "D:\AI\stm_microscope\ui\widgets.py", line 1337, in append
    cursor.movePosition(cursor.Start)
                        ^^^^^^^^^^^^
AttributeError: 'PySide6.QtGui.QTextCursor' object has no attribute 'Start'. Did you mean: 'atStart'?
2026-08-03 15:07:47,151 [ERROR] stm: Uncaught exception
Traceback (most recent call last):
  File "D:\AI\stm_microscope\ui\main_window.py", line 351, in _on_frame_log_main
    self.log_panel.append(f"{cmd_name}  (无 payload)", direction)
    ~~~~~~~~~~~~~~~~~~~~~^^^^^^^^^^^^^^^^^^^^^^^^^^^^^^^^^^^^^^^^
  File "D:\AI\stm_microscope\ui\widgets.py", line 1337, in append
    cursor.movePosition(cursor.Start)
                        ^^^^^^^^^^^^
AttributeError: 'PySide6.QtGui.QTextCursor' object has no attribute 'Start'. Did you mean: 'atStart'?
2026-08-03 15:07:47,154 [ERROR] stm: Uncaught exception
Traceback (most recent call last):
  File "D:\AI\stm_microscope\ui\main_window.py", line 334, in _on_log_main
    self.log_panel.append(msg, category)
    ~~~~~~~~~~~~~~~~~~~~~^^^^^^^^^^^^^^^
  File "D:\AI\stm_microscope\ui\widgets.py", line 1337, in append
    cursor.movePosition(cursor.Start)
                        ^^^^^^^^^^^^
AttributeError: 'PySide6.QtGui.QTextCursor' object has no attribute 'Start'. Did you mean: 'atStart'?
2026-08-03 15:07:47,157 [ERROR] stm: Uncaught exception
Traceback (most recent call last):
  File "D:\AI\stm_microscope\ui\main_window.py", line 351, in _on_frame_log_main
    self.log_panel.append(f"{cmd_name}  (无 payload)", direction)
    ~~~~~~~~~~~~~~~~~~~~~^^^^^^^^^^^^^^^^^^^^^^^^^^^^^^^^^^^^^^^^
  File "D:\AI\stm_microscope\ui\widgets.py", line 1337, in append
    cursor.movePosition(cursor.Start)
                        ^^^^^^^^^^^^
AttributeError: 'PySide6.QtGui.QTextCursor' object has no attribute 'Start'. Did you mean: 'atStart'?
2026-08-03 15:07:47,159 [ERROR] stm: Uncaught exception
Traceback (most recent call last):
  File "D:\AI\stm_microscope\ui\main_window.py", line 334, in _on_log_main
    self.log_panel.append(msg, category)
    ~~~~~~~~~~~~~~~~~~~~~^^^^^^^^^^^^^^^
  File "D:\AI\stm_microscope\ui\widgets.py", line 1337, in append
    cursor.movePosition(cursor.Start)
                        ^^^^^^^^^^^^
AttributeError: 'PySide6.QtGui.QTextCursor' object has no attribute 'Start'. Did you mean: 'atStart'?
2026-08-03 15:07:47,161 [ERROR] stm: Uncaught exception
Traceback (most recent call last):
  File "D:\AI\stm_microscope\ui\main_window.py", line 351, in _on_frame_log_main
    self.log_panel.append(f"{cmd_name}  (无 payload)", direction)
    ~~~~~~~~~~~~~~~~~~~~~^^^^^^^^^^^^^^^^^^^^^^^^^^^^^^^^^^^^^^^^
  File "D:\AI\stm_microscope\ui\widgets.py", line 1337, in append
    cursor.movePosition(cursor.Start)
                        ^^^^^^^^^^^^
AttributeError: 'PySide6.QtGui.QTextCursor' object has no attribute 'Start'. Did you mean: 'atStart'?
2026-08-03 15:07:47,164 [ERROR] stm: Uncaught exception
Traceback (most recent call last):
  File "D:\AI\stm_microscope\ui\main_window.py", line 334, in _on_log_main
    self.log_panel.append(msg, category)
    ~~~~~~~~~~~~~~~~~~~~~^^^^^^^^^^^^^^^
  File "D:\AI\stm_microscope\ui\widgets.py", line 1337, in append
    cursor.movePosition(cursor.Start)
                        ^^^^^^^^^^^^
AttributeError: 'PySide6.QtGui.QTextCursor' object has no attribute 'Start'. Did you mean: 'atStart'?
2026-08-03 15:07:47,166 [ERROR] stm: Uncaught exception
Traceback (most recent call last):
  File "D:\AI\stm_microscope\ui\main_window.py", line 351, in _on_frame_log_main
    self.log_panel.append(f"{cmd_name}  (无 payload)", direction)
    ~~~~~~~~~~~~~~~~~~~~~^^^^^^^^^^^^^^^^^^^^^^^^^^^^^^^^^^^^^^^^
  File "D:\AI\stm_microscope\ui\widgets.py", line 1337, in append
    cursor.movePosition(cursor.Start)
                        ^^^^^^^^^^^^
AttributeError: 'PySide6.QtGui.QTextCursor' object has no attribute 'Start'. Did you mean: 'atStart'?
2026-08-03 15:07:47,169 [ERROR] stm: Uncaught exception
Traceback (most recent call last):
  File "D:\AI\stm_microscope\ui\main_window.py", line 334, in _on_log_main
    self.log_panel.append(msg, category)
    ~~~~~~~~~~~~~~~~~~~~~^^^^^^^^^^^^^^^
  File "D:\AI\stm_microscope\ui\widgets.py", line 1337, in append
    cursor.movePosition(cursor.Start)
                        ^^^^^^^^^^^^
AttributeError: 'PySide6.QtGui.QTextCursor' object has no attribute 'Start'. Did you mean: 'atStart'?
2026-08-03 15:07:47,172 [ERROR] stm: Uncaught exception
Traceback (most recent call last):
  File "D:\AI\stm_microscope\ui\main_window.py", line 351, in _on_frame_log_main
    self.log_panel.append(f"{cmd_name}  (无 payload)", direction)
    ~~~~~~~~~~~~~~~~~~~~~^^^^^^^^^^^^^^^^^^^^^^^^^^^^^^^^^^^^^^^^
  File "D:\AI\stm_microscope\ui\widgets.py", line 1337, in append
    cursor.movePosition(cursor.Start)
                        ^^^^^^^^^^^^
AttributeError: 'PySide6.QtGui.QTextCursor' object has no attribute 'Start'. Did you mean: 'atStart'?
2026-08-03 15:07:47,174 [ERROR] stm: Uncaught exception
Traceback (most recent call last):
  File "D:\AI\stm_microscope\ui\main_window.py", line 334, in _on_log_main
    self.log_panel.append(msg, category)
    ~~~~~~~~~~~~~~~~~~~~~^^^^^^^^^^^^^^^
  File "D:\AI\stm_microscope\ui\widgets.py", line 1337, in append
    cursor.movePosition(cursor.Start)
                        ^^^^^^^^^^^^
AttributeError: 'PySide6.QtGui.QTextCursor' object has no attribute 'Start'. Did you mean: 'atStart'?
2026-08-03 15:07:47,177 [ERROR] stm: Uncaught exception
Traceback (most recent call last):
  File "D:\AI\stm_microscope\ui\main_window.py", line 351, in _on_frame_log_main
    self.log_panel.append(f"{cmd_name}  (无 payload)", direction)
    ~~~~~~~~~~~~~~~~~~~~~^^^^^^^^^^^^^^^^^^^^^^^^^^^^^^^^^^^^^^^^
  File "D:\AI\stm_microscope\ui\widgets.py", line 1337, in append
    cursor.movePosition(cursor.Start)
                        ^^^^^^^^^^^^
AttributeError: 'PySide6.QtGui.QTextCursor' object has no attribute 'Start'. Did you mean: 'atStart'?
2026-08-03 15:07:47,179 [ERROR] stm: Uncaught exception
Traceback (most recent call last):
  File "D:\AI\stm_microscope\ui\main_window.py", line 334, in _on_log_main
    self.log_panel.append(msg, category)
    ~~~~~~~~~~~~~~~~~~~~~^^^^^^^^^^^^^^^
  File "D:\AI\stm_microscope\ui\widgets.py", line 1337, in append
    cursor.movePosition(cursor.Start)
                        ^^^^^^^^^^^^
AttributeError: 'PySide6.QtGui.QTextCursor' object has no attribute 'Start'. Did you mean: 'atStart'?
2026-08-03 15:07:47,181 [ERROR] stm: Uncaught exception
Traceback (most recent call last):
  File "D:\AI\stm_microscope\ui\main_window.py", line 351, in _on_frame_log_main
    self.log_panel.append(f"{cmd_name}  (无 payload)", direction)
    ~~~~~~~~~~~~~~~~~~~~~^^^^^^^^^^^^^^^^^^^^^^^^^^^^^^^^^^^^^^^^
  File "D:\AI\stm_microscope\ui\widgets.py", line 1337, in append
    cursor.movePosition(cursor.Start)
                        ^^^^^^^^^^^^
AttributeError: 'PySide6.QtGui.QTextCursor' object has no attribute 'Start'. Did you mean: 'atStart'?
2026-08-03 15:07:47,184 [ERROR] stm: Uncaught exception
Traceback (most recent call last):
  File "D:\AI\stm_microscope\ui\main_window.py", line 334, in _on_log_main
    self.log_panel.append(msg, category)
    ~~~~~~~~~~~~~~~~~~~~~^^^^^^^^^^^^^^^
  File "D:\AI\stm_microscope\ui\widgets.py", line 1337, in append
    cursor.movePosition(cursor.Start)
                        ^^^^^^^^^^^^
AttributeError: 'PySide6.QtGui.QTextCursor' object has no attribute 'Start'. Did you mean: 'atStart'?
2026-08-03 15:07:47,186 [ERROR] stm: Uncaught exception
Traceback (most recent call last):
  File "D:\AI\stm_microscope\ui\main_window.py", line 351, in _on_frame_log_main
    self.log_panel.append(f"{cmd_name}  (无 payload)", direction)
    ~~~~~~~~~~~~~~~~~~~~~^^^^^^^^^^^^^^^^^^^^^^^^^^^^^^^^^^^^^^^^
  File "D:\AI\stm_microscope\ui\widgets.py", line 1337, in append
    cursor.movePosition(cursor.Start)
                        ^^^^^^^^^^^^
AttributeError: 'PySide6.QtGui.QTextCursor' object has no attribute 'Start'. Did you mean: 'atStart'?
2026-08-03 15:07:47,189 [ERROR] stm: Uncaught exception
Traceback (most recent call last):
  File "D:\AI\stm_microscope\ui\main_window.py", line 334, in _on_log_main
    self.log_panel.append(msg, category)
    ~~~~~~~~~~~~~~~~~~~~~^^^^^^^^^^^^^^^
  File "D:\AI\stm_microscope\ui\widgets.py", line 1337, in append
    cursor.movePosition(cursor.Start)
                        ^^^^^^^^^^^^
AttributeError: 'PySide6.QtGui.QTextCursor' object has no attribute 'Start'. Did you mean: 'atStart'?
2026-08-03 15:07:47,191 [ERROR] stm: Uncaught exception
Traceback (most recent call last):
  File "D:\AI\stm_microscope\ui\main_window.py", line 351, in _on_frame_log_main
    self.log_panel.append(f"{cmd_name}  (无 payload)", direction)
    ~~~~~~~~~~~~~~~~~~~~~^^^^^^^^^^^^^^^^^^^^^^^^^^^^^^^^^^^^^^^^
  File "D:\AI\stm_microscope\ui\widgets.py", line 1337, in append
    cursor.movePosition(cursor.Start)
                        ^^^^^^^^^^^^
AttributeError: 'PySide6.QtGui.QTextCursor' object has no attribute 'Start'. Did you mean: 'atStart'?
2026-08-03 15:07:47,194 [ERROR] stm: Uncaught exception
Traceback (most recent call last):
  File "D:\AI\stm_microscope\ui\main_window.py", line 334, in _on_log_main
    self.log_panel.append(msg, category)
    ~~~~~~~~~~~~~~~~~~~~~^^^^^^^^^^^^^^^
  File "D:\AI\stm_microscope\ui\widgets.py", line 1337, in append
    cursor.movePosition(cursor.Start)
                        ^^^^^^^^^^^^
AttributeError: 'PySide6.QtGui.QTextCursor' object has no attribute 'Start'. Did you mean: 'atStart'?
2026-08-03 15:07:47,196 [ERROR] stm: Uncaught exception
Traceback (most recent call last):
  File "D:\AI\stm_microscope\ui\main_window.py", line 351, in _on_frame_log_main
    self.log_panel.append(f"{cmd_name}  (无 payload)", direction)
    ~~~~~~~~~~~~~~~~~~~~~^^^^^^^^^^^^^^^^^^^^^^^^^^^^^^^^^^^^^^^^
  File "D:\AI\stm_microscope\ui\widgets.py", line 1337, in append
    cursor.movePosition(cursor.Start)
                        ^^^^^^^^^^^^
AttributeError: 'PySide6.QtGui.QTextCursor' object has no attribute 'Start'. Did you mean: 'atStart'?
2026-08-03 15:07:47,199 [ERROR] stm: Uncaught exception
Traceback (most recent call last):
  File "D:\AI\stm_microscope\ui\main_window.py", line 334, in _on_log_main
    self.log_panel.append(msg, category)
    ~~~~~~~~~~~~~~~~~~~~~^^^^^^^^^^^^^^^
  File "D:\AI\stm_microscope\ui\widgets.py", line 1337, in append
    cursor.movePosition(cursor.Start)
                        ^^^^^^^^^^^^
AttributeError: 'PySide6.QtGui.QTextCursor' object has no attribute 'Start'. Did you mean: 'atStart'?
2026-08-03 15:07:47,201 [ERROR] stm: Uncaught exception
Traceback (most recent call last):
  File "D:\AI\stm_microscope\ui\main_window.py", line 351, in _on_frame_log_main
    self.log_panel.append(f"{cmd_name}  (无 payload)", direction)
    ~~~~~~~~~~~~~~~~~~~~~^^^^^^^^^^^^^^^^^^^^^^^^^^^^^^^^^^^^^^^^
  File "D:\AI\stm_microscope\ui\widgets.py", line 1337, in append
    cursor.movePosition(cursor.Start)
                        ^^^^^^^^^^^^
AttributeError: 'PySide6.QtGui.QTextCursor' object has no attribute 'Start'. Did you mean: 'atStart'?
2026-08-03 15:07:47,204 [ERROR] stm: Uncaught exception
Traceback (most recent call last):
  File "D:\AI\stm_microscope\ui\main_window.py", line 334, in _on_log_main
    self.log_panel.append(msg, category)
    ~~~~~~~~~~~~~~~~~~~~~^^^^^^^^^^^^^^^
  File "D:\AI\stm_microscope\ui\widgets.py", line 1337, in append
    cursor.movePosition(cursor.Start)
                        ^^^^^^^^^^^^
AttributeError: 'PySide6.QtGui.QTextCursor' object has no attribute 'Start'. Did you mean: 'atStart'?
2026-08-03 15:07:47,206 [ERROR] stm: Uncaught exception
Traceback (most recent call last):
  File "D:\AI\stm_microscope\ui\main_window.py", line 351, in _on_frame_log_main
    self.log_panel.append(f"{cmd_name}  (无 payload)", direction)
    ~~~~~~~~~~~~~~~~~~~~~^^^^^^^^^^^^^^^^^^^^^^^^^^^^^^^^^^^^^^^^
  File "D:\AI\stm_microscope\ui\widgets.py", line 1337, in append
    cursor.movePosition(cursor.Start)
                        ^^^^^^^^^^^^
AttributeError: 'PySide6.QtGui.QTextCursor' object has no attribute 'Start'. Did you mean: 'atStart'?
2026-08-03 15:07:47,209 [ERROR] stm: Uncaught exception
Traceback (most recent call last):
  File "D:\AI\stm_microscope\ui\main_window.py", line 334, in _on_log_main
    self.log_panel.append(msg, category)
    ~~~~~~~~~~~~~~~~~~~~~^^^^^^^^^^^^^^^
  File "D:\AI\stm_microscope\ui\widgets.py", line 1337, in append
    cursor.movePosition(cursor.Start)
                        ^^^^^^^^^^^^
AttributeError: 'PySide6.QtGui.QTextCursor' object has no attribute 'Start'. Did you mean: 'atStart'?
2026-08-03 15:07:47,212 [ERROR] stm: Uncaught exception
Traceback (most recent call last):
  File "D:\AI\stm_microscope\ui\main_window.py", line 351, in _on_frame_log_main
    self.log_panel.append(f"{cmd_name}  (无 payload)", direction)
    ~~~~~~~~~~~~~~~~~~~~~^^^^^^^^^^^^^^^^^^^^^^^^^^^^^^^^^^^^^^^^
  File "D:\AI\stm_microscope\ui\widgets.py", line 1337, in append
    cursor.movePosition(cursor.Start)
                        ^^^^^^^^^^^^
AttributeError: 'PySide6.QtGui.QTextCursor' object has no attribute 'Start'. Did you mean: 'atStart'?
2026-08-03 15:07:47,214 [ERROR] stm: Uncaught exception
Traceback (most recent call last):
  File "D:\AI\stm_microscope\ui\main_window.py", line 334, in _on_log_main
    self.log_panel.append(msg, category)
    ~~~~~~~~~~~~~~~~~~~~~^^^^^^^^^^^^^^^
  File "D:\AI\stm_microscope\ui\widgets.py", line 1337, in append
    cursor.movePosition(cursor.Start)
                        ^^^^^^^^^^^^
AttributeError: 'PySide6.QtGui.QTextCursor' object has no attribute 'Start'. Did you mean: 'atStart'?
2026-08-03 15:07:47,217 [ERROR] stm: Uncaught exception
Traceback (most recent call last):
  File "D:\AI\stm_microscope\ui\main_window.py", line 351, in _on_frame_log_main
    self.log_panel.append(f"{cmd_name}  (无 payload)", direction)
    ~~~~~~~~~~~~~~~~~~~~~^^^^^^^^^^^^^^^^^^^^^^^^^^^^^^^^^^^^^^^^
  File "D:\AI\stm_microscope\ui\widgets.py", line 1337, in append
    cursor.movePosition(cursor.Start)
                        ^^^^^^^^^^^^
AttributeError: 'PySide6.QtGui.QTextCursor' object has no attribute 'Start'. Did you mean: 'atStart'?
2026-08-03 15:07:47,219 [ERROR] stm: Uncaught exception
Traceback (most recent call last):
  File "D:\AI\stm_microscope\ui\main_window.py", line 334, in _on_log_main
    self.log_panel.append(msg, category)
    ~~~~~~~~~~~~~~~~~~~~~^^^^^^^^^^^^^^^
  File "D:\AI\stm_microscope\ui\widgets.py", line 1337, in append
    cursor.movePosition(cursor.Start)
                        ^^^^^^^^^^^^
AttributeError: 'PySide6.QtGui.QTextCursor' object has no attribute 'Start'. Did you mean: 'atStart'?
2026-08-03 15:07:47,221 [ERROR] stm: Uncaught exception
Traceback (most recent call last):
  File "D:\AI\stm_microscope\ui\main_window.py", line 351, in _on_frame_log_main
    self.log_panel.append(f"{cmd_name}  (无 payload)", direction)
    ~~~~~~~~~~~~~~~~~~~~~^^^^^^^^^^^^^^^^^^^^^^^^^^^^^^^^^^^^^^^^
  File "D:\AI\stm_microscope\ui\widgets.py", line 1337, in append
    cursor.movePosition(cursor.Start)
                        ^^^^^^^^^^^^
AttributeError: 'PySide6.QtGui.QTextCursor' object has no attribute 'Start'. Did you mean: 'atStart'?
2026-08-03 15:07:47,224 [ERROR] stm: Uncaught exception
Traceback (most recent call last):
  File "D:\AI\stm_microscope\ui\main_window.py", line 334, in _on_log_main
    self.log_panel.append(msg, category)
    ~~~~~~~~~~~~~~~~~~~~~^^^^^^^^^^^^^^^
  File "D:\AI\stm_microscope\ui\widgets.py", line 1337, in append
    cursor.movePosition(cursor.Start)
                        ^^^^^^^^^^^^
AttributeError: 'PySide6.QtGui.QTextCursor' object has no attribute 'Start'. Did you mean: 'atStart'?
2026-08-03 15:07:47,226 [ERROR] stm: Uncaught exception
Traceback (most recent call last):
  File "D:\AI\stm_microscope\ui\main_window.py", line 351, in _on_frame_log_main
    self.log_panel.append(f"{cmd_name}  (无 payload)", direction)
    ~~~~~~~~~~~~~~~~~~~~~^^^^^^^^^^^^^^^^^^^^^^^^^^^^^^^^^^^^^^^^
  File "D:\AI\stm_microscope\ui\widgets.py", line 1337, in append
    cursor.movePosition(cursor.Start)
                        ^^^^^^^^^^^^
AttributeError: 'PySide6.QtGui.QTextCursor' object has no attribute 'Start'. Did you mean: 'atStart'?
2026-08-03 15:07:47,229 [ERROR] stm: Uncaught exception
Traceback (most recent call last):
  File "D:\AI\stm_microscope\ui\main_window.py", line 334, in _on_log_main
    self.log_panel.append(msg, category)
    ~~~~~~~~~~~~~~~~~~~~~^^^^^^^^^^^^^^^
  File "D:\AI\stm_microscope\ui\widgets.py", line 1337, in append
    cursor.movePosition(cursor.Start)
                        ^^^^^^^^^^^^
AttributeError: 'PySide6.QtGui.QTextCursor' object has no attribute 'Start'. Did you mean: 'atStart'?
2026-08-03 15:07:47,232 [ERROR] stm: Uncaught exception
Traceback (most recent call last):
  File "D:\AI\stm_microscope\ui\main_window.py", line 351, in _on_frame_log_main
    self.log_panel.append(f"{cmd_name}  (无 payload)", direction)
    ~~~~~~~~~~~~~~~~~~~~~^^^^^^^^^^^^^^^^^^^^^^^^^^^^^^^^^^^^^^^^
  File "D:\AI\stm_microscope\ui\widgets.py", line 1337, in append
    cursor.movePosition(cursor.Start)
                        ^^^^^^^^^^^^
AttributeError: 'PySide6.QtGui.QTextCursor' object has no attribute 'Start'. Did you mean: 'atStart'?
2026-08-03 15:07:47,235 [ERROR] stm: Uncaught exception
Traceback (most recent call last):
  File "D:\AI\stm_microscope\ui\main_window.py", line 334, in _on_log_main
    self.log_panel.append(msg, category)
    ~~~~~~~~~~~~~~~~~~~~~^^^^^^^^^^^^^^^
  File "D:\AI\stm_microscope\ui\widgets.py", line 1337, in append
    cursor.movePosition(cursor.Start)
                        ^^^^^^^^^^^^
AttributeError: 'PySide6.QtGui.QTextCursor' object has no attribute 'Start'. Did you mean: 'atStart'?
2026-08-03 15:07:47,237 [ERROR] stm: Uncaught exception
Traceback (most recent call last):
  File "D:\AI\stm_microscope\ui\main_window.py", line 351, in _on_frame_log_main
    self.log_panel.append(f"{cmd_name}  (无 payload)", direction)
    ~~~~~~~~~~~~~~~~~~~~~^^^^^^^^^^^^^^^^^^^^^^^^^^^^^^^^^^^^^^^^
  File "D:\AI\stm_microscope\ui\widgets.py", line 1337, in append
    cursor.movePosition(cursor.Start)
                        ^^^^^^^^^^^^
AttributeError: 'PySide6.QtGui.QTextCursor' object has no attribute 'Start'. Did you mean: 'atStart'?
2026-08-03 15:07:47,240 [ERROR] stm: Uncaught exception
Traceback (most recent call last):
  File "D:\AI\stm_microscope\ui\main_window.py", line 334, in _on_log_main
    self.log_panel.append(msg, category)
    ~~~~~~~~~~~~~~~~~~~~~^^^^^^^^^^^^^^^
  File "D:\AI\stm_microscope\ui\widgets.py", line 1337, in append
    cursor.movePosition(cursor.Start)
                        ^^^^^^^^^^^^
AttributeError: 'PySide6.QtGui.QTextCursor' object has no attribute 'Start'. Did you mean: 'atStart'?
2026-08-03 15:07:47,242 [ERROR] stm: Uncaught exception
Traceback (most recent call last):
  File "D:\AI\stm_microscope\ui\main_window.py", line 351, in _on_frame_log_main
    self.log_panel.append(f"{cmd_name}  (无 payload)", direction)
    ~~~~~~~~~~~~~~~~~~~~~^^^^^^^^^^^^^^^^^^^^^^^^^^^^^^^^^^^^^^^^
  File "D:\AI\stm_microscope\ui\widgets.py", line 1337, in append
    cursor.movePosition(cursor.Start)
                        ^^^^^^^^^^^^
AttributeError: 'PySide6.QtGui.QTextCursor' object has no attribute 'Start'. Did you mean: 'atStart'?
2026-08-03 15:07:47,244 [ERROR] stm: Uncaught exception
Traceback (most recent call last):
  File "D:\AI\stm_microscope\ui\main_window.py", line 334, in _on_log_main
    self.log_panel.append(msg, category)
    ~~~~~~~~~~~~~~~~~~~~~^^^^^^^^^^^^^^^
  File "D:\AI\stm_microscope\ui\widgets.py", line 1337, in append
    cursor.movePosition(cursor.Start)
                        ^^^^^^^^^^^^
AttributeError: 'PySide6.QtGui.QTextCursor' object has no attribute 'Start'. Did you mean: 'atStart'?
2026-08-03 15:07:47,246 [ERROR] stm: Uncaught exception
Traceback (most recent call last):
  File "D:\AI\stm_microscope\ui\main_window.py", line 351, in _on_frame_log_main
    self.log_panel.append(f"{cmd_name}  (无 payload)", direction)
    ~~~~~~~~~~~~~~~~~~~~~^^^^^^^^^^^^^^^^^^^^^^^^^^^^^^^^^^^^^^^^
  File "D:\AI\stm_microscope\ui\widgets.py", line 1337, in append
    cursor.movePosition(cursor.Start)
                        ^^^^^^^^^^^^
AttributeError: 'PySide6.QtGui.QTextCursor' object has no attribute 'Start'. Did you mean: 'atStart'?
2026-08-03 15:07:47,249 [ERROR] stm: Uncaught exception
Traceback (most recent call last):
  File "D:\AI\stm_microscope\ui\main_window.py", line 334, in _on_log_main
    self.log_panel.append(msg, category)
    ~~~~~~~~~~~~~~~~~~~~~^^^^^^^^^^^^^^^
  File "D:\AI\stm_microscope\ui\widgets.py", line 1337, in append
    cursor.movePosition(cursor.Start)
                        ^^^^^^^^^^^^
AttributeError: 'PySide6.QtGui.QTextCursor' object has no attribute 'Start'. Did you mean: 'atStart'?
2026-08-03 15:07:47,251 [ERROR] stm: Uncaught exception
Traceback (most recent call last):
  File "D:\AI\stm_microscope\ui\main_window.py", line 351, in _on_frame_log_main
    self.log_panel.append(f"{cmd_name}  (无 payload)", direction)
    ~~~~~~~~~~~~~~~~~~~~~^^^^^^^^^^^^^^^^^^^^^^^^^^^^^^^^^^^^^^^^
  File "D:\AI\stm_microscope\ui\widgets.py", line 1337, in append
    cursor.movePosition(cursor.Start)
                        ^^^^^^^^^^^^
AttributeError: 'PySide6.QtGui.QTextCursor' object has no attribute 'Start'. Did you mean: 'atStart'?
2026-08-03 15:07:47,254 [ERROR] stm: Uncaught exception
Traceback (most recent call last):
  File "D:\AI\stm_microscope\ui\main_window.py", line 334, in _on_log_main
    self.log_panel.append(msg, category)
    ~~~~~~~~~~~~~~~~~~~~~^^^^^^^^^^^^^^^
  File "D:\AI\stm_microscope\ui\widgets.py", line 1337, in append
    cursor.movePosition(cursor.Start)
                        ^^^^^^^^^^^^
AttributeError: 'PySide6.QtGui.QTextCursor' object has no attribute 'Start'. Did you mean: 'atStart'?
2026-08-03 15:07:47,256 [ERROR] stm: Uncaught exception
Traceback (most recent call last):
  File "D:\AI\stm_microscope\ui\main_window.py", line 351, in _on_frame_log_main
    self.log_panel.append(f"{cmd_name}  (无 payload)", direction)
    ~~~~~~~~~~~~~~~~~~~~~^^^^^^^^^^^^^^^^^^^^^^^^^^^^^^^^^^^^^^^^
  File "D:\AI\stm_microscope\ui\widgets.py", line 1337, in append
    cursor.movePosition(cursor.Start)
                        ^^^^^^^^^^^^
AttributeError: 'PySide6.QtGui.QTextCursor' object has no attribute 'Start'. Did you mean: 'atStart'?
2026-08-03 15:07:47,258 [ERROR] stm: Uncaught exception
Traceback (most recent call last):
  File "D:\AI\stm_microscope\ui\main_window.py", line 334, in _on_log_main
    self.log_panel.append(msg, category)
    ~~~~~~~~~~~~~~~~~~~~~^^^^^^^^^^^^^^^
  File "D:\AI\stm_microscope\ui\widgets.py", line 1337, in append
    cursor.movePosition(cursor.Start)
                        ^^^^^^^^^^^^
AttributeError: 'PySide6.QtGui.QTextCursor' object has no attribute 'Start'. Did you mean: 'atStart'?
2026-08-03 15:07:47,261 [ERROR] stm: Uncaught exception
Traceback (most recent call last):
  File "D:\AI\stm_microscope\ui\main_window.py", line 351, in _on_frame_log_main
    self.log_panel.append(f"{cmd_name}  (无 payload)", direction)
    ~~~~~~~~~~~~~~~~~~~~~^^^^^^^^^^^^^^^^^^^^^^^^^^^^^^^^^^^^^^^^
  File "D:\AI\stm_microscope\ui\widgets.py", line 1337, in append
    cursor.movePosition(cursor.Start)
                        ^^^^^^^^^^^^
AttributeError: 'PySide6.QtGui.QTextCursor' object has no attribute 'Start'. Did you mean: 'atStart'?
2026-08-03 15:07:47,263 [ERROR] stm: Uncaught exception
Traceback (most recent call last):
  File "D:\AI\stm_microscope\ui\main_window.py", line 334, in _on_log_main
    self.log_panel.append(msg, category)
    ~~~~~~~~~~~~~~~~~~~~~^^^^^^^^^^^^^^^
  File "D:\AI\stm_microscope\ui\widgets.py", line 1337, in append
    cursor.movePosition(cursor.Start)
                        ^^^^^^^^^^^^
AttributeError: 'PySide6.QtGui.QTextCursor' object has no attribute 'Start'. Did you mean: 'atStart'?
2026-08-03 15:07:47,266 [ERROR] stm: Uncaught exception
Traceback (most recent call last):
  File "D:\AI\stm_microscope\ui\main_window.py", line 351, in _on_frame_log_main
    self.log_panel.append(f"{cmd_name}  (无 payload)", direction)
    ~~~~~~~~~~~~~~~~~~~~~^^^^^^^^^^^^^^^^^^^^^^^^^^^^^^^^^^^^^^^^
  File "D:\AI\stm_microscope\ui\widgets.py", line 1337, in append
    cursor.movePosition(cursor.Start)
                        ^^^^^^^^^^^^
AttributeError: 'PySide6.QtGui.QTextCursor' object has no attribute 'Start'. Did you mean: 'atStart'?
2026-08-03 15:07:47,268 [ERROR] stm: Uncaught exception
Traceback (most recent call last):
  File "D:\AI\stm_microscope\ui\main_window.py", line 334, in _on_log_main
    self.log_panel.append(msg, category)
    ~~~~~~~~~~~~~~~~~~~~~^^^^^^^^^^^^^^^
  File "D:\AI\stm_microscope\ui\widgets.py", line 1337, in append
    cursor.movePosition(cursor.Start)
                        ^^^^^^^^^^^^
AttributeError: 'PySide6.QtGui.QTextCursor' object has no attribute 'Start'. Did you mean: 'atStart'?
2026-08-03 15:07:47,271 [ERROR] stm: Uncaught exception
Traceback (most recent call last):
  File "D:\AI\stm_microscope\ui\main_window.py", line 351, in _on_frame_log_main
    self.log_panel.append(f"{cmd_name}  (无 payload)", direction)
    ~~~~~~~~~~~~~~~~~~~~~^^^^^^^^^^^^^^^^^^^^^^^^^^^^^^^^^^^^^^^^
  File "D:\AI\stm_microscope\ui\widgets.py", line 1337, in append
    cursor.movePosition(cursor.Start)
                        ^^^^^^^^^^^^
AttributeError: 'PySide6.QtGui.QTextCursor' object has no attribute 'Start'. Did you mean: 'atStart'?
2026-08-03 15:07:47,274 [ERROR] stm: Uncaught exception
Traceback (most recent call last):
  File "D:\AI\stm_microscope\ui\main_window.py", line 334, in _on_log_main
    self.log_panel.append(msg, category)
    ~~~~~~~~~~~~~~~~~~~~~^^^^^^^^^^^^^^^
  File "D:\AI\stm_microscope\ui\widgets.py", line 1337, in append
    cursor.movePosition(cursor.Start)
                        ^^^^^^^^^^^^
AttributeError: 'PySide6.QtGui.QTextCursor' object has no attribute 'Start'. Did you mean: 'atStart'?
2026-08-03 15:07:47,276 [ERROR] stm: Uncaught exception
Traceback (most recent call last):
  File "D:\AI\stm_microscope\ui\main_window.py", line 351, in _on_frame_log_main
    self.log_panel.append(f"{cmd_name}  (无 payload)", direction)
    ~~~~~~~~~~~~~~~~~~~~~^^^^^^^^^^^^^^^^^^^^^^^^^^^^^^^^^^^^^^^^
  File "D:\AI\stm_microscope\ui\widgets.py", line 1337, in append
    cursor.movePosition(cursor.Start)
                        ^^^^^^^^^^^^
AttributeError: 'PySide6.QtGui.QTextCursor' object has no attribute 'Start'. Did you mean: 'atStart'?
2026-08-03 15:07:47,278 [ERROR] stm: Uncaught exception
Traceback (most recent call last):
  File "D:\AI\stm_microscope\ui\main_window.py", line 334, in _on_log_main
    self.log_panel.append(msg, category)
    ~~~~~~~~~~~~~~~~~~~~~^^^^^^^^^^^^^^^
  File "D:\AI\stm_microscope\ui\widgets.py", line 1337, in append
    cursor.movePosition(cursor.Start)
                        ^^^^^^^^^^^^
AttributeError: 'PySide6.QtGui.QTextCursor' object has no attribute 'Start'. Did you mean: 'atStart'?
2026-08-03 15:07:47,281 [ERROR] stm: Uncaught exception
Traceback (most recent call last):
  File "D:\AI\stm_microscope\ui\main_window.py", line 351, in _on_frame_log_main
    self.log_panel.append(f"{cmd_name}  (无 payload)", direction)
    ~~~~~~~~~~~~~~~~~~~~~^^^^^^^^^^^^^^^^^^^^^^^^^^^^^^^^^^^^^^^^
  File "D:\AI\stm_microscope\ui\widgets.py", line 1337, in append
    cursor.movePosition(cursor.Start)
                        ^^^^^^^^^^^^
AttributeError: 'PySide6.QtGui.QTextCursor' object has no attribute 'Start'. Did you mean: 'atStart'?
2026-08-03 15:07:47,284 [ERROR] stm: Uncaught exception
Traceback (most recent call last):
  File "D:\AI\stm_microscope\ui\main_window.py", line 334, in _on_log_main
    self.log_panel.append(msg, category)
    ~~~~~~~~~~~~~~~~~~~~~^^^^^^^^^^^^^^^
  File "D:\AI\stm_microscope\ui\widgets.py", line 1337, in append
    cursor.movePosition(cursor.Start)
                        ^^^^^^^^^^^^
AttributeError: 'PySide6.QtGui.QTextCursor' object has no attribute 'Start'. Did you mean: 'atStart'?
2026-08-03 15:07:47,324 [ERROR] stm: Uncaught exception
Traceback (most recent call last):
  File "D:\AI\stm_microscope\ui\main_window.py", line 351, in _on_frame_log_main
    self.log_panel.append(f"{cmd_name}  (无 payload)", direction)
    ~~~~~~~~~~~~~~~~~~~~~^^^^^^^^^^^^^^^^^^^^^^^^^^^^^^^^^^^^^^^^
  File "D:\AI\stm_microscope\ui\widgets.py", line 1337, in append
    cursor.movePosition(cursor.Start)
                        ^^^^^^^^^^^^
AttributeError: 'PySide6.QtGui.QTextCursor' object has no attribute 'Start'. Did you mean: 'atStart'?
2026-08-03 15:07:47,327 [ERROR] stm: Uncaught exception
Traceback (most recent call last):
  File "D:\AI\stm_microscope\ui\main_window.py", line 334, in _on_log_main
    self.log_panel.append(msg, category)
    ~~~~~~~~~~~~~~~~~~~~~^^^^^^^^^^^^^^^
  File "D:\AI\stm_microscope\ui\widgets.py", line 1337, in append
    cursor.movePosition(cursor.Start)
                        ^^^^^^^^^^^^
AttributeError: 'PySide6.QtGui.QTextCursor' object has no attribute 'Start'. Did you mean: 'atStart'?
2026-08-03 15:07:47,330 [ERROR] stm: Uncaught exception
Traceback (most recent call last):
  File "D:\AI\stm_microscope\ui\main_window.py", line 351, in _on_frame_log_main
    self.log_panel.append(f"{cmd_name}  (无 payload)", direction)
    ~~~~~~~~~~~~~~~~~~~~~^^^^^^^^^^^^^^^^^^^^^^^^^^^^^^^^^^^^^^^^
  File "D:\AI\stm_microscope\ui\widgets.py", line 1337, in append
    cursor.movePosition(cursor.Start)
                        ^^^^^^^^^^^^
AttributeError: 'PySide6.QtGui.QTextCursor' object has no attribute 'Start'. Did you mean: 'atStart'?
2026-08-03 15:07:47,333 [ERROR] stm: Uncaught exception
Traceback (most recent call last):
  File "D:\AI\stm_microscope\ui\main_window.py", line 334, in _on_log_main
    self.log_panel.append(msg, category)
    ~~~~~~~~~~~~~~~~~~~~~^^^^^^^^^^^^^^^
  File "D:\AI\stm_microscope\ui\widgets.py", line 1337, in append
    cursor.movePosition(cursor.Start)
                        ^^^^^^^^^^^^
AttributeError: 'PySide6.QtGui.QTextCursor' object has no attribute 'Start'. Did you mean: 'atStart'?
2026-08-03 15:07:47,335 [ERROR] stm: Uncaught exception
Traceback (most recent call last):
  File "D:\AI\stm_microscope\ui\main_window.py", line 351, in _on_frame_log_main
    self.log_panel.append(f"{cmd_name}  (无 payload)", direction)
    ~~~~~~~~~~~~~~~~~~~~~^^^^^^^^^^^^^^^^^^^^^^^^^^^^^^^^^^^^^^^^
  File "D:\AI\stm_microscope\ui\widgets.py", line 1337, in append
    cursor.movePosition(cursor.Start)
                        ^^^^^^^^^^^^
AttributeError: 'PySide6.QtGui.QTextCursor' object has no attribute 'Start'. Did you mean: 'atStart'?
2026-08-03 15:07:47,338 [ERROR] stm: Uncaught exception
Traceback (most recent call last):
  File "D:\AI\stm_microscope\ui\main_window.py", line 334, in _on_log_main
    self.log_panel.append(msg, category)
    ~~~~~~~~~~~~~~~~~~~~~^^^^^^^^^^^^^^^
  File "D:\AI\stm_microscope\ui\widgets.py", line 1337, in append
    cursor.movePosition(cursor.Start)
                        ^^^^^^^^^^^^
AttributeError: 'PySide6.QtGui.QTextCursor' object has no attribute 'Start'. Did you mean: 'atStart'?
2026-08-03 15:07:47,341 [ERROR] stm: Uncaught exception
Traceback (most recent call last):
  File "D:\AI\stm_microscope\ui\main_window.py", line 351, in _on_frame_log_main
    self.log_panel.append(f"{cmd_name}  (无 payload)", direction)
    ~~~~~~~~~~~~~~~~~~~~~^^^^^^^^^^^^^^^^^^^^^^^^^^^^^^^^^^^^^^^^
  File "D:\AI\stm_microscope\ui\widgets.py", line 1337, in append
    cursor.movePosition(cursor.Start)
                        ^^^^^^^^^^^^
AttributeError: 'PySide6.QtGui.QTextCursor' object has no attribute 'Start'. Did you mean: 'atStart'?
2026-08-03 15:07:47,344 [ERROR] stm: Uncaught exception
Traceback (most recent call last):
  File "D:\AI\stm_microscope\ui\main_window.py", line 334, in _on_log_main
    self.log_panel.append(msg, category)
    ~~~~~~~~~~~~~~~~~~~~~^^^^^^^^^^^^^^^
  File "D:\AI\stm_microscope\ui\widgets.py", line 1337, in append
    cursor.movePosition(cursor.Start)
                        ^^^^^^^^^^^^
AttributeError: 'PySide6.QtGui.QTextCursor' object has no attribute 'Start'. Did you mean: 'atStart'?
2026-08-03 15:07:47,346 [ERROR] stm: Uncaught exception
Traceback (most recent call last):
  File "D:\AI\stm_microscope\ui\main_window.py", line 351, in _on_frame_log_main
    self.log_panel.append(f"{cmd_name}  (无 payload)", direction)
    ~~~~~~~~~~~~~~~~~~~~~^^^^^^^^^^^^^^^^^^^^^^^^^^^^^^^^^^^^^^^^
  File "D:\AI\stm_microscope\ui\widgets.py", line 1337, in append
    cursor.movePosition(cursor.Start)
                        ^^^^^^^^^^^^
AttributeError: 'PySide6.QtGui.QTextCursor' object has no attribute 'Start'. Did you mean: 'atStart'?
2026-08-03 15:07:47,348 [ERROR] stm: Uncaught exception
Traceback (most recent call last):
  File "D:\AI\stm_microscope\ui\main_window.py", line 334, in _on_log_main
    self.log_panel.append(msg, category)
    ~~~~~~~~~~~~~~~~~~~~~^^^^^^^^^^^^^^^
  File "D:\AI\stm_microscope\ui\widgets.py", line 1337, in append
    cursor.movePosition(cursor.Start)
                        ^^^^^^^^^^^^
AttributeError: 'PySide6.QtGui.QTextCursor' object has no attribute 'Start'. Did you mean: 'atStart'?
2026-08-03 15:07:47,351 [ERROR] stm: Uncaught exception
Traceback (most recent call last):
  File "D:\AI\stm_microscope\ui\main_window.py", line 351, in _on_frame_log_main
    self.log_panel.append(f"{cmd_name}  (无 payload)", direction)
    ~~~~~~~~~~~~~~~~~~~~~^^^^^^^^^^^^^^^^^^^^^^^^^^^^^^^^^^^^^^^^
  File "D:\AI\stm_microscope\ui\widgets.py", line 1337, in append
    cursor.movePosition(cursor.Start)
                        ^^^^^^^^^^^^
AttributeError: 'PySide6.QtGui.QTextCursor' object has no attribute 'Start'. Did you mean: 'atStart'?
2026-08-03 15:07:47,353 [ERROR] stm: Uncaught exception
Traceback (most recent call last):
  File "D:\AI\stm_microscope\ui\main_window.py", line 334, in _on_log_main
    self.log_panel.append(msg, category)
    ~~~~~~~~~~~~~~~~~~~~~^^^^^^^^^^^^^^^
  File "D:\AI\stm_microscope\ui\widgets.py", line 1337, in append
    cursor.movePosition(cursor.Start)
                        ^^^^^^^^^^^^
AttributeError: 'PySide6.QtGui.QTextCursor' object has no attribute 'Start'. Did you mean: 'atStart'?
2026-08-03 15:07:47,356 [ERROR] stm: Uncaught exception
Traceback (most recent call last):
  File "D:\AI\stm_microscope\ui\main_window.py", line 351, in _on_frame_log_main
    self.log_panel.append(f"{cmd_name}  (无 payload)", direction)
    ~~~~~~~~~~~~~~~~~~~~~^^^^^^^^^^^^^^^^^^^^^^^^^^^^^^^^^^^^^^^^
  File "D:\AI\stm_microscope\ui\widgets.py", line 1337, in append
    cursor.movePosition(cursor.Start)
                        ^^^^^^^^^^^^
AttributeError: 'PySide6.QtGui.QTextCursor' object has no attribute 'Start'. Did you mean: 'atStart'?
2026-08-03 15:07:47,358 [ERROR] stm: Uncaught exception
Traceback (most recent call last):
  File "D:\AI\stm_microscope\ui\main_window.py", line 334, in _on_log_main
    self.log_panel.append(msg, category)
    ~~~~~~~~~~~~~~~~~~~~~^^^^^^^^^^^^^^^
  File "D:\AI\stm_microscope\ui\widgets.py", line 1337, in append
    cursor.movePosition(cursor.Start)
                        ^^^^^^^^^^^^
AttributeError: 'PySide6.QtGui.QTextCursor' object has no attribute 'Start'. Did you mean: 'atStart'?
2026-08-03 15:07:47,361 [ERROR] stm: Uncaught exception
Traceback (most recent call last):
  File "D:\AI\stm_microscope\ui\main_window.py", line 351, in _on_frame_log_main
    self.log_panel.append(f"{cmd_name}  (无 payload)", direction)
    ~~~~~~~~~~~~~~~~~~~~~^^^^^^^^^^^^^^^^^^^^^^^^^^^^^^^^^^^^^^^^
  File "D:\AI\stm_microscope\ui\widgets.py", line 1337, in append
    cursor.movePosition(cursor.Start)
                        ^^^^^^^^^^^^
AttributeError: 'PySide6.QtGui.QTextCursor' object has no attribute 'Start'. Did you mean: 'atStart'?
2026-08-03 15:07:47,363 [ERROR] stm: Uncaught exception
Traceback (most recent call last):
  File "D:\AI\stm_microscope\ui\main_window.py", line 334, in _on_log_main
    self.log_panel.append(msg, category)
    ~~~~~~~~~~~~~~~~~~~~~^^^^^^^^^^^^^^^
  File "D:\AI\stm_microscope\ui\widgets.py", line 1337, in append
    cursor.movePosition(cursor.Start)
                        ^^^^^^^^^^^^
AttributeError: 'PySide6.QtGui.QTextCursor' object has no attribute 'Start'. Did you mean: 'atStart'?
2026-08-03 15:07:47,365 [ERROR] stm: Uncaught exception
Traceback (most recent call last):
  File "D:\AI\stm_microscope\ui\main_window.py", line 351, in _on_frame_log_main
    self.log_panel.append(f"{cmd_name}  (无 payload)", direction)
    ~~~~~~~~~~~~~~~~~~~~~^^^^^^^^^^^^^^^^^^^^^^^^^^^^^^^^^^^^^^^^
  File "D:\AI\stm_microscope\ui\widgets.py", line 1337, in append
    cursor.movePosition(cursor.Start)
                        ^^^^^^^^^^^^
AttributeError: 'PySide6.QtGui.QTextCursor' object has no attribute 'Start'. Did you mean: 'atStart'?
2026-08-03 15:07:47,368 [ERROR] stm: Uncaught exception
Traceback (most recent call last):
  File "D:\AI\stm_microscope\ui\main_window.py", line 334, in _on_log_main
    self.log_panel.append(msg, category)
    ~~~~~~~~~~~~~~~~~~~~~^^^^^^^^^^^^^^^
  File "D:\AI\stm_microscope\ui\widgets.py", line 1337, in append
    cursor.movePosition(cursor.Start)
                        ^^^^^^^^^^^^
AttributeError: 'PySide6.QtGui.QTextCursor' object has no attribute 'Start'. Did you mean: 'atStart'?
2026-08-03 15:07:48,140 [ERROR] stm: Uncaught exception
Traceback (most recent call last):
  File "D:\AI\stm_microscope\ui\main_window.py", line 351, in _on_frame_log_main
    self.log_panel.append(f"{cmd_name}  (无 payload)", direction)
    ~~~~~~~~~~~~~~~~~~~~~^^^^^^^^^^^^^^^^^^^^^^^^^^^^^^^^^^^^^^^^
  File "D:\AI\stm_microscope\ui\widgets.py", line 1337, in append
    cursor.movePosition(cursor.Start)
                        ^^^^^^^^^^^^
AttributeError: 'PySide6.QtGui.QTextCursor' object has no attribute 'Start'. Did you mean: 'atStart'?
2026-08-03 15:07:48,143 [ERROR] stm: Uncaught exception
Traceback (most recent call last):
  File "D:\AI\stm_microscope\ui\main_window.py", line 334, in _on_log_main
    self.log_panel.append(msg, category)
    ~~~~~~~~~~~~~~~~~~~~~^^^^^^^^^^^^^^^
  File "D:\AI\stm_microscope\ui\widgets.py", line 1337, in append
    cursor.movePosition(cursor.Start)
                        ^^^^^^^^^^^^
AttributeError: 'PySide6.QtGui.QTextCursor' object has no attribute 'Start'. Did you mean: 'atStart'?
2026-08-03 15:07:48,146 [ERROR] stm: Uncaught exception
Traceback (most recent call last):
  File "D:\AI\stm_microscope\ui\main_window.py", line 351, in _on_frame_log_main
    self.log_panel.append(f"{cmd_name}  (无 payload)", direction)
    ~~~~~~~~~~~~~~~~~~~~~^^^^^^^^^^^^^^^^^^^^^^^^^^^^^^^^^^^^^^^^
  File "D:\AI\stm_microscope\ui\widgets.py", line 1337, in append
    cursor.movePosition(cursor.Start)
                        ^^^^^^^^^^^^
AttributeError: 'PySide6.QtGui.QTextCursor' object has no attribute 'Start'. Did you mean: 'atStart'?
2026-08-03 15:07:48,148 [ERROR] stm: Uncaught exception
Traceback (most recent call last):
  File "D:\AI\stm_microscope\ui\main_window.py", line 334, in _on_log_main
    self.log_panel.append(msg, category)
    ~~~~~~~~~~~~~~~~~~~~~^^^^^^^^^^^^^^^
  File "D:\AI\stm_microscope\ui\widgets.py", line 1337, in append
    cursor.movePosition(cursor.Start)
                        ^^^^^^^^^^^^
AttributeError: 'PySide6.QtGui.QTextCursor' object has no attribute 'Start'. Did you mean: 'atStart'?
2026-08-03 15:07:48,150 [ERROR] stm: Uncaught exception
Traceback (most recent call last):
  File "D:\AI\stm_microscope\ui\main_window.py", line 351, in _on_frame_log_main
    self.log_panel.append(f"{cmd_name}  (无 payload)", direction)
    ~~~~~~~~~~~~~~~~~~~~~^^^^^^^^^^^^^^^^^^^^^^^^^^^^^^^^^^^^^^^^
  File "D:\AI\stm_microscope\ui\widgets.py", line 1337, in append
    cursor.movePosition(cursor.Start)
                        ^^^^^^^^^^^^
AttributeError: 'PySide6.QtGui.QTextCursor' object has no attribute 'Start'. Did you mean: 'atStart'?
2026-08-03 15:07:48,153 [ERROR] stm: Uncaught exception
Traceback (most recent call last):
  File "D:\AI\stm_microscope\ui\main_window.py", line 334, in _on_log_main
    self.log_panel.append(msg, category)
    ~~~~~~~~~~~~~~~~~~~~~^^^^^^^^^^^^^^^
  File "D:\AI\stm_microscope\ui\widgets.py", line 1337, in append
    cursor.movePosition(cursor.Start)
                        ^^^^^^^^^^^^
AttributeError: 'PySide6.QtGui.QTextCursor' object has no attribute 'Start'. Did you mean: 'atStart'?
2026-08-03 15:07:48,156 [ERROR] stm: Uncaught exception
Traceback (most recent call last):
  File "D:\AI\stm_microscope\ui\main_window.py", line 351, in _on_frame_log_main
    self.log_panel.append(f"{cmd_name}  (无 payload)", direction)
    ~~~~~~~~~~~~~~~~~~~~~^^^^^^^^^^^^^^^^^^^^^^^^^^^^^^^^^^^^^^^^
  File "D:\AI\stm_microscope\ui\widgets.py", line 1337, in append
    cursor.movePosition(cursor.Start)
                        ^^^^^^^^^^^^
AttributeError: 'PySide6.QtGui.QTextCursor' object has no attribute 'Start'. Did you mean: 'atStart'?
2026-08-03 15:07:48,158 [ERROR] stm: Uncaught exception
Traceback (most recent call last):
  File "D:\AI\stm_microscope\ui\main_window.py", line 334, in _on_log_main
    self.log_panel.append(msg, category)
    ~~~~~~~~~~~~~~~~~~~~~^^^^^^^^^^^^^^^
  File "D:\AI\stm_microscope\ui\widgets.py", line 1337, in append
    cursor.movePosition(cursor.Start)
                        ^^^^^^^^^^^^
AttributeError: 'PySide6.QtGui.QTextCursor' object has no attribute 'Start'. Did you mean: 'atStart'?
2026-08-03 15:07:48,161 [ERROR] stm: Uncaught exception
Traceback (most recent call last):
  File "D:\AI\stm_microscope\ui\main_window.py", line 351, in _on_frame_log_main
    self.log_panel.append(f"{cmd_name}  (无 payload)", direction)
    ~~~~~~~~~~~~~~~~~~~~~^^^^^^^^^^^^^^^^^^^^^^^^^^^^^^^^^^^^^^^^
  File "D:\AI\stm_microscope\ui\widgets.py", line 1337, in append
    cursor.movePosition(cursor.Start)
                        ^^^^^^^^^^^^
AttributeError: 'PySide6.QtGui.QTextCursor' object has no attribute 'Start'. Did you mean: 'atStart'?
2026-08-03 15:07:48,163 [ERROR] stm: Uncaught exception
Traceback (most recent call last):
  File "D:\AI\stm_microscope\ui\main_window.py", line 334, in _on_log_main
    self.log_panel.append(msg, category)
    ~~~~~~~~~~~~~~~~~~~~~^^^^^^^^^^^^^^^
  File "D:\AI\stm_microscope\ui\widgets.py", line 1337, in append
    cursor.movePosition(cursor.Start)
                        ^^^^^^^^^^^^
AttributeError: 'PySide6.QtGui.QTextCursor' object has no attribute 'Start'. Did you mean: 'atStart'?
2026-08-03 15:07:48,166 [ERROR] stm: Uncaught exception
Traceback (most recent call last):
  File "D:\AI\stm_microscope\ui\main_window.py", line 351, in _on_frame_log_main
    self.log_panel.append(f"{cmd_name}  (无 payload)", direction)
    ~~~~~~~~~~~~~~~~~~~~~^^^^^^^^^^^^^^^^^^^^^^^^^^^^^^^^^^^^^^^^
  File "D:\AI\stm_microscope\ui\widgets.py", line 1337, in append
    cursor.movePosition(cursor.Start)
                        ^^^^^^^^^^^^
AttributeError: 'PySide6.QtGui.QTextCursor' object has no attribute 'Start'. Did you mean: 'atStart'?
2026-08-03 15:07:48,168 [ERROR] stm: Uncaught exception
Traceback (most recent call last):
  File "D:\AI\stm_microscope\ui\main_window.py", line 334, in _on_log_main
    self.log_panel.append(msg, category)
    ~~~~~~~~~~~~~~~~~~~~~^^^^^^^^^^^^^^^
  File "D:\AI\stm_microscope\ui\widgets.py", line 1337, in append
    cursor.movePosition(cursor.Start)
                        ^^^^^^^^^^^^
AttributeError: 'PySide6.QtGui.QTextCursor' object has no attribute 'Start'. Did you mean: 'atStart'?
2026-08-03 15:07:48,171 [ERROR] stm: Uncaught exception
Traceback (most recent call last):
  File "D:\AI\stm_microscope\ui\main_window.py", line 351, in _on_frame_log_main
    self.log_panel.append(f"{cmd_name}  (无 payload)", direction)
    ~~~~~~~~~~~~~~~~~~~~~^^^^^^^^^^^^^^^^^^^^^^^^^^^^^^^^^^^^^^^^
  File "D:\AI\stm_microscope\ui\widgets.py", line 1337, in append
    cursor.movePosition(cursor.Start)
                        ^^^^^^^^^^^^
AttributeError: 'PySide6.QtGui.QTextCursor' object has no attribute 'Start'. Did you mean: 'atStart'?
2026-08-03 15:07:48,174 [ERROR] stm: Uncaught exception
Traceback (most recent call last):
  File "D:\AI\stm_microscope\ui\main_window.py", line 334, in _on_log_main
    self.log_panel.append(msg, category)
    ~~~~~~~~~~~~~~~~~~~~~^^^^^^^^^^^^^^^
  File "D:\AI\stm_microscope\ui\widgets.py", line 1337, in append
    cursor.movePosition(cursor.Start)
                        ^^^^^^^^^^^^
AttributeError: 'PySide6.QtGui.QTextCursor' object has no attribute 'Start'. Did you mean: 'atStart'?
2026-08-03 15:07:48,176 [ERROR] stm: Uncaught exception
Traceback (most recent call last):
  File "D:\AI\stm_microscope\ui\main_window.py", line 351, in _on_frame_log_main
    self.log_panel.append(f"{cmd_name}  (无 payload)", direction)
    ~~~~~~~~~~~~~~~~~~~~~^^^^^^^^^^^^^^^^^^^^^^^^^^^^^^^^^^^^^^^^
  File "D:\AI\stm_microscope\ui\widgets.py", line 1337, in append
    cursor.movePosition(cursor.Start)
                        ^^^^^^^^^^^^
AttributeError: 'PySide6.QtGui.QTextCursor' object has no attribute 'Start'. Did you mean: 'atStart'?
2026-08-03 15:07:48,179 [ERROR] stm: Uncaught exception
Traceback (most recent call last):
  File "D:\AI\stm_microscope\ui\main_window.py", line 334, in _on_log_main
    self.log_panel.append(msg, category)
    ~~~~~~~~~~~~~~~~~~~~~^^^^^^^^^^^^^^^
  File "D:\AI\stm_microscope\ui\widgets.py", line 1337, in append
    cursor.movePosition(cursor.Start)
                        ^^^^^^^^^^^^
AttributeError: 'PySide6.QtGui.QTextCursor' object has no attribute 'Start'. Did you mean: 'atStart'?
2026-08-03 15:07:48,182 [ERROR] stm: Uncaught exception
Traceback (most recent call last):
  File "D:\AI\stm_microscope\ui\main_window.py", line 351, in _on_frame_log_main
    self.log_panel.append(f"{cmd_name}  (无 payload)", direction)
    ~~~~~~~~~~~~~~~~~~~~~^^^^^^^^^^^^^^^^^^^^^^^^^^^^^^^^^^^^^^^^
  File "D:\AI\stm_microscope\ui\widgets.py", line 1337, in append
    cursor.movePosition(cursor.Start)
                        ^^^^^^^^^^^^
AttributeError: 'PySide6.QtGui.QTextCursor' object has no attribute 'Start'. Did you mean: 'atStart'?
2026-08-03 15:07:48,185 [ERROR] stm: Uncaught exception
Traceback (most recent call last):
  File "D:\AI\stm_microscope\ui\main_window.py", line 334, in _on_log_main
    self.log_panel.append(msg, category)
    ~~~~~~~~~~~~~~~~~~~~~^^^^^^^^^^^^^^^
  File "D:\AI\stm_microscope\ui\widgets.py", line 1337, in append
    cursor.movePosition(cursor.Start)
                        ^^^^^^^^^^^^
AttributeError: 'PySide6.QtGui.QTextCursor' object has no attribute 'Start'. Did you mean: 'atStart'?
2026-08-03 15:07:48,188 [ERROR] stm: Uncaught exception
Traceback (most recent call last):
  File "D:\AI\stm_microscope\ui\main_window.py", line 351, in _on_frame_log_main
    self.log_panel.append(f"{cmd_name}  (无 payload)", direction)
    ~~~~~~~~~~~~~~~~~~~~~^^^^^^^^^^^^^^^^^^^^^^^^^^^^^^^^^^^^^^^^
  File "D:\AI\stm_microscope\ui\widgets.py", line 1337, in append
    cursor.movePosition(cursor.Start)
                        ^^^^^^^^^^^^
AttributeError: 'PySide6.QtGui.QTextCursor' object has no attribute 'Start'. Did you mean: 'atStart'?
2026-08-03 15:07:48,190 [ERROR] stm: Uncaught exception
Traceback (most recent call last):
  File "D:\AI\stm_microscope\ui\main_window.py", line 334, in _on_log_main
    self.log_panel.append(msg, category)
    ~~~~~~~~~~~~~~~~~~~~~^^^^^^^^^^^^^^^
  File "D:\AI\stm_microscope\ui\widgets.py", line 1337, in append
    cursor.movePosition(cursor.Start)
                        ^^^^^^^^^^^^
AttributeError: 'PySide6.QtGui.QTextCursor' object has no attribute 'Start'. Did you mean: 'atStart'?
2026-08-03 15:07:48,193 [ERROR] stm: Uncaught exception
Traceback (most recent call last):
  File "D:\AI\stm_microscope\ui\main_window.py", line 351, in _on_frame_log_main
    self.log_panel.append(f"{cmd_name}  (无 payload)", direction)
    ~~~~~~~~~~~~~~~~~~~~~^^^^^^^^^^^^^^^^^^^^^^^^^^^^^^^^^^^^^^^^
  File "D:\AI\stm_microscope\ui\widgets.py", line 1337, in append
    cursor.movePosition(cursor.Start)
                        ^^^^^^^^^^^^
AttributeError: 'PySide6.QtGui.QTextCursor' object has no attribute 'Start'. Did you mean: 'atStart'?
2026-08-03 15:07:48,196 [ERROR] stm: Uncaught exception
Traceback (most recent call last):
  File "D:\AI\stm_microscope\ui\main_window.py", line 334, in _on_log_main
    self.log_panel.append(msg, category)
    ~~~~~~~~~~~~~~~~~~~~~^^^^^^^^^^^^^^^
  File "D:\AI\stm_microscope\ui\widgets.py", line 1337, in append
    cursor.movePosition(cursor.Start)
                        ^^^^^^^^^^^^
AttributeError: 'PySide6.QtGui.QTextCursor' object has no attribute 'Start'. Did you mean: 'atStart'?
2026-08-03 15:07:48,199 [ERROR] stm: Uncaught exception
Traceback (most recent call last):
  File "D:\AI\stm_microscope\ui\main_window.py", line 351, in _on_frame_log_main
    self.log_panel.append(f"{cmd_name}  (无 payload)", direction)
    ~~~~~~~~~~~~~~~~~~~~~^^^^^^^^^^^^^^^^^^^^^^^^^^^^^^^^^^^^^^^^
  File "D:\AI\stm_microscope\ui\widgets.py", line 1337, in append
    cursor.movePosition(cursor.Start)
                        ^^^^^^^^^^^^
AttributeError: 'PySide6.QtGui.QTextCursor' object has no attribute 'Start'. Did you mean: 'atStart'?
2026-08-03 15:07:48,201 [ERROR] stm: Uncaught exception
Traceback (most recent call last):
  File "D:\AI\stm_microscope\ui\main_window.py", line 334, in _on_log_main
    self.log_panel.append(msg, category)
    ~~~~~~~~~~~~~~~~~~~~~^^^^^^^^^^^^^^^
  File "D:\AI\stm_microscope\ui\widgets.py", line 1337, in append
    cursor.movePosition(cursor.Start)
                        ^^^^^^^^^^^^
AttributeError: 'PySide6.QtGui.QTextCursor' object has no attribute 'Start'. Did you mean: 'atStart'?
2026-08-03 15:07:48,205 [ERROR] stm: Uncaught exception
Traceback (most recent call last):
  File "D:\AI\stm_microscope\ui\main_window.py", line 351, in _on_frame_log_main
    self.log_panel.append(f"{cmd_name}  (无 payload)", direction)
    ~~~~~~~~~~~~~~~~~~~~~^^^^^^^^^^^^^^^^^^^^^^^^^^^^^^^^^^^^^^^^
  File "D:\AI\stm_microscope\ui\widgets.py", line 1337, in append
    cursor.movePosition(cursor.Start)
                        ^^^^^^^^^^^^
AttributeError: 'PySide6.QtGui.QTextCursor' object has no attribute 'Start'. Did you mean: 'atStart'?
2026-08-03 15:07:48,207 [ERROR] stm: Uncaught exception
Traceback (most recent call last):
  File "D:\AI\stm_microscope\ui\main_window.py", line 334, in _on_log_main
    self.log_panel.append(msg, category)
    ~~~~~~~~~~~~~~~~~~~~~^^^^^^^^^^^^^^^
  File "D:\AI\stm_microscope\ui\widgets.py", line 1337, in append
    cursor.movePosition(cursor.Start)
                        ^^^^^^^^^^^^
AttributeError: 'PySide6.QtGui.QTextCursor' object has no attribute 'Start'. Did you mean: 'atStart'?
2026-08-03 15:07:48,210 [ERROR] stm: Uncaught exception
Traceback (most recent call last):
  File "D:\AI\stm_microscope\ui\main_window.py", line 351, in _on_frame_log_main
    self.log_panel.append(f"{cmd_name}  (无 payload)", direction)
    ~~~~~~~~~~~~~~~~~~~~~^^^^^^^^^^^^^^^^^^^^^^^^^^^^^^^^^^^^^^^^
  File "D:\AI\stm_microscope\ui\widgets.py", line 1337, in append
    cursor.movePosition(cursor.Start)
                        ^^^^^^^^^^^^
AttributeError: 'PySide6.QtGui.QTextCursor' object has no attribute 'Start'. Did you mean: 'atStart'?
2026-08-03 15:07:48,213 [ERROR] stm: Uncaught exception
Traceback (most recent call last):
  File "D:\AI\stm_microscope\ui\main_window.py", line 334, in _on_log_main
    self.log_panel.append(msg, category)
    ~~~~~~~~~~~~~~~~~~~~~^^^^^^^^^^^^^^^
  File "D:\AI\stm_microscope\ui\widgets.py", line 1337, in append
    cursor.movePosition(cursor.Start)
                        ^^^^^^^^^^^^
AttributeError: 'PySide6.QtGui.QTextCursor' object has no attribute 'Start'. Did you mean: 'atStart'?
2026-08-03 15:07:48,216 [ERROR] stm: Uncaught exception
Traceback (most recent call last):
  File "D:\AI\stm_microscope\ui\main_window.py", line 351, in _on_frame_log_main
    self.log_panel.append(f"{cmd_name}  (无 payload)", direction)
    ~~~~~~~~~~~~~~~~~~~~~^^^^^^^^^^^^^^^^^^^^^^^^^^^^^^^^^^^^^^^^
  File "D:\AI\stm_microscope\ui\widgets.py", line 1337, in append
    cursor.movePosition(cursor.Start)
                        ^^^^^^^^^^^^
AttributeError: 'PySide6.QtGui.QTextCursor' object has no attribute 'Start'. Did you mean: 'atStart'?
2026-08-03 15:07:48,219 [ERROR] stm: Uncaught exception
Traceback (most recent call last):
  File "D:\AI\stm_microscope\ui\main_window.py", line 334, in _on_log_main
    self.log_panel.append(msg, category)
    ~~~~~~~~~~~~~~~~~~~~~^^^^^^^^^^^^^^^
  File "D:\AI\stm_microscope\ui\widgets.py", line 1337, in append
    cursor.movePosition(cursor.Start)
                        ^^^^^^^^^^^^
AttributeError: 'PySide6.QtGui.QTextCursor' object has no attribute 'Start'. Did you mean: 'atStart'?
2026-08-03 15:07:48,221 [ERROR] stm: Uncaught exception
Traceback (most recent call last):
  File "D:\AI\stm_microscope\ui\main_window.py", line 351, in _on_frame_log_main
    self.log_panel.append(f"{cmd_name}  (无 payload)", direction)
    ~~~~~~~~~~~~~~~~~~~~~^^^^^^^^^^^^^^^^^^^^^^^^^^^^^^^^^^^^^^^^
  File "D:\AI\stm_microscope\ui\widgets.py", line 1337, in append
    cursor.movePosition(cursor.Start)
                        ^^^^^^^^^^^^
AttributeError: 'PySide6.QtGui.QTextCursor' object has no attribute 'Start'. Did you mean: 'atStart'?
2026-08-03 15:07:48,224 [ERROR] stm: Uncaught exception
Traceback (most recent call last):
  File "D:\AI\stm_microscope\ui\main_window.py", line 334, in _on_log_main
    self.log_panel.append(msg, category)
    ~~~~~~~~~~~~~~~~~~~~~^^^^^^^^^^^^^^^
  File "D:\AI\stm_microscope\ui\widgets.py", line 1337, in append
    cursor.movePosition(cursor.Start)
                        ^^^^^^^^^^^^
AttributeError: 'PySide6.QtGui.QTextCursor' object has no attribute 'Start'. Did you mean: 'atStart'?
2026-08-03 15:07:48,226 [ERROR] stm: Uncaught exception
Traceback (most recent call last):
  File "D:\AI\stm_microscope\ui\main_window.py", line 351, in _on_frame_log_main
    self.log_panel.append(f"{cmd_name}  (无 payload)", direction)
    ~~~~~~~~~~~~~~~~~~~~~^^^^^^^^^^^^^^^^^^^^^^^^^^^^^^^^^^^^^^^^
  File "D:\AI\stm_microscope\ui\widgets.py", line 1337, in append
    cursor.movePosition(cursor.Start)
                        ^^^^^^^^^^^^
AttributeError: 'PySide6.QtGui.QTextCursor' object has no attribute 'Start'. Did you mean: 'atStart'?
2026-08-03 15:07:48,229 [ERROR] stm: Uncaught exception
Traceback (most recent call last):
  File "D:\AI\stm_microscope\ui\main_window.py", line 334, in _on_log_main
    self.log_panel.append(msg, category)
    ~~~~~~~~~~~~~~~~~~~~~^^^^^^^^^^^^^^^
  File "D:\AI\stm_microscope\ui\widgets.py", line 1337, in append
    cursor.movePosition(cursor.Start)
                        ^^^^^^^^^^^^
AttributeError: 'PySide6.QtGui.QTextCursor' object has no attribute 'Start'. Did you mean: 'atStart'?
2026-08-03 15:07:48,231 [ERROR] stm: Uncaught exception
Traceback (most recent call last):
  File "D:\AI\stm_microscope\ui\main_window.py", line 351, in _on_frame_log_main
    self.log_panel.append(f"{cmd_name}  (无 payload)", direction)
    ~~~~~~~~~~~~~~~~~~~~~^^^^^^^^^^^^^^^^^^^^^^^^^^^^^^^^^^^^^^^^
  File "D:\AI\stm_microscope\ui\widgets.py", line 1337, in append
    cursor.movePosition(cursor.Start)
                        ^^^^^^^^^^^^
AttributeError: 'PySide6.QtGui.QTextCursor' object has no attribute 'Start'. Did you mean: 'atStart'?
2026-08-03 15:07:48,233 [ERROR] stm: Uncaught exception
Traceback (most recent call last):
  File "D:\AI\stm_microscope\ui\main_window.py", line 334, in _on_log_main
    self.log_panel.append(msg, category)
    ~~~~~~~~~~~~~~~~~~~~~^^^^^^^^^^^^^^^
  File "D:\AI\stm_microscope\ui\widgets.py", line 1337, in append
    cursor.movePosition(cursor.Start)
                        ^^^^^^^^^^^^
AttributeError: 'PySide6.QtGui.QTextCursor' object has no attribute 'Start'. Did you mean: 'atStart'?
2026-08-03 15:07:48,236 [ERROR] stm: Uncaught exception
Traceback (most recent call last):
  File "D:\AI\stm_microscope\ui\main_window.py", line 351, in _on_frame_log_main
    self.log_panel.append(f"{cmd_name}  (无 payload)", direction)
    ~~~~~~~~~~~~~~~~~~~~~^^^^^^^^^^^^^^^^^^^^^^^^^^^^^^^^^^^^^^^^
  File "D:\AI\stm_microscope\ui\widgets.py", line 1337, in append
    cursor.movePosition(cursor.Start)
                        ^^^^^^^^^^^^
AttributeError: 'PySide6.QtGui.QTextCursor' object has no attribute 'Start'. Did you mean: 'atStart'?
2026-08-03 15:07:48,238 [ERROR] stm: Uncaught exception
Traceback (most recent call last):
  File "D:\AI\stm_microscope\ui\main_window.py", line 334, in _on_log_main
    self.log_panel.append(msg, category)
    ~~~~~~~~~~~~~~~~~~~~~^^^^^^^^^^^^^^^
  File "D:\AI\stm_microscope\ui\widgets.py", line 1337, in append
    cursor.movePosition(cursor.Start)
                        ^^^^^^^^^^^^
AttributeError: 'PySide6.QtGui.QTextCursor' object has no attribute 'Start'. Did you mean: 'atStart'?
2026-08-03 15:07:48,241 [ERROR] stm: Uncaught exception
Traceback (most recent call last):
  File "D:\AI\stm_microscope\ui\main_window.py", line 351, in _on_frame_log_main
    self.log_panel.append(f"{cmd_name}  (无 payload)", direction)
    ~~~~~~~~~~~~~~~~~~~~~^^^^^^^^^^^^^^^^^^^^^^^^^^^^^^^^^^^^^^^^
  File "D:\AI\stm_microscope\ui\widgets.py", line 1337, in append
    cursor.movePosition(cursor.Start)
                        ^^^^^^^^^^^^
AttributeError: 'PySide6.QtGui.QTextCursor' object has no attribute 'Start'. Did you mean: 'atStart'?
2026-08-03 15:07:48,243 [ERROR] stm: Uncaught exception
Traceback (most recent call last):
  File "D:\AI\stm_microscope\ui\main_window.py", line 334, in _on_log_main
    self.log_panel.append(msg, category)
    ~~~~~~~~~~~~~~~~~~~~~^^^^^^^^^^^^^^^
  File "D:\AI\stm_microscope\ui\widgets.py", line 1337, in append
    cursor.movePosition(cursor.Start)
                        ^^^^^^^^^^^^
AttributeError: 'PySide6.QtGui.QTextCursor' object has no attribute 'Start'. Did you mean: 'atStart'?
2026-08-03 15:07:48,246 [ERROR] stm: Uncaught exception
Traceback (most recent call last):
  File "D:\AI\stm_microscope\ui\main_window.py", line 351, in _on_frame_log_main
    self.log_panel.append(f"{cmd_name}  (无 payload)", direction)
    ~~~~~~~~~~~~~~~~~~~~~^^^^^^^^^^^^^^^^^^^^^^^^^^^^^^^^^^^^^^^^
  File "D:\AI\stm_microscope\ui\widgets.py", line 1337, in append
    cursor.movePosition(cursor.Start)
                        ^^^^^^^^^^^^
AttributeError: 'PySide6.QtGui.QTextCursor' object has no attribute 'Start'. Did you mean: 'atStart'?
2026-08-03 15:07:48,248 [ERROR] stm: Uncaught exception
Traceback (most recent call last):
  File "D:\AI\stm_microscope\ui\main_window.py", line 334, in _on_log_main
    self.log_panel.append(msg, category)
    ~~~~~~~~~~~~~~~~~~~~~^^^^^^^^^^^^^^^
  File "D:\AI\stm_microscope\ui\widgets.py", line 1337, in append
    cursor.movePosition(cursor.Start)
                        ^^^^^^^^^^^^
AttributeError: 'PySide6.QtGui.QTextCursor' object has no attribute 'Start'. Did you mean: 'atStart'?
2026-08-03 15:07:48,251 [ERROR] stm: Uncaught exception
Traceback (most recent call last):
  File "D:\AI\stm_microscope\ui\main_window.py", line 351, in _on_frame_log_main
    self.log_panel.append(f"{cmd_name}  (无 payload)", direction)
    ~~~~~~~~~~~~~~~~~~~~~^^^^^^^^^^^^^^^^^^^^^^^^^^^^^^^^^^^^^^^^
  File "D:\AI\stm_microscope\ui\widgets.py", line 1337, in append
    cursor.movePosition(cursor.Start)
                        ^^^^^^^^^^^^
AttributeError: 'PySide6.QtGui.QTextCursor' object has no attribute 'Start'. Did you mean: 'atStart'?
2026-08-03 15:07:48,253 [ERROR] stm: Uncaught exception
Traceback (most recent call last):
  File "D:\AI\stm_microscope\ui\main_window.py", line 334, in _on_log_main
    self.log_panel.append(msg, category)
    ~~~~~~~~~~~~~~~~~~~~~^^^^^^^^^^^^^^^
  File "D:\AI\stm_microscope\ui\widgets.py", line 1337, in append
    cursor.movePosition(cursor.Start)
                        ^^^^^^^^^^^^
AttributeError: 'PySide6.QtGui.QTextCursor' object has no attribute 'Start'. Did you mean: 'atStart'?
2026-08-03 15:07:48,256 [ERROR] stm: Uncaught exception
Traceback (most recent call last):
  File "D:\AI\stm_microscope\ui\main_window.py", line 351, in _on_frame_log_main
    self.log_panel.append(f"{cmd_name}  (无 payload)", direction)
    ~~~~~~~~~~~~~~~~~~~~~^^^^^^^^^^^^^^^^^^^^^^^^^^^^^^^^^^^^^^^^
  File "D:\AI\stm_microscope\ui\widgets.py", line 1337, in append
    cursor.movePosition(cursor.Start)
                        ^^^^^^^^^^^^
AttributeError: 'PySide6.QtGui.QTextCursor' object has no attribute 'Start'. Did you mean: 'atStart'?
2026-08-03 15:07:48,259 [ERROR] stm: Uncaught exception
Traceback (most recent call last):
  File "D:\AI\stm_microscope\ui\main_window.py", line 334, in _on_log_main
    self.log_panel.append(msg, category)
    ~~~~~~~~~~~~~~~~~~~~~^^^^^^^^^^^^^^^
  File "D:\AI\stm_microscope\ui\widgets.py", line 1337, in append
    cursor.movePosition(cursor.Start)
                        ^^^^^^^^^^^^
AttributeError: 'PySide6.QtGui.QTextCursor' object has no attribute 'Start'. Did you mean: 'atStart'?
2026-08-03 15:07:48,262 [ERROR] stm: Uncaught exception
Traceback (most recent call last):
  File "D:\AI\stm_microscope\ui\main_window.py", line 351, in _on_frame_log_main
    self.log_panel.append(f"{cmd_name}  (无 payload)", direction)
    ~~~~~~~~~~~~~~~~~~~~~^^^^^^^^^^^^^^^^^^^^^^^^^^^^^^^^^^^^^^^^
  File "D:\AI\stm_microscope\ui\widgets.py", line 1337, in append
    cursor.movePosition(cursor.Start)
                        ^^^^^^^^^^^^
AttributeError: 'PySide6.QtGui.QTextCursor' object has no attribute 'Start'. Did you mean: 'atStart'?
2026-08-03 15:07:48,264 [ERROR] stm: Uncaught exception
Traceback (most recent call last):
  File "D:\AI\stm_microscope\ui\main_window.py", line 334, in _on_log_main
    self.log_panel.append(msg, category)
    ~~~~~~~~~~~~~~~~~~~~~^^^^^^^^^^^^^^^
  File "D:\AI\stm_microscope\ui\widgets.py", line 1337, in append
    cursor.movePosition(cursor.Start)
                        ^^^^^^^^^^^^
AttributeError: 'PySide6.QtGui.QTextCursor' object has no attribute 'Start'. Did you mean: 'atStart'?
2026-08-03 15:07:48,267 [ERROR] stm: Uncaught exception
Traceback (most recent call last):
  File "D:\AI\stm_microscope\ui\main_window.py", line 351, in _on_frame_log_main
    self.log_panel.append(f"{cmd_name}  (无 payload)", direction)
    ~~~~~~~~~~~~~~~~~~~~~^^^^^^^^^^^^^^^^^^^^^^^^^^^^^^^^^^^^^^^^
  File "D:\AI\stm_microscope\ui\widgets.py", line 1337, in append
    cursor.movePosition(cursor.Start)
                        ^^^^^^^^^^^^
AttributeError: 'PySide6.QtGui.QTextCursor' object has no attribute 'Start'. Did you mean: 'atStart'?
2026-08-03 15:07:48,269 [ERROR] stm: Uncaught exception
Traceback (most recent call last):
  File "D:\AI\stm_microscope\ui\main_window.py", line 334, in _on_log_main
    self.log_panel.append(msg, category)
    ~~~~~~~~~~~~~~~~~~~~~^^^^^^^^^^^^^^^
  File "D:\AI\stm_microscope\ui\widgets.py", line 1337, in append
    cursor.movePosition(cursor.Start)
                        ^^^^^^^^^^^^
AttributeError: 'PySide6.QtGui.QTextCursor' object has no attribute 'Start'. Did you mean: 'atStart'?
2026-08-03 15:07:48,272 [ERROR] stm: Uncaught exception
Traceback (most recent call last):
  File "D:\AI\stm_microscope\ui\main_window.py", line 351, in _on_frame_log_main
    self.log_panel.append(f"{cmd_name}  (无 payload)", direction)
    ~~~~~~~~~~~~~~~~~~~~~^^^^^^^^^^^^^^^^^^^^^^^^^^^^^^^^^^^^^^^^
  File "D:\AI\stm_microscope\ui\widgets.py", line 1337, in append
    cursor.movePosition(cursor.Start)
                        ^^^^^^^^^^^^
AttributeError: 'PySide6.QtGui.QTextCursor' object has no attribute 'Start'. Did you mean: 'atStart'?
2026-08-03 15:07:48,275 [ERROR] stm: Uncaught exception
Traceback (most recent call last):
  File "D:\AI\stm_microscope\ui\main_window.py", line 334, in _on_log_main
    self.log_panel.append(msg, category)
    ~~~~~~~~~~~~~~~~~~~~~^^^^^^^^^^^^^^^
  File "D:\AI\stm_microscope\ui\widgets.py", line 1337, in append
    cursor.movePosition(cursor.Start)
                        ^^^^^^^^^^^^
AttributeError: 'PySide6.QtGui.QTextCursor' object has no attribute 'Start'. Did you mean: 'atStart'?
2026-08-03 15:07:48,277 [ERROR] stm: Uncaught exception
Traceback (most recent call last):
  File "D:\AI\stm_microscope\ui\main_window.py", line 351, in _on_frame_log_main
    self.log_panel.append(f"{cmd_name}  (无 payload)", direction)
    ~~~~~~~~~~~~~~~~~~~~~^^^^^^^^^^^^^^^^^^^^^^^^^^^^^^^^^^^^^^^^
  File "D:\AI\stm_microscope\ui\widgets.py", line 1337, in append
    cursor.movePosition(cursor.Start)
                        ^^^^^^^^^^^^
AttributeError: 'PySide6.QtGui.QTextCursor' object has no attribute 'Start'. Did you mean: 'atStart'?
2026-08-03 15:07:48,280 [ERROR] stm: Uncaught exception
Traceback (most recent call last):
  File "D:\AI\stm_microscope\ui\main_window.py", line 334, in _on_log_main
    self.log_panel.append(msg, category)
    ~~~~~~~~~~~~~~~~~~~~~^^^^^^^^^^^^^^^
  File "D:\AI\stm_microscope\ui\widgets.py", line 1337, in append
    cursor.movePosition(cursor.Start)
                        ^^^^^^^^^^^^
AttributeError: 'PySide6.QtGui.QTextCursor' object has no attribute 'Start'. Did you mean: 'atStart'?
2026-08-03 15:07:48,282 [ERROR] stm: Uncaught exception
Traceback (most recent call last):
  File "D:\AI\stm_microscope\ui\main_window.py", line 351, in _on_frame_log_main
    self.log_panel.append(f"{cmd_name}  (无 payload)", direction)
    ~~~~~~~~~~~~~~~~~~~~~^^^^^^^^^^^^^^^^^^^^^^^^^^^^^^^^^^^^^^^^
  File "D:\AI\stm_microscope\ui\widgets.py", line 1337, in append
    cursor.movePosition(cursor.Start)
                        ^^^^^^^^^^^^
AttributeError: 'PySide6.QtGui.QTextCursor' object has no attribute 'Start'. Did you mean: 'atStart'?
2026-08-03 15:07:48,284 [ERROR] stm: Uncaught exception
Traceback (most recent call last):
  File "D:\AI\stm_microscope\ui\main_window.py", line 334, in _on_log_main
    self.log_panel.append(msg, category)
    ~~~~~~~~~~~~~~~~~~~~~^^^^^^^^^^^^^^^
  File "D:\AI\stm_microscope\ui\widgets.py", line 1337, in append
    cursor.movePosition(cursor.Start)
                        ^^^^^^^^^^^^
AttributeError: 'PySide6.QtGui.QTextCursor' object has no attribute 'Start'. Did you mean: 'atStart'?
2026-08-03 15:07:48,288 [ERROR] stm: Uncaught exception
Traceback (most recent call last):
  File "D:\AI\stm_microscope\ui\main_window.py", line 351, in _on_frame_log_main
    self.log_panel.append(f"{cmd_name}  (无 payload)", direction)
    ~~~~~~~~~~~~~~~~~~~~~^^^^^^^^^^^^^^^^^^^^^^^^^^^^^^^^^^^^^^^^
  File "D:\AI\stm_microscope\ui\widgets.py", line 1337, in append
    cursor.movePosition(cursor.Start)
                        ^^^^^^^^^^^^
AttributeError: 'PySide6.QtGui.QTextCursor' object has no attribute 'Start'. Did you mean: 'atStart'?
2026-08-03 15:07:48,290 [ERROR] stm: Uncaught exception
Traceback (most recent call last):
  File "D:\AI\stm_microscope\ui\main_window.py", line 334, in _on_log_main
    self.log_panel.append(msg, category)
    ~~~~~~~~~~~~~~~~~~~~~^^^^^^^^^^^^^^^
  File "D:\AI\stm_microscope\ui\widgets.py", line 1337, in append
    cursor.movePosition(cursor.Start)
                        ^^^^^^^^^^^^
AttributeError: 'PySide6.QtGui.QTextCursor' object has no attribute 'Start'. Did you mean: 'atStart'?
2026-08-03 15:07:48,292 [ERROR] stm: Uncaught exception
Traceback (most recent call last):
  File "D:\AI\stm_microscope\ui\main_window.py", line 351, in _on_frame_log_main
    self.log_panel.append(f"{cmd_name}  (无 payload)", direction)
    ~~~~~~~~~~~~~~~~~~~~~^^^^^^^^^^^^^^^^^^^^^^^^^^^^^^^^^^^^^^^^
  File "D:\AI\stm_microscope\ui\widgets.py", line 1337, in append
    cursor.movePosition(cursor.Start)
                        ^^^^^^^^^^^^
AttributeError: 'PySide6.QtGui.QTextCursor' object has no attribute 'Start'. Did you mean: 'atStart'?
2026-08-03 15:07:48,295 [ERROR] stm: Uncaught exception
Traceback (most recent call last):
  File "D:\AI\stm_microscope\ui\main_window.py", line 334, in _on_log_main
    self.log_panel.append(msg, category)
    ~~~~~~~~~~~~~~~~~~~~~^^^^^^^^^^^^^^^
  File "D:\AI\stm_microscope\ui\widgets.py", line 1337, in append
    cursor.movePosition(cursor.Start)
                        ^^^^^^^^^^^^
AttributeError: 'PySide6.QtGui.QTextCursor' object has no attribute 'Start'. Did you mean: 'atStart'?
2026-08-03 15:07:48,298 [ERROR] stm: Uncaught exception
Traceback (most recent call last):
  File "D:\AI\stm_microscope\ui\main_window.py", line 351, in _on_frame_log_main
    self.log_panel.append(f"{cmd_name}  (无 payload)", direction)
    ~~~~~~~~~~~~~~~~~~~~~^^^^^^^^^^^^^^^^^^^^^^^^^^^^^^^^^^^^^^^^
  File "D:\AI\stm_microscope\ui\widgets.py", line 1337, in append
    cursor.movePosition(cursor.Start)
                        ^^^^^^^^^^^^
AttributeError: 'PySide6.QtGui.QTextCursor' object has no attribute 'Start'. Did you mean: 'atStart'?
2026-08-03 15:07:48,300 [ERROR] stm: Uncaught exception
Traceback (most recent call last):
  File "D:\AI\stm_microscope\ui\main_window.py", line 334, in _on_log_main
    self.log_panel.append(msg, category)
    ~~~~~~~~~~~~~~~~~~~~~^^^^^^^^^^^^^^^
  File "D:\AI\stm_microscope\ui\widgets.py", line 1337, in append
    cursor.movePosition(cursor.Start)
                        ^^^^^^^^^^^^
AttributeError: 'PySide6.QtGui.QTextCursor' object has no attribute 'Start'. Did you mean: 'atStart'?
2026-08-03 15:07:48,302 [ERROR] stm: Uncaught exception
Traceback (most recent call last):
  File "D:\AI\stm_microscope\ui\main_window.py", line 351, in _on_frame_log_main
    self.log_panel.append(f"{cmd_name}  (无 payload)", direction)
    ~~~~~~~~~~~~~~~~~~~~~^^^^^^^^^^^^^^^^^^^^^^^^^^^^^^^^^^^^^^^^
  File "D:\AI\stm_microscope\ui\widgets.py", line 1337, in append
    cursor.movePosition(cursor.Start)
                        ^^^^^^^^^^^^
AttributeError: 'PySide6.QtGui.QTextCursor' object has no attribute 'Start'. Did you mean: 'atStart'?
2026-08-03 15:07:48,305 [ERROR] stm: Uncaught exception
Traceback (most recent call last):
  File "D:\AI\stm_microscope\ui\main_window.py", line 334, in _on_log_main
    self.log_panel.append(msg, category)
    ~~~~~~~~~~~~~~~~~~~~~^^^^^^^^^^^^^^^
  File "D:\AI\stm_microscope\ui\widgets.py", line 1337, in append
    cursor.movePosition(cursor.Start)
                        ^^^^^^^^^^^^
AttributeError: 'PySide6.QtGui.QTextCursor' object has no attribute 'Start'. Did you mean: 'atStart'?
2026-08-03 15:07:48,309 [ERROR] stm: Uncaught exception
Traceback (most recent call last):
  File "D:\AI\stm_microscope\ui\main_window.py", line 351, in _on_frame_log_main
    self.log_panel.append(f"{cmd_name}  (无 payload)", direction)
    ~~~~~~~~~~~~~~~~~~~~~^^^^^^^^^^^^^^^^^^^^^^^^^^^^^^^^^^^^^^^^
  File "D:\AI\stm_microscope\ui\widgets.py", line 1337, in append
    cursor.movePosition(cursor.Start)
                        ^^^^^^^^^^^^
AttributeError: 'PySide6.QtGui.QTextCursor' object has no attribute 'Start'. Did you mean: 'atStart'?
2026-08-03 15:07:48,311 [ERROR] stm: Uncaught exception
Traceback (most recent call last):
  File "D:\AI\stm_microscope\ui\main_window.py", line 334, in _on_log_main
    self.log_panel.append(msg, category)
    ~~~~~~~~~~~~~~~~~~~~~^^^^^^^^^^^^^^^
  File "D:\AI\stm_microscope\ui\widgets.py", line 1337, in append
    cursor.movePosition(cursor.Start)
                        ^^^^^^^^^^^^
AttributeError: 'PySide6.QtGui.QTextCursor' object has no attribute 'Start'. Did you mean: 'atStart'?
2026-08-03 15:07:48,314 [ERROR] stm: Uncaught exception
Traceback (most recent call last):
  File "D:\AI\stm_microscope\ui\main_window.py", line 351, in _on_frame_log_main
    self.log_panel.append(f"{cmd_name}  (无 payload)", direction)
    ~~~~~~~~~~~~~~~~~~~~~^^^^^^^^^^^^^^^^^^^^^^^^^^^^^^^^^^^^^^^^
  File "D:\AI\stm_microscope\ui\widgets.py", line 1337, in append
    cursor.movePosition(cursor.Start)
                        ^^^^^^^^^^^^
AttributeError: 'PySide6.QtGui.QTextCursor' object has no attribute 'Start'. Did you mean: 'atStart'?
2026-08-03 15:07:48,317 [ERROR] stm: Uncaught exception
Traceback (most recent call last):
  File "D:\AI\stm_microscope\ui\main_window.py", line 334, in _on_log_main
    self.log_panel.append(msg, category)
    ~~~~~~~~~~~~~~~~~~~~~^^^^^^^^^^^^^^^
  File "D:\AI\stm_microscope\ui\widgets.py", line 1337, in append
    cursor.movePosition(cursor.Start)
                        ^^^^^^^^^^^^
AttributeError: 'PySide6.QtGui.QTextCursor' object has no attribute 'Start'. Did you mean: 'atStart'?
2026-08-03 15:07:48,320 [ERROR] stm: Uncaught exception
Traceback (most recent call last):
  File "D:\AI\stm_microscope\ui\main_window.py", line 351, in _on_frame_log_main
    self.log_panel.append(f"{cmd_name}  (无 payload)", direction)
    ~~~~~~~~~~~~~~~~~~~~~^^^^^^^^^^^^^^^^^^^^^^^^^^^^^^^^^^^^^^^^
  File "D:\AI\stm_microscope\ui\widgets.py", line 1337, in append
    cursor.movePosition(cursor.Start)
                        ^^^^^^^^^^^^
AttributeError: 'PySide6.QtGui.QTextCursor' object has no attribute 'Start'. Did you mean: 'atStart'?
2026-08-03 15:07:48,323 [ERROR] stm: Uncaught exception
Traceback (most recent call last):
  File "D:\AI\stm_microscope\ui\main_window.py", line 334, in _on_log_main
    self.log_panel.append(msg, category)
    ~~~~~~~~~~~~~~~~~~~~~^^^^^^^^^^^^^^^
  File "D:\AI\stm_microscope\ui\widgets.py", line 1337, in append
    cursor.movePosition(cursor.Start)
                        ^^^^^^^^^^^^
AttributeError: 'PySide6.QtGui.QTextCursor' object has no attribute 'Start'. Did you mean: 'atStart'?
2026-08-03 15:07:48,325 [ERROR] stm: Uncaught exception
Traceback (most recent call last):
  File "D:\AI\stm_microscope\ui\main_window.py", line 351, in _on_frame_log_main
    self.log_panel.append(f"{cmd_name}  (无 payload)", direction)
    ~~~~~~~~~~~~~~~~~~~~~^^^^^^^^^^^^^^^^^^^^^^^^^^^^^^^^^^^^^^^^
  File "D:\AI\stm_microscope\ui\widgets.py", line 1337, in append
    cursor.movePosition(cursor.Start)
                        ^^^^^^^^^^^^
AttributeError: 'PySide6.QtGui.QTextCursor' object has no attribute 'Start'. Did you mean: 'atStart'?
2026-08-03 15:07:48,328 [ERROR] stm: Uncaught exception
Traceback (most recent call last):
  File "D:\AI\stm_microscope\ui\main_window.py", line 334, in _on_log_main
    self.log_panel.append(msg, category)
    ~~~~~~~~~~~~~~~~~~~~~^^^^^^^^^^^^^^^
  File "D:\AI\stm_microscope\ui\widgets.py", line 1337, in append
    cursor.movePosition(cursor.Start)
                        ^^^^^^^^^^^^
AttributeError: 'PySide6.QtGui.QTextCursor' object has no attribute 'Start'. Did you mean: 'atStart'?
2026-08-03 15:07:48,331 [ERROR] stm: Uncaught exception
Traceback (most recent call last):
  File "D:\AI\stm_microscope\ui\main_window.py", line 351, in _on_frame_log_main
    self.log_panel.append(f"{cmd_name}  (无 payload)", direction)
    ~~~~~~~~~~~~~~~~~~~~~^^^^^^^^^^^^^^^^^^^^^^^^^^^^^^^^^^^^^^^^
  File "D:\AI\stm_microscope\ui\widgets.py", line 1337, in append
    cursor.movePosition(cursor.Start)
                        ^^^^^^^^^^^^
AttributeError: 'PySide6.QtGui.QTextCursor' object has no attribute 'Start'. Did you mean: 'atStart'?
2026-08-03 15:07:48,333 [ERROR] stm: Uncaught exception
Traceback (most recent call last):
  File "D:\AI\stm_microscope\ui\main_window.py", line 334, in _on_log_main
    self.log_panel.append(msg, category)
    ~~~~~~~~~~~~~~~~~~~~~^^^^^^^^^^^^^^^
  File "D:\AI\stm_microscope\ui\widgets.py", line 1337, in append
    cursor.movePosition(cursor.Start)
                        ^^^^^^^^^^^^
AttributeError: 'PySide6.QtGui.QTextCursor' object has no attribute 'Start'. Did you mean: 'atStart'?
2026-08-03 15:07:48,335 [ERROR] stm: Uncaught exception
Traceback (most recent call last):
  File "D:\AI\stm_microscope\ui\main_window.py", line 351, in _on_frame_log_main
    self.log_panel.append(f"{cmd_name}  (无 payload)", direction)
    ~~~~~~~~~~~~~~~~~~~~~^^^^^^^^^^^^^^^^^^^^^^^^^^^^^^^^^^^^^^^^
  File "D:\AI\stm_microscope\ui\widgets.py", line 1337, in append
    cursor.movePosition(cursor.Start)
                        ^^^^^^^^^^^^
AttributeError: 'PySide6.QtGui.QTextCursor' object has no attribute 'Start'. Did you mean: 'atStart'?
2026-08-03 15:07:48,338 [ERROR] stm: Uncaught exception
Traceback (most recent call last):
  File "D:\AI\stm_microscope\ui\main_window.py", line 334, in _on_log_main
    self.log_panel.append(msg, category)
    ~~~~~~~~~~~~~~~~~~~~~^^^^^^^^^^^^^^^
  File "D:\AI\stm_microscope\ui\widgets.py", line 1337, in append
    cursor.movePosition(cursor.Start)
                        ^^^^^^^^^^^^
AttributeError: 'PySide6.QtGui.QTextCursor' object has no attribute 'Start'. Did you mean: 'atStart'?
2026-08-03 15:07:48,341 [ERROR] stm: Uncaught exception
Traceback (most recent call last):
  File "D:\AI\stm_microscope\ui\main_window.py", line 351, in _on_frame_log_main
    self.log_panel.append(f"{cmd_name}  (无 payload)", direction)
    ~~~~~~~~~~~~~~~~~~~~~^^^^^^^^^^^^^^^^^^^^^^^^^^^^^^^^^^^^^^^^
  File "D:\AI\stm_microscope\ui\widgets.py", line 1337, in append
    cursor.movePosition(cursor.Start)
                        ^^^^^^^^^^^^
AttributeError: 'PySide6.QtGui.QTextCursor' object has no attribute 'Start'. Did you mean: 'atStart'?
2026-08-03 15:07:48,343 [ERROR] stm: Uncaught exception
Traceback (most recent call last):
  File "D:\AI\stm_microscope\ui\main_window.py", line 334, in _on_log_main
    self.log_panel.append(msg, category)
    ~~~~~~~~~~~~~~~~~~~~~^^^^^^^^^^^^^^^
  File "D:\AI\stm_microscope\ui\widgets.py", line 1337, in append
    cursor.movePosition(cursor.Start)
                        ^^^^^^^^^^^^
AttributeError: 'PySide6.QtGui.QTextCursor' object has no attribute 'Start'. Did you mean: 'atStart'?
2026-08-03 15:07:48,346 [ERROR] stm: Uncaught exception
Traceback (most recent call last):
  File "D:\AI\stm_microscope\ui\main_window.py", line 351, in _on_frame_log_main
    self.log_panel.append(f"{cmd_name}  (无 payload)", direction)
    ~~~~~~~~~~~~~~~~~~~~~^^^^^^^^^^^^^^^^^^^^^^^^^^^^^^^^^^^^^^^^
  File "D:\AI\stm_microscope\ui\widgets.py", line 1337, in append
    cursor.movePosition(cursor.Start)
                        ^^^^^^^^^^^^
AttributeError: 'PySide6.QtGui.QTextCursor' object has no attribute 'Start'. Did you mean: 'atStart'?
2026-08-03 15:07:48,348 [ERROR] stm: Uncaught exception
Traceback (most recent call last):
  File "D:\AI\stm_microscope\ui\main_window.py", line 334, in _on_log_main
    self.log_panel.append(msg, category)
    ~~~~~~~~~~~~~~~~~~~~~^^^^^^^^^^^^^^^
  File "D:\AI\stm_microscope\ui\widgets.py", line 1337, in append
    cursor.movePosition(cursor.Start)
                        ^^^^^^^^^^^^
AttributeError: 'PySide6.QtGui.QTextCursor' object has no attribute 'Start'. Did you mean: 'atStart'?
2026-08-03 15:07:48,351 [ERROR] stm: Uncaught exception
Traceback (most recent call last):
  File "D:\AI\stm_microscope\ui\main_window.py", line 351, in _on_frame_log_main
    self.log_panel.append(f"{cmd_name}  (无 payload)", direction)
    ~~~~~~~~~~~~~~~~~~~~~^^^^^^^^^^^^^^^^^^^^^^^^^^^^^^^^^^^^^^^^
  File "D:\AI\stm_microscope\ui\widgets.py", line 1337, in append
    cursor.movePosition(cursor.Start)
                        ^^^^^^^^^^^^
AttributeError: 'PySide6.QtGui.QTextCursor' object has no attribute 'Start'. Did you mean: 'atStart'?
2026-08-03 15:07:48,353 [ERROR] stm: Uncaught exception
Traceback (most recent call last):
  File "D:\AI\stm_microscope\ui\main_window.py", line 334, in _on_log_main
    self.log_panel.append(msg, category)
    ~~~~~~~~~~~~~~~~~~~~~^^^^^^^^^^^^^^^
  File "D:\AI\stm_microscope\ui\widgets.py", line 1337, in append
    cursor.movePosition(cursor.Start)
                        ^^^^^^^^^^^^
AttributeError: 'PySide6.QtGui.QTextCursor' object has no attribute 'Start'. Did you mean: 'atStart'?
2026-08-03 15:07:48,356 [ERROR] stm: Uncaught exception
Traceback (most recent call last):
  File "D:\AI\stm_microscope\ui\main_window.py", line 351, in _on_frame_log_main
    self.log_panel.append(f"{cmd_name}  (无 payload)", direction)
    ~~~~~~~~~~~~~~~~~~~~~^^^^^^^^^^^^^^^^^^^^^^^^^^^^^^^^^^^^^^^^
  File "D:\AI\stm_microscope\ui\widgets.py", line 1337, in append
    cursor.movePosition(cursor.Start)
                        ^^^^^^^^^^^^
AttributeError: 'PySide6.QtGui.QTextCursor' object has no attribute 'Start'. Did you mean: 'atStart'?
2026-08-03 15:07:48,359 [ERROR] stm: Uncaught exception
Traceback (most recent call last):
  File "D:\AI\stm_microscope\ui\main_window.py", line 334, in _on_log_main
    self.log_panel.append(msg, category)
    ~~~~~~~~~~~~~~~~~~~~~^^^^^^^^^^^^^^^
  File "D:\AI\stm_microscope\ui\widgets.py", line 1337, in append
    cursor.movePosition(cursor.Start)
                        ^^^^^^^^^^^^
AttributeError: 'PySide6.QtGui.QTextCursor' object has no attribute 'Start'. Did you mean: 'atStart'?
2026-08-03 15:07:48,361 [ERROR] stm: Uncaught exception
Traceback (most recent call last):
  File "D:\AI\stm_microscope\ui\main_window.py", line 351, in _on_frame_log_main
    self.log_panel.append(f"{cmd_name}  (无 payload)", direction)
    ~~~~~~~~~~~~~~~~~~~~~^^^^^^^^^^^^^^^^^^^^^^^^^^^^^^^^^^^^^^^^
  File "D:\AI\stm_microscope\ui\widgets.py", line 1337, in append
    cursor.movePosition(cursor.Start)
                        ^^^^^^^^^^^^
AttributeError: 'PySide6.QtGui.QTextCursor' object has no attribute 'Start'. Did you mean: 'atStart'?
2026-08-03 15:07:48,364 [ERROR] stm: Uncaught exception
Traceback (most recent call last):
  File "D:\AI\stm_microscope\ui\main_window.py", line 334, in _on_log_main
    self.log_panel.append(msg, category)
    ~~~~~~~~~~~~~~~~~~~~~^^^^^^^^^^^^^^^
  File "D:\AI\stm_microscope\ui\widgets.py", line 1337, in append
    cursor.movePosition(cursor.Start)
                        ^^^^^^^^^^^^
AttributeError: 'PySide6.QtGui.QTextCursor' object has no attribute 'Start'. Did you mean: 'atStart'?
2026-08-03 15:07:48,366 [ERROR] stm: Uncaught exception
Traceback (most recent call last):
  File "D:\AI\stm_microscope\ui\main_window.py", line 351, in _on_frame_log_main
    self.log_panel.append(f"{cmd_name}  (无 payload)", direction)
    ~~~~~~~~~~~~~~~~~~~~~^^^^^^^^^^^^^^^^^^^^^^^^^^^^^^^^^^^^^^^^
  File "D:\AI\stm_microscope\ui\widgets.py", line 1337, in append
    cursor.movePosition(cursor.Start)
                        ^^^^^^^^^^^^
AttributeError: 'PySide6.QtGui.QTextCursor' object has no attribute 'Start'. Did you mean: 'atStart'?
2026-08-03 15:07:48,369 [ERROR] stm: Uncaught exception
Traceback (most recent call last):
  File "D:\AI\stm_microscope\ui\main_window.py", line 334, in _on_log_main
    self.log_panel.append(msg, category)
    ~~~~~~~~~~~~~~~~~~~~~^^^^^^^^^^^^^^^
  File "D:\AI\stm_microscope\ui\widgets.py", line 1337, in append
    cursor.movePosition(cursor.Start)
                        ^^^^^^^^^^^^
AttributeError: 'PySide6.QtGui.QTextCursor' object has no attribute 'Start'. Did you mean: 'atStart'?
2026-08-03 15:07:48,372 [ERROR] stm: Uncaught exception
Traceback (most recent call last):
  File "D:\AI\stm_microscope\ui\main_window.py", line 351, in _on_frame_log_main
    self.log_panel.append(f"{cmd_name}  (无 payload)", direction)
    ~~~~~~~~~~~~~~~~~~~~~^^^^^^^^^^^^^^^^^^^^^^^^^^^^^^^^^^^^^^^^
  File "D:\AI\stm_microscope\ui\widgets.py", line 1337, in append
    cursor.movePosition(cursor.Start)
                        ^^^^^^^^^^^^
AttributeError: 'PySide6.QtGui.QTextCursor' object has no attribute 'Start'. Did you mean: 'atStart'?
2026-08-03 15:07:48,375 [ERROR] stm: Uncaught exception
Traceback (most recent call last):
  File "D:\AI\stm_microscope\ui\main_window.py", line 334, in _on_log_main
    self.log_panel.append(msg, category)
    ~~~~~~~~~~~~~~~~~~~~~^^^^^^^^^^^^^^^
  File "D:\AI\stm_microscope\ui\widgets.py", line 1337, in append
    cursor.movePosition(cursor.Start)
                        ^^^^^^^^^^^^
AttributeError: 'PySide6.QtGui.QTextCursor' object has no attribute 'Start'. Did you mean: 'atStart'?
2026-08-03 15:07:48,378 [ERROR] stm: Uncaught exception
Traceback (most recent call last):
  File "D:\AI\stm_microscope\ui\main_window.py", line 351, in _on_frame_log_main
    self.log_panel.append(f"{cmd_name}  (无 payload)", direction)
    ~~~~~~~~~~~~~~~~~~~~~^^^^^^^^^^^^^^^^^^^^^^^^^^^^^^^^^^^^^^^^
  File "D:\AI\stm_microscope\ui\widgets.py", line 1337, in append
    cursor.movePosition(cursor.Start)
                        ^^^^^^^^^^^^
AttributeError: 'PySide6.QtGui.QTextCursor' object has no attribute 'Start'. Did you mean: 'atStart'?
2026-08-03 15:07:48,381 [ERROR] stm: Uncaught exception
Traceback (most recent call last):
  File "D:\AI\stm_microscope\ui\main_window.py", line 334, in _on_log_main
    self.log_panel.append(msg, category)
    ~~~~~~~~~~~~~~~~~~~~~^^^^^^^^^^^^^^^
  File "D:\AI\stm_microscope\ui\widgets.py", line 1337, in append
    cursor.movePosition(cursor.Start)
                        ^^^^^^^^^^^^
AttributeError: 'PySide6.QtGui.QTextCursor' object has no attribute 'Start'. Did you mean: 'atStart'?
2026-08-03 15:07:48,384 [ERROR] stm: Uncaught exception
Traceback (most recent call last):
  File "D:\AI\stm_microscope\ui\main_window.py", line 351, in _on_frame_log_main
    self.log_panel.append(f"{cmd_name}  (无 payload)", direction)
    ~~~~~~~~~~~~~~~~~~~~~^^^^^^^^^^^^^^^^^^^^^^^^^^^^^^^^^^^^^^^^
  File "D:\AI\stm_microscope\ui\widgets.py", line 1337, in append
    cursor.movePosition(cursor.Start)
                        ^^^^^^^^^^^^
AttributeError: 'PySide6.QtGui.QTextCursor' object has no attribute 'Start'. Did you mean: 'atStart'?
2026-08-03 15:07:48,388 [ERROR] stm: Uncaught exception
Traceback (most recent call last):
  File "D:\AI\stm_microscope\ui\main_window.py", line 334, in _on_log_main
    self.log_panel.append(msg, category)
    ~~~~~~~~~~~~~~~~~~~~~^^^^^^^^^^^^^^^
  File "D:\AI\stm_microscope\ui\widgets.py", line 1337, in append
    cursor.movePosition(cursor.Start)
                        ^^^^^^^^^^^^
AttributeError: 'PySide6.QtGui.QTextCursor' object has no attribute 'Start'. Did you mean: 'atStart'?
2026-08-03 15:07:48,391 [ERROR] stm: Uncaught exception
Traceback (most recent call last):
  File "D:\AI\stm_microscope\ui\main_window.py", line 351, in _on_frame_log_main
    self.log_panel.append(f"{cmd_name}  (无 payload)", direction)
    ~~~~~~~~~~~~~~~~~~~~~^^^^^^^^^^^^^^^^^^^^^^^^^^^^^^^^^^^^^^^^
  File "D:\AI\stm_microscope\ui\widgets.py", line 1337, in append
    cursor.movePosition(cursor.Start)
                        ^^^^^^^^^^^^
AttributeError: 'PySide6.QtGui.QTextCursor' object has no attribute 'Start'. Did you mean: 'atStart'?
2026-08-03 15:07:48,394 [ERROR] stm: Uncaught exception
Traceback (most recent call last):
  File "D:\AI\stm_microscope\ui\main_window.py", line 334, in _on_log_main
    self.log_panel.append(msg, category)
    ~~~~~~~~~~~~~~~~~~~~~^^^^^^^^^^^^^^^
  File "D:\AI\stm_microscope\ui\widgets.py", line 1337, in append
    cursor.movePosition(cursor.Start)
                        ^^^^^^^^^^^^
AttributeError: 'PySide6.QtGui.QTextCursor' object has no attribute 'Start'. Did you mean: 'atStart'?
2026-08-03 15:07:48,416 [ERROR] stm: Uncaught exception
Traceback (most recent call last):
  File "D:\AI\stm_microscope\ui\main_window.py", line 351, in _on_frame_log_main
    self.log_panel.append(f"{cmd_name}  (无 payload)", direction)
    ~~~~~~~~~~~~~~~~~~~~~^^^^^^^^^^^^^^^^^^^^^^^^^^^^^^^^^^^^^^^^
  File "D:\AI\stm_microscope\ui\widgets.py", line 1337, in append
    cursor.movePosition(cursor.Start)
                        ^^^^^^^^^^^^
AttributeError: 'PySide6.QtGui.QTextCursor' object has no attribute 'Start'. Did you mean: 'atStart'?
2026-08-03 15:07:48,419 [ERROR] stm: Uncaught exception
Traceback (most recent call last):
  File "D:\AI\stm_microscope\ui\main_window.py", line 334, in _on_log_main
    self.log_panel.append(msg, category)
    ~~~~~~~~~~~~~~~~~~~~~^^^^^^^^^^^^^^^
  File "D:\AI\stm_microscope\ui\widgets.py", line 1337, in append
    cursor.movePosition(cursor.Start)
                        ^^^^^^^^^^^^
AttributeError: 'PySide6.QtGui.QTextCursor' object has no attribute 'Start'. Did you mean: 'atStart'?
2026-08-03 15:07:48,422 [ERROR] stm: Uncaught exception
Traceback (most recent call last):
  File "D:\AI\stm_microscope\ui\main_window.py", line 351, in _on_frame_log_main
    self.log_panel.append(f"{cmd_name}  (无 payload)", direction)
    ~~~~~~~~~~~~~~~~~~~~~^^^^^^^^^^^^^^^^^^^^^^^^^^^^^^^^^^^^^^^^
  File "D:\AI\stm_microscope\ui\widgets.py", line 1337, in append
    cursor.movePosition(cursor.Start)
                        ^^^^^^^^^^^^
AttributeError: 'PySide6.QtGui.QTextCursor' object has no attribute 'Start'. Did you mean: 'atStart'?
2026-08-03 15:07:48,425 [ERROR] stm: Uncaught exception
Traceback (most recent call last):
  File "D:\AI\stm_microscope\ui\main_window.py", line 334, in _on_log_main
    self.log_panel.append(msg, category)
    ~~~~~~~~~~~~~~~~~~~~~^^^^^^^^^^^^^^^
  File "D:\AI\stm_microscope\ui\widgets.py", line 1337, in append
    cursor.movePosition(cursor.Start)
                        ^^^^^^^^^^^^
AttributeError: 'PySide6.QtGui.QTextCursor' object has no attribute 'Start'. Did you mean: 'atStart'?
2026-08-03 15:07:48,428 [ERROR] stm: Uncaught exception
Traceback (most recent call last):
  File "D:\AI\stm_microscope\ui\main_window.py", line 351, in _on_frame_log_main
    self.log_panel.append(f"{cmd_name}  (无 payload)", direction)
    ~~~~~~~~~~~~~~~~~~~~~^^^^^^^^^^^^^^^^^^^^^^^^^^^^^^^^^^^^^^^^
  File "D:\AI\stm_microscope\ui\widgets.py", line 1337, in append
    cursor.movePosition(cursor.Start)
                        ^^^^^^^^^^^^
AttributeError: 'PySide6.QtGui.QTextCursor' object has no attribute 'Start'. Did you mean: 'atStart'?
2026-08-03 15:07:48,430 [ERROR] stm: Uncaught exception
Traceback (most recent call last):
  File "D:\AI\stm_microscope\ui\main_window.py", line 334, in _on_log_main
    self.log_panel.append(msg, category)
    ~~~~~~~~~~~~~~~~~~~~~^^^^^^^^^^^^^^^
  File "D:\AI\stm_microscope\ui\widgets.py", line 1337, in append
    cursor.movePosition(cursor.Start)
                        ^^^^^^^^^^^^
AttributeError: 'PySide6.QtGui.QTextCursor' object has no attribute 'Start'. Did you mean: 'atStart'?
2026-08-03 15:07:48,433 [ERROR] stm: Uncaught exception
Traceback (most recent call last):
  File "D:\AI\stm_microscope\ui\main_window.py", line 351, in _on_frame_log_main
    self.log_panel.append(f"{cmd_name}  (无 payload)", direction)
    ~~~~~~~~~~~~~~~~~~~~~^^^^^^^^^^^^^^^^^^^^^^^^^^^^^^^^^^^^^^^^
  File "D:\AI\stm_microscope\ui\widgets.py", line 1337, in append
    cursor.movePosition(cursor.Start)
                        ^^^^^^^^^^^^
AttributeError: 'PySide6.QtGui.QTextCursor' object has no attribute 'Start'. Did you mean: 'atStart'?
2026-08-03 15:07:48,435 [ERROR] stm: Uncaught exception
Traceback (most recent call last):
  File "D:\AI\stm_microscope\ui\main_window.py", line 334, in _on_log_main
    self.log_panel.append(msg, category)
    ~~~~~~~~~~~~~~~~~~~~~^^^^^^^^^^^^^^^
  File "D:\AI\stm_microscope\ui\widgets.py", line 1337, in append
    cursor.movePosition(cursor.Start)
                        ^^^^^^^^^^^^
AttributeError: 'PySide6.QtGui.QTextCursor' object has no attribute 'Start'. Did you mean: 'atStart'?
2026-08-03 15:07:48,438 [ERROR] stm: Uncaught exception
Traceback (most recent call last):
  File "D:\AI\stm_microscope\ui\main_window.py", line 351, in _on_frame_log_main
    self.log_panel.append(f"{cmd_name}  (无 payload)", direction)
    ~~~~~~~~~~~~~~~~~~~~~^^^^^^^^^^^^^^^^^^^^^^^^^^^^^^^^^^^^^^^^
  File "D:\AI\stm_microscope\ui\widgets.py", line 1337, in append
    cursor.movePosition(cursor.Start)
                        ^^^^^^^^^^^^
AttributeError: 'PySide6.QtGui.QTextCursor' object has no attribute 'Start'. Did you mean: 'atStart'?
2026-08-03 15:07:48,441 [ERROR] stm: Uncaught exception
Traceback (most recent call last):
  File "D:\AI\stm_microscope\ui\main_window.py", line 334, in _on_log_main
    self.log_panel.append(msg, category)
    ~~~~~~~~~~~~~~~~~~~~~^^^^^^^^^^^^^^^
  File "D:\AI\stm_microscope\ui\widgets.py", line 1337, in append
    cursor.movePosition(cursor.Start)
                        ^^^^^^^^^^^^
AttributeError: 'PySide6.QtGui.QTextCursor' object has no attribute 'Start'. Did you mean: 'atStart'?
2026-08-03 15:07:48,443 [ERROR] stm: Uncaught exception
Traceback (most recent call last):
  File "D:\AI\stm_microscope\ui\main_window.py", line 351, in _on_frame_log_main
    self.log_panel.append(f"{cmd_name}  (无 payload)", direction)
    ~~~~~~~~~~~~~~~~~~~~~^^^^^^^^^^^^^^^^^^^^^^^^^^^^^^^^^^^^^^^^
  File "D:\AI\stm_microscope\ui\widgets.py", line 1337, in append
    cursor.movePosition(cursor.Start)
                        ^^^^^^^^^^^^
AttributeError: 'PySide6.QtGui.QTextCursor' object has no attribute 'Start'. Did you mean: 'atStart'?
2026-08-03 15:07:48,445 [ERROR] stm: Uncaught exception
Traceback (most recent call last):
  File "D:\AI\stm_microscope\ui\main_window.py", line 334, in _on_log_main
    self.log_panel.append(msg, category)
    ~~~~~~~~~~~~~~~~~~~~~^^^^^^^^^^^^^^^
  File "D:\AI\stm_microscope\ui\widgets.py", line 1337, in append
    cursor.movePosition(cursor.Start)
                        ^^^^^^^^^^^^
AttributeError: 'PySide6.QtGui.QTextCursor' object has no attribute 'Start'. Did you mean: 'atStart'?
2026-08-03 15:07:48,453 [ERROR] stm: Uncaught exception
Traceback (most recent call last):
  File "D:\AI\stm_microscope\ui\main_window.py", line 351, in _on_frame_log_main
    self.log_panel.append(f"{cmd_name}  (无 payload)", direction)
    ~~~~~~~~~~~~~~~~~~~~~^^^^^^^^^^^^^^^^^^^^^^^^^^^^^^^^^^^^^^^^
  File "D:\AI\stm_microscope\ui\widgets.py", line 1337, in append
    cursor.movePosition(cursor.Start)
                        ^^^^^^^^^^^^
AttributeError: 'PySide6.QtGui.QTextCursor' object has no attribute 'Start'. Did you mean: 'atStart'?
2026-08-03 15:07:48,456 [ERROR] stm: Uncaught exception
Traceback (most recent call last):
  File "D:\AI\stm_microscope\ui\main_window.py", line 334, in _on_log_main
    self.log_panel.append(msg, category)
    ~~~~~~~~~~~~~~~~~~~~~^^^^^^^^^^^^^^^
  File "D:\AI\stm_microscope\ui\widgets.py", line 1337, in append
    cursor.movePosition(cursor.Start)
                        ^^^^^^^^^^^^
AttributeError: 'PySide6.QtGui.QTextCursor' object has no attribute 'Start'. Did you mean: 'atStart'?
2026-08-03 15:07:48,458 [ERROR] stm: Uncaught exception
Traceback (most recent call last):
  File "D:\AI\stm_microscope\ui\main_window.py", line 351, in _on_frame_log_main
    self.log_panel.append(f"{cmd_name}  (无 payload)", direction)
    ~~~~~~~~~~~~~~~~~~~~~^^^^^^^^^^^^^^^^^^^^^^^^^^^^^^^^^^^^^^^^
  File "D:\AI\stm_microscope\ui\widgets.py", line 1337, in append
    cursor.movePosition(cursor.Start)
                        ^^^^^^^^^^^^
AttributeError: 'PySide6.QtGui.QTextCursor' object has no attribute 'Start'. Did you mean: 'atStart'?
2026-08-03 15:07:48,460 [ERROR] stm: Uncaught exception
Traceback (most recent call last):
  File "D:\AI\stm_microscope\ui\main_window.py", line 334, in _on_log_main
    self.log_panel.append(msg, category)
    ~~~~~~~~~~~~~~~~~~~~~^^^^^^^^^^^^^^^
  File "D:\AI\stm_microscope\ui\widgets.py", line 1337, in append
    cursor.movePosition(cursor.Start)
                        ^^^^^^^^^^^^
AttributeError: 'PySide6.QtGui.QTextCursor' object has no attribute 'Start'. Did you mean: 'atStart'?
2026-08-03 15:07:48,463 [ERROR] stm: Uncaught exception
Traceback (most recent call last):
  File "D:\AI\stm_microscope\ui\main_window.py", line 351, in _on_frame_log_main
    self.log_panel.append(f"{cmd_name}  (无 payload)", direction)
    ~~~~~~~~~~~~~~~~~~~~~^^^^^^^^^^^^^^^^^^^^^^^^^^^^^^^^^^^^^^^^
  File "D:\AI\stm_microscope\ui\widgets.py", line 1337, in append
    cursor.movePosition(cursor.Start)
                        ^^^^^^^^^^^^
AttributeError: 'PySide6.QtGui.QTextCursor' object has no attribute 'Start'. Did you mean: 'atStart'?
2026-08-03 15:07:48,465 [ERROR] stm: Uncaught exception
Traceback (most recent call last):
  File "D:\AI\stm_microscope\ui\main_window.py", line 334, in _on_log_main
    self.log_panel.append(msg, category)
    ~~~~~~~~~~~~~~~~~~~~~^^^^^^^^^^^^^^^
  File "D:\AI\stm_microscope\ui\widgets.py", line 1337, in append
    cursor.movePosition(cursor.Start)
                        ^^^^^^^^^^^^
AttributeError: 'PySide6.QtGui.QTextCursor' object has no attribute 'Start'. Did you mean: 'atStart'?
2026-08-03 15:07:48,468 [ERROR] stm: Uncaught exception
Traceback (most recent call last):
  File "D:\AI\stm_microscope\ui\main_window.py", line 351, in _on_frame_log_main
    self.log_panel.append(f"{cmd_name}  (无 payload)", direction)
    ~~~~~~~~~~~~~~~~~~~~~^^^^^^^^^^^^^^^^^^^^^^^^^^^^^^^^^^^^^^^^
  File "D:\AI\stm_microscope\ui\widgets.py", line 1337, in append
    cursor.movePosition(cursor.Start)
                        ^^^^^^^^^^^^
AttributeError: 'PySide6.QtGui.QTextCursor' object has no attribute 'Start'. Did you mean: 'atStart'?
2026-08-03 15:07:48,470 [ERROR] stm: Uncaught exception
Traceback (most recent call last):
  File "D:\AI\stm_microscope\ui\main_window.py", line 334, in _on_log_main
    self.log_panel.append(msg, category)
    ~~~~~~~~~~~~~~~~~~~~~^^^^^^^^^^^^^^^
  File "D:\AI\stm_microscope\ui\widgets.py", line 1337, in append
    cursor.movePosition(cursor.Start)
                        ^^^^^^^^^^^^
AttributeError: 'PySide6.QtGui.QTextCursor' object has no attribute 'Start'. Did you mean: 'atStart'?
2026-08-03 15:07:48,473 [ERROR] stm: Uncaught exception
Traceback (most recent call last):
  File "D:\AI\stm_microscope\ui\main_window.py", line 351, in _on_frame_log_main
    self.log_panel.append(f"{cmd_name}  (无 payload)", direction)
    ~~~~~~~~~~~~~~~~~~~~~^^^^^^^^^^^^^^^^^^^^^^^^^^^^^^^^^^^^^^^^
  File "D:\AI\stm_microscope\ui\widgets.py", line 1337, in append
    cursor.movePosition(cursor.Start)
                        ^^^^^^^^^^^^
AttributeError: 'PySide6.QtGui.QTextCursor' object has no attribute 'Start'. Did you mean: 'atStart'?
2026-08-03 15:07:48,476 [ERROR] stm: Uncaught exception
Traceback (most recent call last):
  File "D:\AI\stm_microscope\ui\main_window.py", line 334, in _on_log_main
    self.log_panel.append(msg, category)
    ~~~~~~~~~~~~~~~~~~~~~^^^^^^^^^^^^^^^
  File "D:\AI\stm_microscope\ui\widgets.py", line 1337, in append
    cursor.movePosition(cursor.Start)
                        ^^^^^^^^^^^^
AttributeError: 'PySide6.QtGui.QTextCursor' object has no attribute 'Start'. Did you mean: 'atStart'?
2026-08-03 15:07:48,478 [ERROR] stm: Uncaught exception
Traceback (most recent call last):
  File "D:\AI\stm_microscope\ui\main_window.py", line 351, in _on_frame_log_main
    self.log_panel.append(f"{cmd_name}  (无 payload)", direction)
    ~~~~~~~~~~~~~~~~~~~~~^^^^^^^^^^^^^^^^^^^^^^^^^^^^^^^^^^^^^^^^
  File "D:\AI\stm_microscope\ui\widgets.py", line 1337, in append
    cursor.movePosition(cursor.Start)
                        ^^^^^^^^^^^^
AttributeError: 'PySide6.QtGui.QTextCursor' object has no attribute 'Start'. Did you mean: 'atStart'?
2026-08-03 15:07:48,480 [ERROR] stm: Uncaught exception
Traceback (most recent call last):
  File "D:\AI\stm_microscope\ui\main_window.py", line 334, in _on_log_main
    self.log_panel.append(msg, category)
    ~~~~~~~~~~~~~~~~~~~~~^^^^^^^^^^^^^^^
  File "D:\AI\stm_microscope\ui\widgets.py", line 1337, in append
    cursor.movePosition(cursor.Start)
                        ^^^^^^^^^^^^
AttributeError: 'PySide6.QtGui.QTextCursor' object has no attribute 'Start'. Did you mean: 'atStart'?
2026-08-03 15:07:48,483 [ERROR] stm: Uncaught exception
Traceback (most recent call last):
  File "D:\AI\stm_microscope\ui\main_window.py", line 351, in _on_frame_log_main
    self.log_panel.append(f"{cmd_name}  (无 payload)", direction)
    ~~~~~~~~~~~~~~~~~~~~~^^^^^^^^^^^^^^^^^^^^^^^^^^^^^^^^^^^^^^^^
  File "D:\AI\stm_microscope\ui\widgets.py", line 1337, in append
    cursor.movePosition(cursor.Start)
                        ^^^^^^^^^^^^
AttributeError: 'PySide6.QtGui.QTextCursor' object has no attribute 'Start'. Did you mean: 'atStart'?
2026-08-03 15:07:48,485 [ERROR] stm: Uncaught exception
Traceback (most recent call last):
  File "D:\AI\stm_microscope\ui\main_window.py", line 334, in _on_log_main
    self.log_panel.append(msg, category)
    ~~~~~~~~~~~~~~~~~~~~~^^^^^^^^^^^^^^^
  File "D:\AI\stm_microscope\ui\widgets.py", line 1337, in append
    cursor.movePosition(cursor.Start)
                        ^^^^^^^^^^^^
AttributeError: 'PySide6.QtGui.QTextCursor' object has no attribute 'Start'. Did you mean: 'atStart'?
2026-08-03 15:07:48,488 [ERROR] stm: Uncaught exception
Traceback (most recent call last):
  File "D:\AI\stm_microscope\ui\main_window.py", line 351, in _on_frame_log_main
    self.log_panel.append(f"{cmd_name}  (无 payload)", direction)
    ~~~~~~~~~~~~~~~~~~~~~^^^^^^^^^^^^^^^^^^^^^^^^^^^^^^^^^^^^^^^^
  File "D:\AI\stm_microscope\ui\widgets.py", line 1337, in append
    cursor.movePosition(cursor.Start)
                        ^^^^^^^^^^^^
AttributeError: 'PySide6.QtGui.QTextCursor' object has no attribute 'Start'. Did you mean: 'atStart'?
2026-08-03 15:07:48,490 [ERROR] stm: Uncaught exception
Traceback (most recent call last):
  File "D:\AI\stm_microscope\ui\main_window.py", line 334, in _on_log_main
    self.log_panel.append(msg, category)
    ~~~~~~~~~~~~~~~~~~~~~^^^^^^^^^^^^^^^
  File "D:\AI\stm_microscope\ui\widgets.py", line 1337, in append
    cursor.movePosition(cursor.Start)
                        ^^^^^^^^^^^^
AttributeError: 'PySide6.QtGui.QTextCursor' object has no attribute 'Start'. Did you mean: 'atStart'?
2026-08-03 15:07:48,493 [ERROR] stm: Uncaught exception
Traceback (most recent call last):
  File "D:\AI\stm_microscope\ui\main_window.py", line 351, in _on_frame_log_main
    self.log_panel.append(f"{cmd_name}  (无 payload)", direction)
    ~~~~~~~~~~~~~~~~~~~~~^^^^^^^^^^^^^^^^^^^^^^^^^^^^^^^^^^^^^^^^
  File "D:\AI\stm_microscope\ui\widgets.py", line 1337, in append
    cursor.movePosition(cursor.Start)
                        ^^^^^^^^^^^^
AttributeError: 'PySide6.QtGui.QTextCursor' object has no attribute 'Start'. Did you mean: 'atStart'?
2026-08-03 15:07:48,495 [ERROR] stm: Uncaught exception
Traceback (most recent call last):
  File "D:\AI\stm_microscope\ui\main_window.py", line 334, in _on_log_main
    self.log_panel.append(msg, category)
    ~~~~~~~~~~~~~~~~~~~~~^^^^^^^^^^^^^^^
  File "D:\AI\stm_microscope\ui\widgets.py", line 1337, in append
    cursor.movePosition(cursor.Start)
                        ^^^^^^^^^^^^
AttributeError: 'PySide6.QtGui.QTextCursor' object has no attribute 'Start'. Did you mean: 'atStart'?
2026-08-03 15:07:48,498 [ERROR] stm: Uncaught exception
Traceback (most recent call last):
  File "D:\AI\stm_microscope\ui\main_window.py", line 351, in _on_frame_log_main
    self.log_panel.append(f"{cmd_name}  (无 payload)", direction)
    ~~~~~~~~~~~~~~~~~~~~~^^^^^^^^^^^^^^^^^^^^^^^^^^^^^^^^^^^^^^^^
  File "D:\AI\stm_microscope\ui\widgets.py", line 1337, in append
    cursor.movePosition(cursor.Start)
                        ^^^^^^^^^^^^
AttributeError: 'PySide6.QtGui.QTextCursor' object has no attribute 'Start'. Did you mean: 'atStart'?
2026-08-03 15:07:48,500 [ERROR] stm: Uncaught exception
Traceback (most recent call last):
  File "D:\AI\stm_microscope\ui\main_window.py", line 334, in _on_log_main
    self.log_panel.append(msg, category)
    ~~~~~~~~~~~~~~~~~~~~~^^^^^^^^^^^^^^^
  File "D:\AI\stm_microscope\ui\widgets.py", line 1337, in append
    cursor.movePosition(cursor.Start)
                        ^^^^^^^^^^^^
AttributeError: 'PySide6.QtGui.QTextCursor' object has no attribute 'Start'. Did you mean: 'atStart'?
2026-08-03 15:07:48,502 [ERROR] stm: Uncaught exception
Traceback (most recent call last):
  File "D:\AI\stm_microscope\ui\main_window.py", line 351, in _on_frame_log_main
    self.log_panel.append(f"{cmd_name}  (无 payload)", direction)
    ~~~~~~~~~~~~~~~~~~~~~^^^^^^^^^^^^^^^^^^^^^^^^^^^^^^^^^^^^^^^^
  File "D:\AI\stm_microscope\ui\widgets.py", line 1337, in append
    cursor.movePosition(cursor.Start)
                        ^^^^^^^^^^^^
AttributeError: 'PySide6.QtGui.QTextCursor' object has no attribute 'Start'. Did you mean: 'atStart'?
2026-08-03 15:07:48,505 [ERROR] stm: Uncaught exception
Traceback (most recent call last):
  File "D:\AI\stm_microscope\ui\main_window.py", line 334, in _on_log_main
    self.log_panel.append(msg, category)
    ~~~~~~~~~~~~~~~~~~~~~^^^^^^^^^^^^^^^
  File "D:\AI\stm_microscope\ui\widgets.py", line 1337, in append
    cursor.movePosition(cursor.Start)
                        ^^^^^^^^^^^^
AttributeError: 'PySide6.QtGui.QTextCursor' object has no attribute 'Start'. Did you mean: 'atStart'?
2026-08-03 15:07:48,507 [ERROR] stm: Uncaught exception
Traceback (most recent call last):
  File "D:\AI\stm_microscope\ui\main_window.py", line 351, in _on_frame_log_main
    self.log_panel.append(f"{cmd_name}  (无 payload)", direction)
    ~~~~~~~~~~~~~~~~~~~~~^^^^^^^^^^^^^^^^^^^^^^^^^^^^^^^^^^^^^^^^
  File "D:\AI\stm_microscope\ui\widgets.py", line 1337, in append
    cursor.movePosition(cursor.Start)
                        ^^^^^^^^^^^^
AttributeError: 'PySide6.QtGui.QTextCursor' object has no attribute 'Start'. Did you mean: 'atStart'?
2026-08-03 15:07:48,509 [ERROR] stm: Uncaught exception
Traceback (most recent call last):
  File "D:\AI\stm_microscope\ui\main_window.py", line 334, in _on_log_main
    self.log_panel.append(msg, category)
    ~~~~~~~~~~~~~~~~~~~~~^^^^^^^^^^^^^^^
  File "D:\AI\stm_microscope\ui\widgets.py", line 1337, in append
    cursor.movePosition(cursor.Start)
                        ^^^^^^^^^^^^
AttributeError: 'PySide6.QtGui.QTextCursor' object has no attribute 'Start'. Did you mean: 'atStart'?
2026-08-03 15:07:48,512 [ERROR] stm: Uncaught exception
Traceback (most recent call last):
  File "D:\AI\stm_microscope\ui\main_window.py", line 351, in _on_frame_log_main
    self.log_panel.append(f"{cmd_name}  (无 payload)", direction)
    ~~~~~~~~~~~~~~~~~~~~~^^^^^^^^^^^^^^^^^^^^^^^^^^^^^^^^^^^^^^^^
  File "D:\AI\stm_microscope\ui\widgets.py", line 1337, in append
    cursor.movePosition(cursor.Start)
                        ^^^^^^^^^^^^
AttributeError: 'PySide6.QtGui.QTextCursor' object has no attribute 'Start'. Did you mean: 'atStart'?
2026-08-03 15:07:48,514 [ERROR] stm: Uncaught exception
Traceback (most recent call last):
  File "D:\AI\stm_microscope\ui\main_window.py", line 334, in _on_log_main
    self.log_panel.append(msg, category)
    ~~~~~~~~~~~~~~~~~~~~~^^^^^^^^^^^^^^^
  File "D:\AI\stm_microscope\ui\widgets.py", line 1337, in append
    cursor.movePosition(cursor.Start)
                        ^^^^^^^^^^^^
AttributeError: 'PySide6.QtGui.QTextCursor' object has no attribute 'Start'. Did you mean: 'atStart'?
2026-08-03 15:07:48,516 [ERROR] stm: Uncaught exception
Traceback (most recent call last):
  File "D:\AI\stm_microscope\ui\main_window.py", line 351, in _on_frame_log_main
    self.log_panel.append(f"{cmd_name}  (无 payload)", direction)
    ~~~~~~~~~~~~~~~~~~~~~^^^^^^^^^^^^^^^^^^^^^^^^^^^^^^^^^^^^^^^^
  File "D:\AI\stm_microscope\ui\widgets.py", line 1337, in append
    cursor.movePosition(cursor.Start)
                        ^^^^^^^^^^^^
AttributeError: 'PySide6.QtGui.QTextCursor' object has no attribute 'Start'. Did you mean: 'atStart'?
2026-08-03 15:07:48,519 [ERROR] stm: Uncaught exception
Traceback (most recent call last):
  File "D:\AI\stm_microscope\ui\main_window.py", line 334, in _on_log_main
    self.log_panel.append(msg, category)
    ~~~~~~~~~~~~~~~~~~~~~^^^^^^^^^^^^^^^
  File "D:\AI\stm_microscope\ui\widgets.py", line 1337, in append
    cursor.movePosition(cursor.Start)
                        ^^^^^^^^^^^^
AttributeError: 'PySide6.QtGui.QTextCursor' object has no attribute 'Start'. Did you mean: 'atStart'?
2026-08-03 15:07:48,522 [ERROR] stm: Uncaught exception
Traceback (most recent call last):
  File "D:\AI\stm_microscope\ui\main_window.py", line 351, in _on_frame_log_main
    self.log_panel.append(f"{cmd_name}  (无 payload)", direction)
    ~~~~~~~~~~~~~~~~~~~~~^^^^^^^^^^^^^^^^^^^^^^^^^^^^^^^^^^^^^^^^
  File "D:\AI\stm_microscope\ui\widgets.py", line 1337, in append
    cursor.movePosition(cursor.Start)
                        ^^^^^^^^^^^^
AttributeError: 'PySide6.QtGui.QTextCursor' object has no attribute 'Start'. Did you mean: 'atStart'?
2026-08-03 15:07:48,524 [ERROR] stm: Uncaught exception
Traceback (most recent call last):
  File "D:\AI\stm_microscope\ui\main_window.py", line 334, in _on_log_main
    self.log_panel.append(msg, category)
    ~~~~~~~~~~~~~~~~~~~~~^^^^^^^^^^^^^^^
  File "D:\AI\stm_microscope\ui\widgets.py", line 1337, in append
    cursor.movePosition(cursor.Start)
                        ^^^^^^^^^^^^
AttributeError: 'PySide6.QtGui.QTextCursor' object has no attribute 'Start'. Did you mean: 'atStart'?
2026-08-03 15:07:48,526 [ERROR] stm: Uncaught exception
Traceback (most recent call last):
  File "D:\AI\stm_microscope\ui\main_window.py", line 351, in _on_frame_log_main
    self.log_panel.append(f"{cmd_name}  (无 payload)", direction)
    ~~~~~~~~~~~~~~~~~~~~~^^^^^^^^^^^^^^^^^^^^^^^^^^^^^^^^^^^^^^^^
  File "D:\AI\stm_microscope\ui\widgets.py", line 1337, in append
    cursor.movePosition(cursor.Start)
                        ^^^^^^^^^^^^
AttributeError: 'PySide6.QtGui.QTextCursor' object has no attribute 'Start'. Did you mean: 'atStart'?
2026-08-03 15:07:48,528 [ERROR] stm: Uncaught exception
Traceback (most recent call last):
  File "D:\AI\stm_microscope\ui\main_window.py", line 334, in _on_log_main
    self.log_panel.append(msg, category)
    ~~~~~~~~~~~~~~~~~~~~~^^^^^^^^^^^^^^^
  File "D:\AI\stm_microscope\ui\widgets.py", line 1337, in append
    cursor.movePosition(cursor.Start)
                        ^^^^^^^^^^^^
AttributeError: 'PySide6.QtGui.QTextCursor' object has no attribute 'Start'. Did you mean: 'atStart'?
2026-08-03 15:07:48,531 [ERROR] stm: Uncaught exception
Traceback (most recent call last):
  File "D:\AI\stm_microscope\ui\main_window.py", line 351, in _on_frame_log_main
    self.log_panel.append(f"{cmd_name}  (无 payload)", direction)
    ~~~~~~~~~~~~~~~~~~~~~^^^^^^^^^^^^^^^^^^^^^^^^^^^^^^^^^^^^^^^^
  File "D:\AI\stm_microscope\ui\widgets.py", line 1337, in append
    cursor.movePosition(cursor.Start)
                        ^^^^^^^^^^^^
AttributeError: 'PySide6.QtGui.QTextCursor' object has no attribute 'Start'. Did you mean: 'atStart'?
2026-08-03 15:07:48,533 [ERROR] stm: Uncaught exception
Traceback (most recent call last):
  File "D:\AI\stm_microscope\ui\main_window.py", line 334, in _on_log_main
    self.log_panel.append(msg, category)
    ~~~~~~~~~~~~~~~~~~~~~^^^^^^^^^^^^^^^
  File "D:\AI\stm_microscope\ui\widgets.py", line 1337, in append
    cursor.movePosition(cursor.Start)
                        ^^^^^^^^^^^^
AttributeError: 'PySide6.QtGui.QTextCursor' object has no attribute 'Start'. Did you mean: 'atStart'?
2026-08-03 15:07:48,535 [ERROR] stm: Uncaught exception
Traceback (most recent call last):
  File "D:\AI\stm_microscope\ui\main_window.py", line 351, in _on_frame_log_main
    self.log_panel.append(f"{cmd_name}  (无 payload)", direction)
    ~~~~~~~~~~~~~~~~~~~~~^^^^^^^^^^^^^^^^^^^^^^^^^^^^^^^^^^^^^^^^
  File "D:\AI\stm_microscope\ui\widgets.py", line 1337, in append
    cursor.movePosition(cursor.Start)
                        ^^^^^^^^^^^^
AttributeError: 'PySide6.QtGui.QTextCursor' object has no attribute 'Start'. Did you mean: 'atStart'?
2026-08-03 15:07:48,538 [ERROR] stm: Uncaught exception
Traceback (most recent call last):
  File "D:\AI\stm_microscope\ui\main_window.py", line 334, in _on_log_main
    self.log_panel.append(msg, category)
    ~~~~~~~~~~~~~~~~~~~~~^^^^^^^^^^^^^^^
  File "D:\AI\stm_microscope\ui\widgets.py", line 1337, in append
    cursor.movePosition(cursor.Start)
                        ^^^^^^^^^^^^
AttributeError: 'PySide6.QtGui.QTextCursor' object has no attribute 'Start'. Did you mean: 'atStart'?
2026-08-03 15:07:48,540 [ERROR] stm: Uncaught exception
Traceback (most recent call last):
  File "D:\AI\stm_microscope\ui\main_window.py", line 351, in _on_frame_log_main
    self.log_panel.append(f"{cmd_name}  (无 payload)", direction)
    ~~~~~~~~~~~~~~~~~~~~~^^^^^^^^^^^^^^^^^^^^^^^^^^^^^^^^^^^^^^^^
  File "D:\AI\stm_microscope\ui\widgets.py", line 1337, in append
    cursor.movePosition(cursor.Start)
                        ^^^^^^^^^^^^
AttributeError: 'PySide6.QtGui.QTextCursor' object has no attribute 'Start'. Did you mean: 'atStart'?
2026-08-03 15:07:48,543 [ERROR] stm: Uncaught exception
Traceback (most recent call last):
  File "D:\AI\stm_microscope\ui\main_window.py", line 334, in _on_log_main
    self.log_panel.append(msg, category)
    ~~~~~~~~~~~~~~~~~~~~~^^^^^^^^^^^^^^^
  File "D:\AI\stm_microscope\ui\widgets.py", line 1337, in append
    cursor.movePosition(cursor.Start)
                        ^^^^^^^^^^^^
AttributeError: 'PySide6.QtGui.QTextCursor' object has no attribute 'Start'. Did you mean: 'atStart'?
2026-08-03 15:07:48,545 [ERROR] stm: Uncaught exception
Traceback (most recent call last):
  File "D:\AI\stm_microscope\ui\main_window.py", line 351, in _on_frame_log_main
    self.log_panel.append(f"{cmd_name}  (无 payload)", direction)
    ~~~~~~~~~~~~~~~~~~~~~^^^^^^^^^^^^^^^^^^^^^^^^^^^^^^^^^^^^^^^^
  File "D:\AI\stm_microscope\ui\widgets.py", line 1337, in append
    cursor.movePosition(cursor.Start)
                        ^^^^^^^^^^^^
AttributeError: 'PySide6.QtGui.QTextCursor' object has no attribute 'Start'. Did you mean: 'atStart'?
2026-08-03 15:07:48,548 [ERROR] stm: Uncaught exception
Traceback (most recent call last):
  File "D:\AI\stm_microscope\ui\main_window.py", line 334, in _on_log_main
    self.log_panel.append(msg, category)
    ~~~~~~~~~~~~~~~~~~~~~^^^^^^^^^^^^^^^
  File "D:\AI\stm_microscope\ui\widgets.py", line 1337, in append
    cursor.movePosition(cursor.Start)
                        ^^^^^^^^^^^^
AttributeError: 'PySide6.QtGui.QTextCursor' object has no attribute 'Start'. Did you mean: 'atStart'?
2026-08-03 15:07:48,550 [ERROR] stm: Uncaught exception
Traceback (most recent call last):
  File "D:\AI\stm_microscope\ui\main_window.py", line 351, in _on_frame_log_main
    self.log_panel.append(f"{cmd_name}  (无 payload)", direction)
    ~~~~~~~~~~~~~~~~~~~~~^^^^^^^^^^^^^^^^^^^^^^^^^^^^^^^^^^^^^^^^
  File "D:\AI\stm_microscope\ui\widgets.py", line 1337, in append
    cursor.movePosition(cursor.Start)
                        ^^^^^^^^^^^^
AttributeError: 'PySide6.QtGui.QTextCursor' object has no attribute 'Start'. Did you mean: 'atStart'?
2026-08-03 15:07:48,553 [ERROR] stm: Uncaught exception
Traceback (most recent call last):
  File "D:\AI\stm_microscope\ui\main_window.py", line 334, in _on_log_main
    self.log_panel.append(msg, category)
    ~~~~~~~~~~~~~~~~~~~~~^^^^^^^^^^^^^^^
  File "D:\AI\stm_microscope\ui\widgets.py", line 1337, in append
    cursor.movePosition(cursor.Start)
                        ^^^^^^^^^^^^
AttributeError: 'PySide6.QtGui.QTextCursor' object has no attribute 'Start'. Did you mean: 'atStart'?
2026-08-03 15:07:48,555 [ERROR] stm: Uncaught exception
Traceback (most recent call last):
  File "D:\AI\stm_microscope\ui\main_window.py", line 351, in _on_frame_log_main
    self.log_panel.append(f"{cmd_name}  (无 payload)", direction)
    ~~~~~~~~~~~~~~~~~~~~~^^^^^^^^^^^^^^^^^^^^^^^^^^^^^^^^^^^^^^^^
  File "D:\AI\stm_microscope\ui\widgets.py", line 1337, in append
    cursor.movePosition(cursor.Start)
                        ^^^^^^^^^^^^
AttributeError: 'PySide6.QtGui.QTextCursor' object has no attribute 'Start'. Did you mean: 'atStart'?
2026-08-03 15:07:48,558 [ERROR] stm: Uncaught exception
Traceback (most recent call last):
  File "D:\AI\stm_microscope\ui\main_window.py", line 334, in _on_log_main
    self.log_panel.append(msg, category)
    ~~~~~~~~~~~~~~~~~~~~~^^^^^^^^^^^^^^^
  File "D:\AI\stm_microscope\ui\widgets.py", line 1337, in append
    cursor.movePosition(cursor.Start)
                        ^^^^^^^^^^^^
AttributeError: 'PySide6.QtGui.QTextCursor' object has no attribute 'Start'. Did you mean: 'atStart'?
2026-08-03 15:07:48,560 [ERROR] stm: Uncaught exception
Traceback (most recent call last):
  File "D:\AI\stm_microscope\ui\main_window.py", line 351, in _on_frame_log_main
    self.log_panel.append(f"{cmd_name}  (无 payload)", direction)
    ~~~~~~~~~~~~~~~~~~~~~^^^^^^^^^^^^^^^^^^^^^^^^^^^^^^^^^^^^^^^^
  File "D:\AI\stm_microscope\ui\widgets.py", line 1337, in append
    cursor.movePosition(cursor.Start)
                        ^^^^^^^^^^^^
AttributeError: 'PySide6.QtGui.QTextCursor' object has no attribute 'Start'. Did you mean: 'atStart'?
2026-08-03 15:07:48,563 [ERROR] stm: Uncaught exception
Traceback (most recent call last):
  File "D:\AI\stm_microscope\ui\main_window.py", line 334, in _on_log_main
    self.log_panel.append(msg, category)
    ~~~~~~~~~~~~~~~~~~~~~^^^^^^^^^^^^^^^
  File "D:\AI\stm_microscope\ui\widgets.py", line 1337, in append
    cursor.movePosition(cursor.Start)
                        ^^^^^^^^^^^^
AttributeError: 'PySide6.QtGui.QTextCursor' object has no attribute 'Start'. Did you mean: 'atStart'?
2026-08-03 15:07:48,565 [ERROR] stm: Uncaught exception
Traceback (most recent call last):
  File "D:\AI\stm_microscope\ui\main_window.py", line 351, in _on_frame_log_main
    self.log_panel.append(f"{cmd_name}  (无 payload)", direction)
    ~~~~~~~~~~~~~~~~~~~~~^^^^^^^^^^^^^^^^^^^^^^^^^^^^^^^^^^^^^^^^
  File "D:\AI\stm_microscope\ui\widgets.py", line 1337, in append
    cursor.movePosition(cursor.Start)
                        ^^^^^^^^^^^^
AttributeError: 'PySide6.QtGui.QTextCursor' object has no attribute 'Start'. Did you mean: 'atStart'?
2026-08-03 15:07:48,567 [ERROR] stm: Uncaught exception
Traceback (most recent call last):
  File "D:\AI\stm_microscope\ui\main_window.py", line 334, in _on_log_main
    self.log_panel.append(msg, category)
    ~~~~~~~~~~~~~~~~~~~~~^^^^^^^^^^^^^^^
  File "D:\AI\stm_microscope\ui\widgets.py", line 1337, in append
    cursor.movePosition(cursor.Start)
                        ^^^^^^^^^^^^
AttributeError: 'PySide6.QtGui.QTextCursor' object has no attribute 'Start'. Did you mean: 'atStart'?
2026-08-03 15:07:48,569 [ERROR] stm: Uncaught exception
Traceback (most recent call last):
  File "D:\AI\stm_microscope\ui\main_window.py", line 351, in _on_frame_log_main
    self.log_panel.append(f"{cmd_name}  (无 payload)", direction)
    ~~~~~~~~~~~~~~~~~~~~~^^^^^^^^^^^^^^^^^^^^^^^^^^^^^^^^^^^^^^^^
  File "D:\AI\stm_microscope\ui\widgets.py", line 1337, in append
    cursor.movePosition(cursor.Start)
                        ^^^^^^^^^^^^
AttributeError: 'PySide6.QtGui.QTextCursor' object has no attribute 'Start'. Did you mean: 'atStart'?
2026-08-03 15:07:48,572 [ERROR] stm: Uncaught exception
Traceback (most recent call last):
  File "D:\AI\stm_microscope\ui\main_window.py", line 334, in _on_log_main
    self.log_panel.append(msg, category)
    ~~~~~~~~~~~~~~~~~~~~~^^^^^^^^^^^^^^^
  File "D:\AI\stm_microscope\ui\widgets.py", line 1337, in append
    cursor.movePosition(cursor.Start)
                        ^^^^^^^^^^^^
AttributeError: 'PySide6.QtGui.QTextCursor' object has no attribute 'Start'. Did you mean: 'atStart'?
2026-08-03 15:07:48,574 [ERROR] stm: Uncaught exception
Traceback (most recent call last):
  File "D:\AI\stm_microscope\ui\main_window.py", line 351, in _on_frame_log_main
    self.log_panel.append(f"{cmd_name}  (无 payload)", direction)
    ~~~~~~~~~~~~~~~~~~~~~^^^^^^^^^^^^^^^^^^^^^^^^^^^^^^^^^^^^^^^^
  File "D:\AI\stm_microscope\ui\widgets.py", line 1337, in append
    cursor.movePosition(cursor.Start)
                        ^^^^^^^^^^^^
AttributeError: 'PySide6.QtGui.QTextCursor' object has no attribute 'Start'. Did you mean: 'atStart'?
2026-08-03 15:07:48,577 [ERROR] stm: Uncaught exception
Traceback (most recent call last):
  File "D:\AI\stm_microscope\ui\main_window.py", line 334, in _on_log_main
    self.log_panel.append(msg, category)
    ~~~~~~~~~~~~~~~~~~~~~^^^^^^^^^^^^^^^
  File "D:\AI\stm_microscope\ui\widgets.py", line 1337, in append
    cursor.movePosition(cursor.Start)
                        ^^^^^^^^^^^^
AttributeError: 'PySide6.QtGui.QTextCursor' object has no attribute 'Start'. Did you mean: 'atStart'?
2026-08-03 15:07:48,579 [ERROR] stm: Uncaught exception
Traceback (most recent call last):
  File "D:\AI\stm_microscope\ui\main_window.py", line 351, in _on_frame_log_main
    self.log_panel.append(f"{cmd_name}  (无 payload)", direction)
    ~~~~~~~~~~~~~~~~~~~~~^^^^^^^^^^^^^^^^^^^^^^^^^^^^^^^^^^^^^^^^
  File "D:\AI\stm_microscope\ui\widgets.py", line 1337, in append
    cursor.movePosition(cursor.Start)
                        ^^^^^^^^^^^^
AttributeError: 'PySide6.QtGui.QTextCursor' object has no attribute 'Start'. Did you mean: 'atStart'?
2026-08-03 15:07:48,582 [ERROR] stm: Uncaught exception
Traceback (most recent call last):
  File "D:\AI\stm_microscope\ui\main_window.py", line 334, in _on_log_main
    self.log_panel.append(msg, category)
    ~~~~~~~~~~~~~~~~~~~~~^^^^^^^^^^^^^^^
  File "D:\AI\stm_microscope\ui\widgets.py", line 1337, in append
    cursor.movePosition(cursor.Start)
                        ^^^^^^^^^^^^
AttributeError: 'PySide6.QtGui.QTextCursor' object has no attribute 'Start'. Did you mean: 'atStart'?
2026-08-03 15:07:48,584 [ERROR] stm: Uncaught exception
Traceback (most recent call last):
  File "D:\AI\stm_microscope\ui\main_window.py", line 351, in _on_frame_log_main
    self.log_panel.append(f"{cmd_name}  (无 payload)", direction)
    ~~~~~~~~~~~~~~~~~~~~~^^^^^^^^^^^^^^^^^^^^^^^^^^^^^^^^^^^^^^^^
  File "D:\AI\stm_microscope\ui\widgets.py", line 1337, in append
    cursor.movePosition(cursor.Start)
                        ^^^^^^^^^^^^
AttributeError: 'PySide6.QtGui.QTextCursor' object has no attribute 'Start'. Did you mean: 'atStart'?
2026-08-03 15:07:48,587 [ERROR] stm: Uncaught exception
Traceback (most recent call last):
  File "D:\AI\stm_microscope\ui\main_window.py", line 334, in _on_log_main
    self.log_panel.append(msg, category)
    ~~~~~~~~~~~~~~~~~~~~~^^^^^^^^^^^^^^^
  File "D:\AI\stm_microscope\ui\widgets.py", line 1337, in append
    cursor.movePosition(cursor.Start)
                        ^^^^^^^^^^^^
AttributeError: 'PySide6.QtGui.QTextCursor' object has no attribute 'Start'. Did you mean: 'atStart'?
2026-08-03 15:07:48,590 [ERROR] stm: Uncaught exception
Traceback (most recent call last):
  File "D:\AI\stm_microscope\ui\main_window.py", line 351, in _on_frame_log_main
    self.log_panel.append(f"{cmd_name}  (无 payload)", direction)
    ~~~~~~~~~~~~~~~~~~~~~^^^^^^^^^^^^^^^^^^^^^^^^^^^^^^^^^^^^^^^^
  File "D:\AI\stm_microscope\ui\widgets.py", line 1337, in append
    cursor.movePosition(cursor.Start)
                        ^^^^^^^^^^^^
AttributeError: 'PySide6.QtGui.QTextCursor' object has no attribute 'Start'. Did you mean: 'atStart'?
2026-08-03 15:07:48,593 [ERROR] stm: Uncaught exception
Traceback (most recent call last):
  File "D:\AI\stm_microscope\ui\main_window.py", line 334, in _on_log_main
    self.log_panel.append(msg, category)
    ~~~~~~~~~~~~~~~~~~~~~^^^^^^^^^^^^^^^
  File "D:\AI\stm_microscope\ui\widgets.py", line 1337, in append
    cursor.movePosition(cursor.Start)
                        ^^^^^^^^^^^^
AttributeError: 'PySide6.QtGui.QTextCursor' object has no attribute 'Start'. Did you mean: 'atStart'?
2026-08-03 15:07:48,595 [ERROR] stm: Uncaught exception
Traceback (most recent call last):
  File "D:\AI\stm_microscope\ui\main_window.py", line 351, in _on_frame_log_main
    self.log_panel.append(f"{cmd_name}  (无 payload)", direction)
    ~~~~~~~~~~~~~~~~~~~~~^^^^^^^^^^^^^^^^^^^^^^^^^^^^^^^^^^^^^^^^
  File "D:\AI\stm_microscope\ui\widgets.py", line 1337, in append
    cursor.movePosition(cursor.Start)
                        ^^^^^^^^^^^^
AttributeError: 'PySide6.QtGui.QTextCursor' object has no attribute 'Start'. Did you mean: 'atStart'?
2026-08-03 15:07:48,598 [ERROR] stm: Uncaught exception
Traceback (most recent call last):
  File "D:\AI\stm_microscope\ui\main_window.py", line 334, in _on_log_main
    self.log_panel.append(msg, category)
    ~~~~~~~~~~~~~~~~~~~~~^^^^^^^^^^^^^^^
  File "D:\AI\stm_microscope\ui\widgets.py", line 1337, in append
    cursor.movePosition(cursor.Start)
                        ^^^^^^^^^^^^
AttributeError: 'PySide6.QtGui.QTextCursor' object has no attribute 'Start'. Did you mean: 'atStart'?
2026-08-03 15:07:48,601 [ERROR] stm: Uncaught exception
Traceback (most recent call last):
  File "D:\AI\stm_microscope\ui\main_window.py", line 351, in _on_frame_log_main
    self.log_panel.append(f"{cmd_name}  (无 payload)", direction)
    ~~~~~~~~~~~~~~~~~~~~~^^^^^^^^^^^^^^^^^^^^^^^^^^^^^^^^^^^^^^^^
  File "D:\AI\stm_microscope\ui\widgets.py", line 1337, in append
    cursor.movePosition(cursor.Start)
                        ^^^^^^^^^^^^
AttributeError: 'PySide6.QtGui.QTextCursor' object has no attribute 'Start'. Did you mean: 'atStart'?
2026-08-03 15:07:48,603 [ERROR] stm: Uncaught exception
Traceback (most recent call last):
  File "D:\AI\stm_microscope\ui\main_window.py", line 334, in _on_log_main
    self.log_panel.append(msg, category)
    ~~~~~~~~~~~~~~~~~~~~~^^^^^^^^^^^^^^^
  File "D:\AI\stm_microscope\ui\widgets.py", line 1337, in append
    cursor.movePosition(cursor.Start)
                        ^^^^^^^^^^^^
AttributeError: 'PySide6.QtGui.QTextCursor' object has no attribute 'Start'. Did you mean: 'atStart'?
2026-08-03 15:07:48,606 [ERROR] stm: Uncaught exception
Traceback (most recent call last):
  File "D:\AI\stm_microscope\ui\main_window.py", line 351, in _on_frame_log_main
    self.log_panel.append(f"{cmd_name}  (无 payload)", direction)
    ~~~~~~~~~~~~~~~~~~~~~^^^^^^^^^^^^^^^^^^^^^^^^^^^^^^^^^^^^^^^^
  File "D:\AI\stm_microscope\ui\widgets.py", line 1337, in append
    cursor.movePosition(cursor.Start)
                        ^^^^^^^^^^^^
AttributeError: 'PySide6.QtGui.QTextCursor' object has no attribute 'Start'. Did you mean: 'atStart'?
2026-08-03 15:07:48,609 [ERROR] stm: Uncaught exception
Traceback (most recent call last):
  File "D:\AI\stm_microscope\ui\main_window.py", line 334, in _on_log_main
    self.log_panel.append(msg, category)
    ~~~~~~~~~~~~~~~~~~~~~^^^^^^^^^^^^^^^
  File "D:\AI\stm_microscope\ui\widgets.py", line 1337, in append
    cursor.movePosition(cursor.Start)
                        ^^^^^^^^^^^^
AttributeError: 'PySide6.QtGui.QTextCursor' object has no attribute 'Start'. Did you mean: 'atStart'?
2026-08-03 15:07:48,611 [ERROR] stm: Uncaught exception
Traceback (most recent call last):
  File "D:\AI\stm_microscope\ui\main_window.py", line 351, in _on_frame_log_main
    self.log_panel.append(f"{cmd_name}  (无 payload)", direction)
    ~~~~~~~~~~~~~~~~~~~~~^^^^^^^^^^^^^^^^^^^^^^^^^^^^^^^^^^^^^^^^
  File "D:\AI\stm_microscope\ui\widgets.py", line 1337, in append
    cursor.movePosition(cursor.Start)
                        ^^^^^^^^^^^^
AttributeError: 'PySide6.QtGui.QTextCursor' object has no attribute 'Start'. Did you mean: 'atStart'?
2026-08-03 15:07:48,614 [ERROR] stm: Uncaught exception
Traceback (most recent call last):
  File "D:\AI\stm_microscope\ui\main_window.py", line 334, in _on_log_main
    self.log_panel.append(msg, category)
    ~~~~~~~~~~~~~~~~~~~~~^^^^^^^^^^^^^^^
  File "D:\AI\stm_microscope\ui\widgets.py", line 1337, in append
    cursor.movePosition(cursor.Start)
                        ^^^^^^^^^^^^
AttributeError: 'PySide6.QtGui.QTextCursor' object has no attribute 'Start'. Did you mean: 'atStart'?
2026-08-03 15:07:48,616 [ERROR] stm: Uncaught exception
Traceback (most recent call last):
  File "D:\AI\stm_microscope\ui\main_window.py", line 351, in _on_frame_log_main
    self.log_panel.append(f"{cmd_name}  (无 payload)", direction)
    ~~~~~~~~~~~~~~~~~~~~~^^^^^^^^^^^^^^^^^^^^^^^^^^^^^^^^^^^^^^^^
  File "D:\AI\stm_microscope\ui\widgets.py", line 1337, in append
    cursor.movePosition(cursor.Start)
                        ^^^^^^^^^^^^
AttributeError: 'PySide6.QtGui.QTextCursor' object has no attribute 'Start'. Did you mean: 'atStart'?
2026-08-03 15:07:48,619 [ERROR] stm: Uncaught exception
Traceback (most recent call last):
  File "D:\AI\stm_microscope\ui\main_window.py", line 334, in _on_log_main
    self.log_panel.append(msg, category)
    ~~~~~~~~~~~~~~~~~~~~~^^^^^^^^^^^^^^^
  File "D:\AI\stm_microscope\ui\widgets.py", line 1337, in append
    cursor.movePosition(cursor.Start)
                        ^^^^^^^^^^^^
AttributeError: 'PySide6.QtGui.QTextCursor' object has no attribute 'Start'. Did you mean: 'atStart'?
2026-08-03 15:07:48,622 [ERROR] stm: Uncaught exception
Traceback (most recent call last):
  File "D:\AI\stm_microscope\ui\main_window.py", line 351, in _on_frame_log_main
    self.log_panel.append(f"{cmd_name}  (无 payload)", direction)
    ~~~~~~~~~~~~~~~~~~~~~^^^^^^^^^^^^^^^^^^^^^^^^^^^^^^^^^^^^^^^^
  File "D:\AI\stm_microscope\ui\widgets.py", line 1337, in append
    cursor.movePosition(cursor.Start)
                        ^^^^^^^^^^^^
AttributeError: 'PySide6.QtGui.QTextCursor' object has no attribute 'Start'. Did you mean: 'atStart'?
2026-08-03 15:07:48,626 [ERROR] stm: Uncaught exception
Traceback (most recent call last):
  File "D:\AI\stm_microscope\ui\main_window.py", line 334, in _on_log_main
    self.log_panel.append(msg, category)
    ~~~~~~~~~~~~~~~~~~~~~^^^^^^^^^^^^^^^
  File "D:\AI\stm_microscope\ui\widgets.py", line 1337, in append
    cursor.movePosition(cursor.Start)
                        ^^^^^^^^^^^^
AttributeError: 'PySide6.QtGui.QTextCursor' object has no attribute 'Start'. Did you mean: 'atStart'?
2026-08-03 15:07:48,632 [ERROR] stm: Uncaught exception
Traceback (most recent call last):
  File "D:\AI\stm_microscope\ui\main_window.py", line 351, in _on_frame_log_main
    self.log_panel.append(f"{cmd_name}  (无 payload)", direction)
    ~~~~~~~~~~~~~~~~~~~~~^^^^^^^^^^^^^^^^^^^^^^^^^^^^^^^^^^^^^^^^
  File "D:\AI\stm_microscope\ui\widgets.py", line 1337, in append
    cursor.movePosition(cursor.Start)
                        ^^^^^^^^^^^^
AttributeError: 'PySide6.QtGui.QTextCursor' object has no attribute 'Start'. Did you mean: 'atStart'?
2026-08-03 15:07:48,638 [ERROR] stm: Uncaught exception
Traceback (most recent call last):
  File "D:\AI\stm_microscope\ui\main_window.py", line 334, in _on_log_main
    self.log_panel.append(msg, category)
    ~~~~~~~~~~~~~~~~~~~~~^^^^^^^^^^^^^^^
  File "D:\AI\stm_microscope\ui\widgets.py", line 1337, in append
    cursor.movePosition(cursor.Start)
                        ^^^^^^^^^^^^
AttributeError: 'PySide6.QtGui.QTextCursor' object has no attribute 'Start'. Did you mean: 'atStart'?
2026-08-03 15:07:48,641 [ERROR] stm: Uncaught exception
Traceback (most recent call last):
  File "D:\AI\stm_microscope\ui\main_window.py", line 351, in _on_frame_log_main
    self.log_panel.append(f"{cmd_name}  (无 payload)", direction)
    ~~~~~~~~~~~~~~~~~~~~~^^^^^^^^^^^^^^^^^^^^^^^^^^^^^^^^^^^^^^^^
  File "D:\AI\stm_microscope\ui\widgets.py", line 1337, in append
    cursor.movePosition(cursor.Start)
                        ^^^^^^^^^^^^
AttributeError: 'PySide6.QtGui.QTextCursor' object has no attribute 'Start'. Did you mean: 'atStart'?
2026-08-03 15:07:48,644 [ERROR] stm: Uncaught exception
Traceback (most recent call last):
  File "D:\AI\stm_microscope\ui\main_window.py", line 334, in _on_log_main
    self.log_panel.append(msg, category)
    ~~~~~~~~~~~~~~~~~~~~~^^^^^^^^^^^^^^^
  File "D:\AI\stm_microscope\ui\widgets.py", line 1337, in append
    cursor.movePosition(cursor.Start)
                        ^^^^^^^^^^^^
AttributeError: 'PySide6.QtGui.QTextCursor' object has no attribute 'Start'. Did you mean: 'atStart'?
2026-08-03 15:07:48,646 [ERROR] stm: Uncaught exception
Traceback (most recent call last):
  File "D:\AI\stm_microscope\ui\main_window.py", line 351, in _on_frame_log_main
    self.log_panel.append(f"{cmd_name}  (无 payload)", direction)
    ~~~~~~~~~~~~~~~~~~~~~^^^^^^^^^^^^^^^^^^^^^^^^^^^^^^^^^^^^^^^^
  File "D:\AI\stm_microscope\ui\widgets.py", line 1337, in append
    cursor.movePosition(cursor.Start)
                        ^^^^^^^^^^^^
AttributeError: 'PySide6.QtGui.QTextCursor' object has no attribute 'Start'. Did you mean: 'atStart'?
2026-08-03 15:07:48,649 [ERROR] stm: Uncaught exception
Traceback (most recent call last):
  File "D:\AI\stm_microscope\ui\main_window.py", line 334, in _on_log_main
    self.log_panel.append(msg, category)
    ~~~~~~~~~~~~~~~~~~~~~^^^^^^^^^^^^^^^
  File "D:\AI\stm_microscope\ui\widgets.py", line 1337, in append
    cursor.movePosition(cursor.Start)
                        ^^^^^^^^^^^^
AttributeError: 'PySide6.QtGui.QTextCursor' object has no attribute 'Start'. Did you mean: 'atStart'?
2026-08-03 15:07:48,652 [ERROR] stm: Uncaught exception
Traceback (most recent call last):
  File "D:\AI\stm_microscope\ui\main_window.py", line 351, in _on_frame_log_main
    self.log_panel.append(f"{cmd_name}  (无 payload)", direction)
    ~~~~~~~~~~~~~~~~~~~~~^^^^^^^^^^^^^^^^^^^^^^^^^^^^^^^^^^^^^^^^
  File "D:\AI\stm_microscope\ui\widgets.py", line 1337, in append
    cursor.movePosition(cursor.Start)
                        ^^^^^^^^^^^^
AttributeError: 'PySide6.QtGui.QTextCursor' object has no attribute 'Start'. Did you mean: 'atStart'?
2026-08-03 15:07:48,654 [ERROR] stm: Uncaught exception
Traceback (most recent call last):
  File "D:\AI\stm_microscope\ui\main_window.py", line 334, in _on_log_main
    self.log_panel.append(msg, category)
    ~~~~~~~~~~~~~~~~~~~~~^^^^^^^^^^^^^^^
  File "D:\AI\stm_microscope\ui\widgets.py", line 1337, in append
    cursor.movePosition(cursor.Start)
                        ^^^^^^^^^^^^
AttributeError: 'PySide6.QtGui.QTextCursor' object has no attribute 'Start'. Did you mean: 'atStart'?
2026-08-03 15:07:48,657 [ERROR] stm: Uncaught exception
Traceback (most recent call last):
  File "D:\AI\stm_microscope\ui\main_window.py", line 351, in _on_frame_log_main
    self.log_panel.append(f"{cmd_name}  (无 payload)", direction)
    ~~~~~~~~~~~~~~~~~~~~~^^^^^^^^^^^^^^^^^^^^^^^^^^^^^^^^^^^^^^^^
  File "D:\AI\stm_microscope\ui\widgets.py", line 1337, in append
    cursor.movePosition(cursor.Start)
                        ^^^^^^^^^^^^
AttributeError: 'PySide6.QtGui.QTextCursor' object has no attribute 'Start'. Did you mean: 'atStart'?
2026-08-03 15:07:48,659 [ERROR] stm: Uncaught exception
Traceback (most recent call last):
  File "D:\AI\stm_microscope\ui\main_window.py", line 334, in _on_log_main
    self.log_panel.append(msg, category)
    ~~~~~~~~~~~~~~~~~~~~~^^^^^^^^^^^^^^^
  File "D:\AI\stm_microscope\ui\widgets.py", line 1337, in append
    cursor.movePosition(cursor.Start)
                        ^^^^^^^^^^^^
AttributeError: 'PySide6.QtGui.QTextCursor' object has no attribute 'Start'. Did you mean: 'atStart'?
2026-08-03 15:07:48,662 [ERROR] stm: Uncaught exception
Traceback (most recent call last):
  File "D:\AI\stm_microscope\ui\main_window.py", line 351, in _on_frame_log_main
    self.log_panel.append(f"{cmd_name}  (无 payload)", direction)
    ~~~~~~~~~~~~~~~~~~~~~^^^^^^^^^^^^^^^^^^^^^^^^^^^^^^^^^^^^^^^^
  File "D:\AI\stm_microscope\ui\widgets.py", line 1337, in append
    cursor.movePosition(cursor.Start)
                        ^^^^^^^^^^^^
AttributeError: 'PySide6.QtGui.QTextCursor' object has no attribute 'Start'. Did you mean: 'atStart'?
2026-08-03 15:07:48,665 [ERROR] stm: Uncaught exception
Traceback (most recent call last):
  File "D:\AI\stm_microscope\ui\main_window.py", line 334, in _on_log_main
    self.log_panel.append(msg, category)
    ~~~~~~~~~~~~~~~~~~~~~^^^^^^^^^^^^^^^
  File "D:\AI\stm_microscope\ui\widgets.py", line 1337, in append
    cursor.movePosition(cursor.Start)
                        ^^^^^^^^^^^^
AttributeError: 'PySide6.QtGui.QTextCursor' object has no attribute 'Start'. Did you mean: 'atStart'?
2026-08-03 15:07:48,667 [ERROR] stm: Uncaught exception
Traceback (most recent call last):
  File "D:\AI\stm_microscope\ui\main_window.py", line 351, in _on_frame_log_main
    self.log_panel.append(f"{cmd_name}  (无 payload)", direction)
    ~~~~~~~~~~~~~~~~~~~~~^^^^^^^^^^^^^^^^^^^^^^^^^^^^^^^^^^^^^^^^
  File "D:\AI\stm_microscope\ui\widgets.py", line 1337, in append
    cursor.movePosition(cursor.Start)
                        ^^^^^^^^^^^^
AttributeError: 'PySide6.QtGui.QTextCursor' object has no attribute 'Start'. Did you mean: 'atStart'?
2026-08-03 15:07:48,670 [ERROR] stm: Uncaught exception
Traceback (most recent call last):
  File "D:\AI\stm_microscope\ui\main_window.py", line 334, in _on_log_main
    self.log_panel.append(msg, category)
    ~~~~~~~~~~~~~~~~~~~~~^^^^^^^^^^^^^^^
  File "D:\AI\stm_microscope\ui\widgets.py", line 1337, in append
    cursor.movePosition(cursor.Start)
                        ^^^^^^^^^^^^
AttributeError: 'PySide6.QtGui.QTextCursor' object has no attribute 'Start'. Did you mean: 'atStart'?
2026-08-03 15:07:48,673 [ERROR] stm: Uncaught exception
Traceback (most recent call last):
  File "D:\AI\stm_microscope\ui\main_window.py", line 351, in _on_frame_log_main
    self.log_panel.append(f"{cmd_name}  (无 payload)", direction)
    ~~~~~~~~~~~~~~~~~~~~~^^^^^^^^^^^^^^^^^^^^^^^^^^^^^^^^^^^^^^^^
  File "D:\AI\stm_microscope\ui\widgets.py", line 1337, in append
    cursor.movePosition(cursor.Start)
                        ^^^^^^^^^^^^
AttributeError: 'PySide6.QtGui.QTextCursor' object has no attribute 'Start'. Did you mean: 'atStart'?
2026-08-03 15:07:48,676 [ERROR] stm: Uncaught exception
Traceback (most recent call last):
  File "D:\AI\stm_microscope\ui\main_window.py", line 334, in _on_log_main
    self.log_panel.append(msg, category)
    ~~~~~~~~~~~~~~~~~~~~~^^^^^^^^^^^^^^^
  File "D:\AI\stm_microscope\ui\widgets.py", line 1337, in append
    cursor.movePosition(cursor.Start)
                        ^^^^^^^^^^^^
AttributeError: 'PySide6.QtGui.QTextCursor' object has no attribute 'Start'. Did you mean: 'atStart'?
2026-08-03 15:07:48,678 [ERROR] stm: Uncaught exception
Traceback (most recent call last):
  File "D:\AI\stm_microscope\ui\main_window.py", line 351, in _on_frame_log_main
    self.log_panel.append(f"{cmd_name}  (无 payload)", direction)
    ~~~~~~~~~~~~~~~~~~~~~^^^^^^^^^^^^^^^^^^^^^^^^^^^^^^^^^^^^^^^^
  File "D:\AI\stm_microscope\ui\widgets.py", line 1337, in append
    cursor.movePosition(cursor.Start)
                        ^^^^^^^^^^^^
AttributeError: 'PySide6.QtGui.QTextCursor' object has no attribute 'Start'. Did you mean: 'atStart'?
2026-08-03 15:07:48,680 [ERROR] stm: Uncaught exception
Traceback (most recent call last):
  File "D:\AI\stm_microscope\ui\main_window.py", line 334, in _on_log_main
    self.log_panel.append(msg, category)
    ~~~~~~~~~~~~~~~~~~~~~^^^^^^^^^^^^^^^
  File "D:\AI\stm_microscope\ui\widgets.py", line 1337, in append
    cursor.movePosition(cursor.Start)
                        ^^^^^^^^^^^^
AttributeError: 'PySide6.QtGui.QTextCursor' object has no attribute 'Start'. Did you mean: 'atStart'?
2026-08-03 15:07:48,683 [ERROR] stm: Uncaught exception
Traceback (most recent call last):
  File "D:\AI\stm_microscope\ui\main_window.py", line 351, in _on_frame_log_main
    self.log_panel.append(f"{cmd_name}  (无 payload)", direction)
    ~~~~~~~~~~~~~~~~~~~~~^^^^^^^^^^^^^^^^^^^^^^^^^^^^^^^^^^^^^^^^
  File "D:\AI\stm_microscope\ui\widgets.py", line 1337, in append
    cursor.movePosition(cursor.Start)
                        ^^^^^^^^^^^^
AttributeError: 'PySide6.QtGui.QTextCursor' object has no attribute 'Start'. Did you mean: 'atStart'?
2026-08-03 15:07:48,685 [ERROR] stm: Uncaught exception
Traceback (most recent call last):
  File "D:\AI\stm_microscope\ui\main_window.py", line 334, in _on_log_main
    self.log_panel.append(msg, category)
    ~~~~~~~~~~~~~~~~~~~~~^^^^^^^^^^^^^^^
  File "D:\AI\stm_microscope\ui\widgets.py", line 1337, in append
    cursor.movePosition(cursor.Start)
                        ^^^^^^^^^^^^
AttributeError: 'PySide6.QtGui.QTextCursor' object has no attribute 'Start'. Did you mean: 'atStart'?
2026-08-03 15:07:48,689 [ERROR] stm: Uncaught exception
Traceback (most recent call last):
  File "D:\AI\stm_microscope\ui\main_window.py", line 351, in _on_frame_log_main
    self.log_panel.append(f"{cmd_name}  (无 payload)", direction)
    ~~~~~~~~~~~~~~~~~~~~~^^^^^^^^^^^^^^^^^^^^^^^^^^^^^^^^^^^^^^^^
  File "D:\AI\stm_microscope\ui\widgets.py", line 1337, in append
    cursor.movePosition(cursor.Start)
                        ^^^^^^^^^^^^
AttributeError: 'PySide6.QtGui.QTextCursor' object has no attribute 'Start'. Did you mean: 'atStart'?
2026-08-03 15:07:48,691 [ERROR] stm: Uncaught exception
Traceback (most recent call last):
  File "D:\AI\stm_microscope\ui\main_window.py", line 334, in _on_log_main
    self.log_panel.append(msg, category)
    ~~~~~~~~~~~~~~~~~~~~~^^^^^^^^^^^^^^^
  File "D:\AI\stm_microscope\ui\widgets.py", line 1337, in append
    cursor.movePosition(cursor.Start)
                        ^^^^^^^^^^^^
AttributeError: 'PySide6.QtGui.QTextCursor' object has no attribute 'Start'. Did you mean: 'atStart'?
2026-08-03 15:07:48,693 [ERROR] stm: Uncaught exception
Traceback (most recent call last):
  File "D:\AI\stm_microscope\ui\main_window.py", line 351, in _on_frame_log_main
    self.log_panel.append(f"{cmd_name}  (无 payload)", direction)
    ~~~~~~~~~~~~~~~~~~~~~^^^^^^^^^^^^^^^^^^^^^^^^^^^^^^^^^^^^^^^^
  File "D:\AI\stm_microscope\ui\widgets.py", line 1337, in append
    cursor.movePosition(cursor.Start)
                        ^^^^^^^^^^^^
AttributeError: 'PySide6.QtGui.QTextCursor' object has no attribute 'Start'. Did you mean: 'atStart'?
2026-08-03 15:07:48,696 [ERROR] stm: Uncaught exception
Traceback (most recent call last):
  File "D:\AI\stm_microscope\ui\main_window.py", line 334, in _on_log_main
    self.log_panel.append(msg, category)
    ~~~~~~~~~~~~~~~~~~~~~^^^^^^^^^^^^^^^
  File "D:\AI\stm_microscope\ui\widgets.py", line 1337, in append
    cursor.movePosition(cursor.Start)
                        ^^^^^^^^^^^^
AttributeError: 'PySide6.QtGui.QTextCursor' object has no attribute 'Start'. Did you mean: 'atStart'?
2026-08-03 15:07:48,698 [ERROR] stm: Uncaught exception
Traceback (most recent call last):
  File "D:\AI\stm_microscope\ui\main_window.py", line 351, in _on_frame_log_main
    self.log_panel.append(f"{cmd_name}  (无 payload)", direction)
    ~~~~~~~~~~~~~~~~~~~~~^^^^^^^^^^^^^^^^^^^^^^^^^^^^^^^^^^^^^^^^
  File "D:\AI\stm_microscope\ui\widgets.py", line 1337, in append
    cursor.movePosition(cursor.Start)
                        ^^^^^^^^^^^^
AttributeError: 'PySide6.QtGui.QTextCursor' object has no attribute 'Start'. Did you mean: 'atStart'?
2026-08-03 15:07:48,700 [ERROR] stm: Uncaught exception
Traceback (most recent call last):
  File "D:\AI\stm_microscope\ui\main_window.py", line 334, in _on_log_main
    self.log_panel.append(msg, category)
    ~~~~~~~~~~~~~~~~~~~~~^^^^^^^^^^^^^^^
  File "D:\AI\stm_microscope\ui\widgets.py", line 1337, in append
    cursor.movePosition(cursor.Start)
                        ^^^^^^^^^^^^
AttributeError: 'PySide6.QtGui.QTextCursor' object has no attribute 'Start'. Did you mean: 'atStart'?
2026-08-03 15:07:48,703 [ERROR] stm: Uncaught exception
Traceback (most recent call last):
  File "D:\AI\stm_microscope\ui\main_window.py", line 351, in _on_frame_log_main
    self.log_panel.append(f"{cmd_name}  (无 payload)", direction)
    ~~~~~~~~~~~~~~~~~~~~~^^^^^^^^^^^^^^^^^^^^^^^^^^^^^^^^^^^^^^^^
  File "D:\AI\stm_microscope\ui\widgets.py", line 1337, in append
    cursor.movePosition(cursor.Start)
                        ^^^^^^^^^^^^
AttributeError: 'PySide6.QtGui.QTextCursor' object has no attribute 'Start'. Did you mean: 'atStart'?
2026-08-03 15:07:48,706 [ERROR] stm: Uncaught exception
Traceback (most recent call last):
  File "D:\AI\stm_microscope\ui\main_window.py", line 334, in _on_log_main
    self.log_panel.append(msg, category)
    ~~~~~~~~~~~~~~~~~~~~~^^^^^^^^^^^^^^^
  File "D:\AI\stm_microscope\ui\widgets.py", line 1337, in append
    cursor.movePosition(cursor.Start)
                        ^^^^^^^^^^^^
AttributeError: 'PySide6.QtGui.QTextCursor' object has no attribute 'Start'. Did you mean: 'atStart'?
2026-08-03 15:07:48,708 [ERROR] stm: Uncaught exception
Traceback (most recent call last):
  File "D:\AI\stm_microscope\ui\main_window.py", line 351, in _on_frame_log_main
    self.log_panel.append(f"{cmd_name}  (无 payload)", direction)
    ~~~~~~~~~~~~~~~~~~~~~^^^^^^^^^^^^^^^^^^^^^^^^^^^^^^^^^^^^^^^^
  File "D:\AI\stm_microscope\ui\widgets.py", line 1337, in append
    cursor.movePosition(cursor.Start)
                        ^^^^^^^^^^^^
AttributeError: 'PySide6.QtGui.QTextCursor' object has no attribute 'Start'. Did you mean: 'atStart'?
2026-08-03 15:07:48,711 [ERROR] stm: Uncaught exception
Traceback (most recent call last):
  File "D:\AI\stm_microscope\ui\main_window.py", line 334, in _on_log_main
    self.log_panel.append(msg, category)
    ~~~~~~~~~~~~~~~~~~~~~^^^^^^^^^^^^^^^
  File "D:\AI\stm_microscope\ui\widgets.py", line 1337, in append
    cursor.movePosition(cursor.Start)
                        ^^^^^^^^^^^^
AttributeError: 'PySide6.QtGui.QTextCursor' object has no attribute 'Start'. Did you mean: 'atStart'?
2026-08-03 15:07:48,713 [ERROR] stm: Uncaught exception
Traceback (most recent call last):
  File "D:\AI\stm_microscope\ui\main_window.py", line 351, in _on_frame_log_main
    self.log_panel.append(f"{cmd_name}  (无 payload)", direction)
    ~~~~~~~~~~~~~~~~~~~~~^^^^^^^^^^^^^^^^^^^^^^^^^^^^^^^^^^^^^^^^
  File "D:\AI\stm_microscope\ui\widgets.py", line 1337, in append
    cursor.movePosition(cursor.Start)
                        ^^^^^^^^^^^^
AttributeError: 'PySide6.QtGui.QTextCursor' object has no attribute 'Start'. Did you mean: 'atStart'?
2026-08-03 15:07:48,716 [ERROR] stm: Uncaught exception
Traceback (most recent call last):
  File "D:\AI\stm_microscope\ui\main_window.py", line 334, in _on_log_main
    self.log_panel.append(msg, category)
    ~~~~~~~~~~~~~~~~~~~~~^^^^^^^^^^^^^^^
  File "D:\AI\stm_microscope\ui\widgets.py", line 1337, in append
    cursor.movePosition(cursor.Start)
                        ^^^^^^^^^^^^
AttributeError: 'PySide6.QtGui.QTextCursor' object has no attribute 'Start'. Did you mean: 'atStart'?
2026-08-03 15:07:48,718 [ERROR] stm: Uncaught exception
Traceback (most recent call last):
  File "D:\AI\stm_microscope\ui\main_window.py", line 351, in _on_frame_log_main
    self.log_panel.append(f"{cmd_name}  (无 payload)", direction)
    ~~~~~~~~~~~~~~~~~~~~~^^^^^^^^^^^^^^^^^^^^^^^^^^^^^^^^^^^^^^^^
  File "D:\AI\stm_microscope\ui\widgets.py", line 1337, in append
    cursor.movePosition(cursor.Start)
                        ^^^^^^^^^^^^
AttributeError: 'PySide6.QtGui.QTextCursor' object has no attribute 'Start'. Did you mean: 'atStart'?
2026-08-03 15:07:48,721 [ERROR] stm: Uncaught exception
Traceback (most recent call last):
  File "D:\AI\stm_microscope\ui\main_window.py", line 334, in _on_log_main
    self.log_panel.append(msg, category)
    ~~~~~~~~~~~~~~~~~~~~~^^^^^^^^^^^^^^^
  File "D:\AI\stm_microscope\ui\widgets.py", line 1337, in append
    cursor.movePosition(cursor.Start)
                        ^^^^^^^^^^^^
AttributeError: 'PySide6.QtGui.QTextCursor' object has no attribute 'Start'. Did you mean: 'atStart'?
2026-08-03 15:07:48,723 [ERROR] stm: Uncaught exception
Traceback (most recent call last):
  File "D:\AI\stm_microscope\ui\main_window.py", line 351, in _on_frame_log_main
    self.log_panel.append(f"{cmd_name}  (无 payload)", direction)
    ~~~~~~~~~~~~~~~~~~~~~^^^^^^^^^^^^^^^^^^^^^^^^^^^^^^^^^^^^^^^^
  File "D:\AI\stm_microscope\ui\widgets.py", line 1337, in append
    cursor.movePosition(cursor.Start)
                        ^^^^^^^^^^^^
AttributeError: 'PySide6.QtGui.QTextCursor' object has no attribute 'Start'. Did you mean: 'atStart'?
2026-08-03 15:07:48,726 [ERROR] stm: Uncaught exception
Traceback (most recent call last):
  File "D:\AI\stm_microscope\ui\main_window.py", line 334, in _on_log_main
    self.log_panel.append(msg, category)
    ~~~~~~~~~~~~~~~~~~~~~^^^^^^^^^^^^^^^
  File "D:\AI\stm_microscope\ui\widgets.py", line 1337, in append
    cursor.movePosition(cursor.Start)
                        ^^^^^^^^^^^^
AttributeError: 'PySide6.QtGui.QTextCursor' object has no attribute 'Start'. Did you mean: 'atStart'?
2026-08-03 15:07:48,728 [ERROR] stm: Uncaught exception
Traceback (most recent call last):
  File "D:\AI\stm_microscope\ui\main_window.py", line 351, in _on_frame_log_main
    self.log_panel.append(f"{cmd_name}  (无 payload)", direction)
    ~~~~~~~~~~~~~~~~~~~~~^^^^^^^^^^^^^^^^^^^^^^^^^^^^^^^^^^^^^^^^
  File "D:\AI\stm_microscope\ui\widgets.py", line 1337, in append
    cursor.movePosition(cursor.Start)
                        ^^^^^^^^^^^^
AttributeError: 'PySide6.QtGui.QTextCursor' object has no attribute 'Start'. Did you mean: 'atStart'?
2026-08-03 15:07:48,730 [ERROR] stm: Uncaught exception
Traceback (most recent call last):
  File "D:\AI\stm_microscope\ui\main_window.py", line 334, in _on_log_main
    self.log_panel.append(msg, category)
    ~~~~~~~~~~~~~~~~~~~~~^^^^^^^^^^^^^^^
  File "D:\AI\stm_microscope\ui\widgets.py", line 1337, in append
    cursor.movePosition(cursor.Start)
                        ^^^^^^^^^^^^
AttributeError: 'PySide6.QtGui.QTextCursor' object has no attribute 'Start'. Did you mean: 'atStart'?
2026-08-03 15:07:48,732 [ERROR] stm: Uncaught exception
Traceback (most recent call last):
  File "D:\AI\stm_microscope\ui\main_window.py", line 351, in _on_frame_log_main
    self.log_panel.append(f"{cmd_name}  (无 payload)", direction)
    ~~~~~~~~~~~~~~~~~~~~~^^^^^^^^^^^^^^^^^^^^^^^^^^^^^^^^^^^^^^^^
  File "D:\AI\stm_microscope\ui\widgets.py", line 1337, in append
    cursor.movePosition(cursor.Start)
                        ^^^^^^^^^^^^
AttributeError: 'PySide6.QtGui.QTextCursor' object has no attribute 'Start'. Did you mean: 'atStart'?
2026-08-03 15:07:48,735 [ERROR] stm: Uncaught exception
Traceback (most recent call last):
  File "D:\AI\stm_microscope\ui\main_window.py", line 334, in _on_log_main
    self.log_panel.append(msg, category)
    ~~~~~~~~~~~~~~~~~~~~~^^^^^^^^^^^^^^^
  File "D:\AI\stm_microscope\ui\widgets.py", line 1337, in append
    cursor.movePosition(cursor.Start)
                        ^^^^^^^^^^^^
AttributeError: 'PySide6.QtGui.QTextCursor' object has no attribute 'Start'. Did you mean: 'atStart'?
2026-08-03 15:07:48,737 [ERROR] stm: Uncaught exception
Traceback (most recent call last):
  File "D:\AI\stm_microscope\ui\main_window.py", line 351, in _on_frame_log_main
    self.log_panel.append(f"{cmd_name}  (无 payload)", direction)
    ~~~~~~~~~~~~~~~~~~~~~^^^^^^^^^^^^^^^^^^^^^^^^^^^^^^^^^^^^^^^^
  File "D:\AI\stm_microscope\ui\widgets.py", line 1337, in append
    cursor.movePosition(cursor.Start)
                        ^^^^^^^^^^^^
AttributeError: 'PySide6.QtGui.QTextCursor' object has no attribute 'Start'. Did you mean: 'atStart'?
2026-08-03 15:07:48,740 [ERROR] stm: Uncaught exception
Traceback (most recent call last):
  File "D:\AI\stm_microscope\ui\main_window.py", line 334, in _on_log_main
    self.log_panel.append(msg, category)
    ~~~~~~~~~~~~~~~~~~~~~^^^^^^^^^^^^^^^
  File "D:\AI\stm_microscope\ui\widgets.py", line 1337, in append
    cursor.movePosition(cursor.Start)
                        ^^^^^^^^^^^^
AttributeError: 'PySide6.QtGui.QTextCursor' object has no attribute 'Start'. Did you mean: 'atStart'?
2026-08-03 15:07:48,742 [ERROR] stm: Uncaught exception
Traceback (most recent call last):
  File "D:\AI\stm_microscope\ui\main_window.py", line 351, in _on_frame_log_main
    self.log_panel.append(f"{cmd_name}  (无 payload)", direction)
    ~~~~~~~~~~~~~~~~~~~~~^^^^^^^^^^^^^^^^^^^^^^^^^^^^^^^^^^^^^^^^
  File "D:\AI\stm_microscope\ui\widgets.py", line 1337, in append
    cursor.movePosition(cursor.Start)
                        ^^^^^^^^^^^^
AttributeError: 'PySide6.QtGui.QTextCursor' object has no attribute 'Start'. Did you mean: 'atStart'?
2026-08-03 15:07:48,744 [ERROR] stm: Uncaught exception
Traceback (most recent call last):
  File "D:\AI\stm_microscope\ui\main_window.py", line 334, in _on_log_main
    self.log_panel.append(msg, category)
    ~~~~~~~~~~~~~~~~~~~~~^^^^^^^^^^^^^^^
  File "D:\AI\stm_microscope\ui\widgets.py", line 1337, in append
    cursor.movePosition(cursor.Start)
                        ^^^^^^^^^^^^
AttributeError: 'PySide6.QtGui.QTextCursor' object has no attribute 'Start'. Did you mean: 'atStart'?
2026-08-03 15:07:48,746 [ERROR] stm: Uncaught exception
Traceback (most recent call last):
  File "D:\AI\stm_microscope\ui\main_window.py", line 351, in _on_frame_log_main
    self.log_panel.append(f"{cmd_name}  (无 payload)", direction)
    ~~~~~~~~~~~~~~~~~~~~~^^^^^^^^^^^^^^^^^^^^^^^^^^^^^^^^^^^^^^^^
  File "D:\AI\stm_microscope\ui\widgets.py", line 1337, in append
    cursor.movePosition(cursor.Start)
                        ^^^^^^^^^^^^
AttributeError: 'PySide6.QtGui.QTextCursor' object has no attribute 'Start'. Did you mean: 'atStart'?
2026-08-03 15:07:48,748 [ERROR] stm: Uncaught exception
Traceback (most recent call last):
  File "D:\AI\stm_microscope\ui\main_window.py", line 334, in _on_log_main
    self.log_panel.append(msg, category)
    ~~~~~~~~~~~~~~~~~~~~~^^^^^^^^^^^^^^^
  File "D:\AI\stm_microscope\ui\widgets.py", line 1337, in append
    cursor.movePosition(cursor.Start)
                        ^^^^^^^^^^^^
AttributeError: 'PySide6.QtGui.QTextCursor' object has no attribute 'Start'. Did you mean: 'atStart'?
2026-08-03 15:07:48,751 [ERROR] stm: Uncaught exception
Traceback (most recent call last):
  File "D:\AI\stm_microscope\ui\main_window.py", line 351, in _on_frame_log_main
    self.log_panel.append(f"{cmd_name}  (无 payload)", direction)
    ~~~~~~~~~~~~~~~~~~~~~^^^^^^^^^^^^^^^^^^^^^^^^^^^^^^^^^^^^^^^^
  File "D:\AI\stm_microscope\ui\widgets.py", line 1337, in append
    cursor.movePosition(cursor.Start)
                        ^^^^^^^^^^^^
AttributeError: 'PySide6.QtGui.QTextCursor' object has no attribute 'Start'. Did you mean: 'atStart'?
2026-08-03 15:07:48,753 [ERROR] stm: Uncaught exception
Traceback (most recent call last):
  File "D:\AI\stm_microscope\ui\main_window.py", line 334, in _on_log_main
    self.log_panel.append(msg, category)
    ~~~~~~~~~~~~~~~~~~~~~^^^^^^^^^^^^^^^
  File "D:\AI\stm_microscope\ui\widgets.py", line 1337, in append
    cursor.movePosition(cursor.Start)
                        ^^^^^^^^^^^^
AttributeError: 'PySide6.QtGui.QTextCursor' object has no attribute 'Start'. Did you mean: 'atStart'?
2026-08-03 15:07:48,755 [ERROR] stm: Uncaught exception
Traceback (most recent call last):
  File "D:\AI\stm_microscope\ui\main_window.py", line 351, in _on_frame_log_main
    self.log_panel.append(f"{cmd_name}  (无 payload)", direction)
    ~~~~~~~~~~~~~~~~~~~~~^^^^^^^^^^^^^^^^^^^^^^^^^^^^^^^^^^^^^^^^
  File "D:\AI\stm_microscope\ui\widgets.py", line 1337, in append
    cursor.movePosition(cursor.Start)
                        ^^^^^^^^^^^^
AttributeError: 'PySide6.QtGui.QTextCursor' object has no attribute 'Start'. Did you mean: 'atStart'?
2026-08-03 15:07:48,758 [ERROR] stm: Uncaught exception
Traceback (most recent call last):
  File "D:\AI\stm_microscope\ui\main_window.py", line 334, in _on_log_main
    self.log_panel.append(msg, category)
    ~~~~~~~~~~~~~~~~~~~~~^^^^^^^^^^^^^^^
  File "D:\AI\stm_microscope\ui\widgets.py", line 1337, in append
    cursor.movePosition(cursor.Start)
                        ^^^^^^^^^^^^
AttributeError: 'PySide6.QtGui.QTextCursor' object has no attribute 'Start'. Did you mean: 'atStart'?
2026-08-03 15:07:48,760 [ERROR] stm: Uncaught exception
Traceback (most recent call last):
  File "D:\AI\stm_microscope\ui\main_window.py", line 351, in _on_frame_log_main
    self.log_panel.append(f"{cmd_name}  (无 payload)", direction)
    ~~~~~~~~~~~~~~~~~~~~~^^^^^^^^^^^^^^^^^^^^^^^^^^^^^^^^^^^^^^^^
  File "D:\AI\stm_microscope\ui\widgets.py", line 1337, in append
    cursor.movePosition(cursor.Start)
                        ^^^^^^^^^^^^
AttributeError: 'PySide6.QtGui.QTextCursor' object has no attribute 'Start'. Did you mean: 'atStart'?
2026-08-03 15:07:48,763 [ERROR] stm: Uncaught exception
Traceback (most recent call last):
  File "D:\AI\stm_microscope\ui\main_window.py", line 334, in _on_log_main
    self.log_panel.append(msg, category)
    ~~~~~~~~~~~~~~~~~~~~~^^^^^^^^^^^^^^^
  File "D:\AI\stm_microscope\ui\widgets.py", line 1337, in append
    cursor.movePosition(cursor.Start)
                        ^^^^^^^^^^^^
AttributeError: 'PySide6.QtGui.QTextCursor' object has no attribute 'Start'. Did you mean: 'atStart'?
2026-08-03 15:07:48,765 [ERROR] stm: Uncaught exception
Traceback (most recent call last):
  File "D:\AI\stm_microscope\ui\main_window.py", line 351, in _on_frame_log_main
    self.log_panel.append(f"{cmd_name}  (无 payload)", direction)
    ~~~~~~~~~~~~~~~~~~~~~^^^^^^^^^^^^^^^^^^^^^^^^^^^^^^^^^^^^^^^^
  File "D:\AI\stm_microscope\ui\widgets.py", line 1337, in append
    cursor.movePosition(cursor.Start)
                        ^^^^^^^^^^^^
AttributeError: 'PySide6.QtGui.QTextCursor' object has no attribute 'Start'. Did you mean: 'atStart'?
2026-08-03 15:07:48,768 [ERROR] stm: Uncaught exception
Traceback (most recent call last):
  File "D:\AI\stm_microscope\ui\main_window.py", line 334, in _on_log_main
    self.log_panel.append(msg, category)
    ~~~~~~~~~~~~~~~~~~~~~^^^^^^^^^^^^^^^
  File "D:\AI\stm_microscope\ui\widgets.py", line 1337, in append
    cursor.movePosition(cursor.Start)
                        ^^^^^^^^^^^^
AttributeError: 'PySide6.QtGui.QTextCursor' object has no attribute 'Start'. Did you mean: 'atStart'?
2026-08-03 15:07:48,770 [ERROR] stm: Uncaught exception
Traceback (most recent call last):
  File "D:\AI\stm_microscope\ui\main_window.py", line 351, in _on_frame_log_main
    self.log_panel.append(f"{cmd_name}  (无 payload)", direction)
    ~~~~~~~~~~~~~~~~~~~~~^^^^^^^^^^^^^^^^^^^^^^^^^^^^^^^^^^^^^^^^
  File "D:\AI\stm_microscope\ui\widgets.py", line 1337, in append
    cursor.movePosition(cursor.Start)
                        ^^^^^^^^^^^^
AttributeError: 'PySide6.QtGui.QTextCursor' object has no attribute 'Start'. Did you mean: 'atStart'?
2026-08-03 15:07:48,773 [ERROR] stm: Uncaught exception
Traceback (most recent call last):
  File "D:\AI\stm_microscope\ui\main_window.py", line 334, in _on_log_main
    self.log_panel.append(msg, category)
    ~~~~~~~~~~~~~~~~~~~~~^^^^^^^^^^^^^^^
  File "D:\AI\stm_microscope\ui\widgets.py", line 1337, in append
    cursor.movePosition(cursor.Start)
                        ^^^^^^^^^^^^
AttributeError: 'PySide6.QtGui.QTextCursor' object has no attribute 'Start'. Did you mean: 'atStart'?
2026-08-03 15:07:48,780 [ERROR] stm: Uncaught exception
Traceback (most recent call last):
  File "D:\AI\stm_microscope\ui\main_window.py", line 351, in _on_frame_log_main
    self.log_panel.append(f"{cmd_name}  (无 payload)", direction)
    ~~~~~~~~~~~~~~~~~~~~~^^^^^^^^^^^^^^^^^^^^^^^^^^^^^^^^^^^^^^^^
  File "D:\AI\stm_microscope\ui\widgets.py", line 1337, in append
    cursor.movePosition(cursor.Start)
                        ^^^^^^^^^^^^
AttributeError: 'PySide6.QtGui.QTextCursor' object has no attribute 'Start'. Did you mean: 'atStart'?
2026-08-03 15:07:48,782 [ERROR] stm: Uncaught exception
Traceback (most recent call last):
  File "D:\AI\stm_microscope\ui\main_window.py", line 334, in _on_log_main
    self.log_panel.append(msg, category)
    ~~~~~~~~~~~~~~~~~~~~~^^^^^^^^^^^^^^^
  File "D:\AI\stm_microscope\ui\widgets.py", line 1337, in append
    cursor.movePosition(cursor.Start)
                        ^^^^^^^^^^^^
AttributeError: 'PySide6.QtGui.QTextCursor' object has no attribute 'Start'. Did you mean: 'atStart'?
2026-08-03 15:07:48,784 [ERROR] stm: Uncaught exception
Traceback (most recent call last):
  File "D:\AI\stm_microscope\ui\main_window.py", line 351, in _on_frame_log_main
    self.log_panel.append(f"{cmd_name}  (无 payload)", direction)
    ~~~~~~~~~~~~~~~~~~~~~^^^^^^^^^^^^^^^^^^^^^^^^^^^^^^^^^^^^^^^^
  File "D:\AI\stm_microscope\ui\widgets.py", line 1337, in append
    cursor.movePosition(cursor.Start)
                        ^^^^^^^^^^^^
AttributeError: 'PySide6.QtGui.QTextCursor' object has no attribute 'Start'. Did you mean: 'atStart'?
2026-08-03 15:07:48,787 [ERROR] stm: Uncaught exception
Traceback (most recent call last):
  File "D:\AI\stm_microscope\ui\main_window.py", line 334, in _on_log_main
    self.log_panel.append(msg, category)
    ~~~~~~~~~~~~~~~~~~~~~^^^^^^^^^^^^^^^
  File "D:\AI\stm_microscope\ui\widgets.py", line 1337, in append
    cursor.movePosition(cursor.Start)
                        ^^^^^^^^^^^^
AttributeError: 'PySide6.QtGui.QTextCursor' object has no attribute 'Start'. Did you mean: 'atStart'?
2026-08-03 15:07:48,789 [ERROR] stm: Uncaught exception
Traceback (most recent call last):
  File "D:\AI\stm_microscope\ui\main_window.py", line 351, in _on_frame_log_main
    self.log_panel.append(f"{cmd_name}  (无 payload)", direction)
    ~~~~~~~~~~~~~~~~~~~~~^^^^^^^^^^^^^^^^^^^^^^^^^^^^^^^^^^^^^^^^
  File "D:\AI\stm_microscope\ui\widgets.py", line 1337, in append
    cursor.movePosition(cursor.Start)
                        ^^^^^^^^^^^^
AttributeError: 'PySide6.QtGui.QTextCursor' object has no attribute 'Start'. Did you mean: 'atStart'?
2026-08-03 15:07:48,792 [ERROR] stm: Uncaught exception
Traceback (most recent call last):
  File "D:\AI\stm_microscope\ui\main_window.py", line 334, in _on_log_main
    self.log_panel.append(msg, category)
    ~~~~~~~~~~~~~~~~~~~~~^^^^^^^^^^^^^^^
  File "D:\AI\stm_microscope\ui\widgets.py", line 1337, in append
    cursor.movePosition(cursor.Start)
                        ^^^^^^^^^^^^
AttributeError: 'PySide6.QtGui.QTextCursor' object has no attribute 'Start'. Did you mean: 'atStart'?
2026-08-03 15:07:48,794 [ERROR] stm: Uncaught exception
Traceback (most recent call last):
  File "D:\AI\stm_microscope\ui\main_window.py", line 351, in _on_frame_log_main
    self.log_panel.append(f"{cmd_name}  (无 payload)", direction)
    ~~~~~~~~~~~~~~~~~~~~~^^^^^^^^^^^^^^^^^^^^^^^^^^^^^^^^^^^^^^^^
  File "D:\AI\stm_microscope\ui\widgets.py", line 1337, in append
    cursor.movePosition(cursor.Start)
                        ^^^^^^^^^^^^
AttributeError: 'PySide6.QtGui.QTextCursor' object has no attribute 'Start'. Did you mean: 'atStart'?
2026-08-03 15:07:48,796 [ERROR] stm: Uncaught exception
Traceback (most recent call last):
  File "D:\AI\stm_microscope\ui\main_window.py", line 334, in _on_log_main
    self.log_panel.append(msg, category)
    ~~~~~~~~~~~~~~~~~~~~~^^^^^^^^^^^^^^^
  File "D:\AI\stm_microscope\ui\widgets.py", line 1337, in append
    cursor.movePosition(cursor.Start)
                        ^^^^^^^^^^^^
AttributeError: 'PySide6.QtGui.QTextCursor' object has no attribute 'Start'. Did you mean: 'atStart'?
2026-08-03 15:07:48,799 [ERROR] stm: Uncaught exception
Traceback (most recent call last):
  File "D:\AI\stm_microscope\ui\main_window.py", line 351, in _on_frame_log_main
    self.log_panel.append(f"{cmd_name}  (无 payload)", direction)
    ~~~~~~~~~~~~~~~~~~~~~^^^^^^^^^^^^^^^^^^^^^^^^^^^^^^^^^^^^^^^^
  File "D:\AI\stm_microscope\ui\widgets.py", line 1337, in append
    cursor.movePosition(cursor.Start)
                        ^^^^^^^^^^^^
AttributeError: 'PySide6.QtGui.QTextCursor' object has no attribute 'Start'. Did you mean: 'atStart'?
2026-08-03 15:07:48,801 [ERROR] stm: Uncaught exception
Traceback (most recent call last):
  File "D:\AI\stm_microscope\ui\main_window.py", line 334, in _on_log_main
    self.log_panel.append(msg, category)
    ~~~~~~~~~~~~~~~~~~~~~^^^^^^^^^^^^^^^
  File "D:\AI\stm_microscope\ui\widgets.py", line 1337, in append
    cursor.movePosition(cursor.Start)
                        ^^^^^^^^^^^^
AttributeError: 'PySide6.QtGui.QTextCursor' object has no attribute 'Start'. Did you mean: 'atStart'?
2026-08-03 15:07:48,804 [ERROR] stm: Uncaught exception
Traceback (most recent call last):
  File "D:\AI\stm_microscope\ui\main_window.py", line 351, in _on_frame_log_main
    self.log_panel.append(f"{cmd_name}  (无 payload)", direction)
    ~~~~~~~~~~~~~~~~~~~~~^^^^^^^^^^^^^^^^^^^^^^^^^^^^^^^^^^^^^^^^
  File "D:\AI\stm_microscope\ui\widgets.py", line 1337, in append
    cursor.movePosition(cursor.Start)
                        ^^^^^^^^^^^^
AttributeError: 'PySide6.QtGui.QTextCursor' object has no attribute 'Start'. Did you mean: 'atStart'?
2026-08-03 15:07:48,807 [ERROR] stm: Uncaught exception
Traceback (most recent call last):
  File "D:\AI\stm_microscope\ui\main_window.py", line 334, in _on_log_main
    self.log_panel.append(msg, category)
    ~~~~~~~~~~~~~~~~~~~~~^^^^^^^^^^^^^^^
  File "D:\AI\stm_microscope\ui\widgets.py", line 1337, in append
    cursor.movePosition(cursor.Start)
                        ^^^^^^^^^^^^
AttributeError: 'PySide6.QtGui.QTextCursor' object has no attribute 'Start'. Did you mean: 'atStart'?
2026-08-03 15:07:48,809 [ERROR] stm: Uncaught exception
Traceback (most recent call last):
  File "D:\AI\stm_microscope\ui\main_window.py", line 351, in _on_frame_log_main
    self.log_panel.append(f"{cmd_name}  (无 payload)", direction)
    ~~~~~~~~~~~~~~~~~~~~~^^^^^^^^^^^^^^^^^^^^^^^^^^^^^^^^^^^^^^^^
  File "D:\AI\stm_microscope\ui\widgets.py", line 1337, in append
    cursor.movePosition(cursor.Start)
                        ^^^^^^^^^^^^
AttributeError: 'PySide6.QtGui.QTextCursor' object has no attribute 'Start'. Did you mean: 'atStart'?
2026-08-03 15:07:48,811 [ERROR] stm: Uncaught exception
Traceback (most recent call last):
  File "D:\AI\stm_microscope\ui\main_window.py", line 334, in _on_log_main
    self.log_panel.append(msg, category)
    ~~~~~~~~~~~~~~~~~~~~~^^^^^^^^^^^^^^^
  File "D:\AI\stm_microscope\ui\widgets.py", line 1337, in append
    cursor.movePosition(cursor.Start)
                        ^^^^^^^^^^^^
AttributeError: 'PySide6.QtGui.QTextCursor' object has no attribute 'Start'. Did you mean: 'atStart'?
2026-08-03 15:07:48,814 [ERROR] stm: Uncaught exception
Traceback (most recent call last):
  File "D:\AI\stm_microscope\ui\main_window.py", line 351, in _on_frame_log_main
    self.log_panel.append(f"{cmd_name}  (无 payload)", direction)
    ~~~~~~~~~~~~~~~~~~~~~^^^^^^^^^^^^^^^^^^^^^^^^^^^^^^^^^^^^^^^^
  File "D:\AI\stm_microscope\ui\widgets.py", line 1337, in append
    cursor.movePosition(cursor.Start)
                        ^^^^^^^^^^^^
AttributeError: 'PySide6.QtGui.QTextCursor' object has no attribute 'Start'. Did you mean: 'atStart'?
2026-08-03 15:07:48,816 [ERROR] stm: Uncaught exception
Traceback (most recent call last):
  File "D:\AI\stm_microscope\ui\main_window.py", line 334, in _on_log_main
    self.log_panel.append(msg, category)
    ~~~~~~~~~~~~~~~~~~~~~^^^^^^^^^^^^^^^
  File "D:\AI\stm_microscope\ui\widgets.py", line 1337, in append
    cursor.movePosition(cursor.Start)
                        ^^^^^^^^^^^^
AttributeError: 'PySide6.QtGui.QTextCursor' object has no attribute 'Start'. Did you mean: 'atStart'?
2026-08-03 15:07:48,818 [ERROR] stm: Uncaught exception
Traceback (most recent call last):
  File "D:\AI\stm_microscope\ui\main_window.py", line 351, in _on_frame_log_main
    self.log_panel.append(f"{cmd_name}  (无 payload)", direction)
    ~~~~~~~~~~~~~~~~~~~~~^^^^^^^^^^^^^^^^^^^^^^^^^^^^^^^^^^^^^^^^
  File "D:\AI\stm_microscope\ui\widgets.py", line 1337, in append
    cursor.movePosition(cursor.Start)
                        ^^^^^^^^^^^^
AttributeError: 'PySide6.QtGui.QTextCursor' object has no attribute 'Start'. Did you mean: 'atStart'?
2026-08-03 15:07:48,820 [ERROR] stm: Uncaught exception
Traceback (most recent call last):
  File "D:\AI\stm_microscope\ui\main_window.py", line 334, in _on_log_main
    self.log_panel.append(msg, category)
    ~~~~~~~~~~~~~~~~~~~~~^^^^^^^^^^^^^^^
  File "D:\AI\stm_microscope\ui\widgets.py", line 1337, in append
    cursor.movePosition(cursor.Start)
                        ^^^^^^^^^^^^
AttributeError: 'PySide6.QtGui.QTextCursor' object has no attribute 'Start'. Did you mean: 'atStart'?
2026-08-03 15:07:48,823 [ERROR] stm: Uncaught exception
Traceback (most recent call last):
  File "D:\AI\stm_microscope\ui\main_window.py", line 351, in _on_frame_log_main
    self.log_panel.append(f"{cmd_name}  (无 payload)", direction)
    ~~~~~~~~~~~~~~~~~~~~~^^^^^^^^^^^^^^^^^^^^^^^^^^^^^^^^^^^^^^^^
  File "D:\AI\stm_microscope\ui\widgets.py", line 1337, in append
    cursor.movePosition(cursor.Start)
                        ^^^^^^^^^^^^
AttributeError: 'PySide6.QtGui.QTextCursor' object has no attribute 'Start'. Did you mean: 'atStart'?
2026-08-03 15:07:48,825 [ERROR] stm: Uncaught exception
Traceback (most recent call last):
  File "D:\AI\stm_microscope\ui\main_window.py", line 334, in _on_log_main
    self.log_panel.append(msg, category)
    ~~~~~~~~~~~~~~~~~~~~~^^^^^^^^^^^^^^^
  File "D:\AI\stm_microscope\ui\widgets.py", line 1337, in append
    cursor.movePosition(cursor.Start)
                        ^^^^^^^^^^^^
AttributeError: 'PySide6.QtGui.QTextCursor' object has no attribute 'Start'. Did you mean: 'atStart'?
2026-08-03 15:07:48,827 [ERROR] stm: Uncaught exception
Traceback (most recent call last):
  File "D:\AI\stm_microscope\ui\main_window.py", line 351, in _on_frame_log_main
    self.log_panel.append(f"{cmd_name}  (无 payload)", direction)
    ~~~~~~~~~~~~~~~~~~~~~^^^^^^^^^^^^^^^^^^^^^^^^^^^^^^^^^^^^^^^^
  File "D:\AI\stm_microscope\ui\widgets.py", line 1337, in append
    cursor.movePosition(cursor.Start)
                        ^^^^^^^^^^^^
AttributeError: 'PySide6.QtGui.QTextCursor' object has no attribute 'Start'. Did you mean: 'atStart'?
2026-08-03 15:07:48,830 [ERROR] stm: Uncaught exception
Traceback (most recent call last):
  File "D:\AI\stm_microscope\ui\main_window.py", line 334, in _on_log_main
    self.log_panel.append(msg, category)
    ~~~~~~~~~~~~~~~~~~~~~^^^^^^^^^^^^^^^
  File "D:\AI\stm_microscope\ui\widgets.py", line 1337, in append
    cursor.movePosition(cursor.Start)
                        ^^^^^^^^^^^^
AttributeError: 'PySide6.QtGui.QTextCursor' object has no attribute 'Start'. Did you mean: 'atStart'?
2026-08-03 15:07:48,832 [ERROR] stm: Uncaught exception
Traceback (most recent call last):
  File "D:\AI\stm_microscope\ui\main_window.py", line 351, in _on_frame_log_main
    self.log_panel.append(f"{cmd_name}  (无 payload)", direction)
    ~~~~~~~~~~~~~~~~~~~~~^^^^^^^^^^^^^^^^^^^^^^^^^^^^^^^^^^^^^^^^
  File "D:\AI\stm_microscope\ui\widgets.py", line 1337, in append
    cursor.movePosition(cursor.Start)
                        ^^^^^^^^^^^^
AttributeError: 'PySide6.QtGui.QTextCursor' object has no attribute 'Start'. Did you mean: 'atStart'?
2026-08-03 15:07:48,835 [ERROR] stm: Uncaught exception
Traceback (most recent call last):
  File "D:\AI\stm_microscope\ui\main_window.py", line 334, in _on_log_main
    self.log_panel.append(msg, category)
    ~~~~~~~~~~~~~~~~~~~~~^^^^^^^^^^^^^^^
  File "D:\AI\stm_microscope\ui\widgets.py", line 1337, in append
    cursor.movePosition(cursor.Start)
                        ^^^^^^^^^^^^
AttributeError: 'PySide6.QtGui.QTextCursor' object has no attribute 'Start'. Did you mean: 'atStart'?
2026-08-03 15:07:48,837 [ERROR] stm: Uncaught exception
Traceback (most recent call last):
  File "D:\AI\stm_microscope\ui\main_window.py", line 351, in _on_frame_log_main
    self.log_panel.append(f"{cmd_name}  (无 payload)", direction)
    ~~~~~~~~~~~~~~~~~~~~~^^^^^^^^^^^^^^^^^^^^^^^^^^^^^^^^^^^^^^^^
  File "D:\AI\stm_microscope\ui\widgets.py", line 1337, in append
    cursor.movePosition(cursor.Start)
                        ^^^^^^^^^^^^
AttributeError: 'PySide6.QtGui.QTextCursor' object has no attribute 'Start'. Did you mean: 'atStart'?
2026-08-03 15:07:48,839 [ERROR] stm: Uncaught exception
Traceback (most recent call last):
  File "D:\AI\stm_microscope\ui\main_window.py", line 334, in _on_log_main
    self.log_panel.append(msg, category)
    ~~~~~~~~~~~~~~~~~~~~~^^^^^^^^^^^^^^^
  File "D:\AI\stm_microscope\ui\widgets.py", line 1337, in append
    cursor.movePosition(cursor.Start)
                        ^^^^^^^^^^^^
AttributeError: 'PySide6.QtGui.QTextCursor' object has no attribute 'Start'. Did you mean: 'atStart'?
2026-08-03 15:07:48,842 [ERROR] stm: Uncaught exception
Traceback (most recent call last):
  File "D:\AI\stm_microscope\ui\main_window.py", line 351, in _on_frame_log_main
    self.log_panel.append(f"{cmd_name}  (无 payload)", direction)
    ~~~~~~~~~~~~~~~~~~~~~^^^^^^^^^^^^^^^^^^^^^^^^^^^^^^^^^^^^^^^^
  File "D:\AI\stm_microscope\ui\widgets.py", line 1337, in append
    cursor.movePosition(cursor.Start)
                        ^^^^^^^^^^^^
AttributeError: 'PySide6.QtGui.QTextCursor' object has no attribute 'Start'. Did you mean: 'atStart'?
2026-08-03 15:07:48,844 [ERROR] stm: Uncaught exception
Traceback (most recent call last):
  File "D:\AI\stm_microscope\ui\main_window.py", line 334, in _on_log_main
    self.log_panel.append(msg, category)
    ~~~~~~~~~~~~~~~~~~~~~^^^^^^^^^^^^^^^
  File "D:\AI\stm_microscope\ui\widgets.py", line 1337, in append
    cursor.movePosition(cursor.Start)
                        ^^^^^^^^^^^^
AttributeError: 'PySide6.QtGui.QTextCursor' object has no attribute 'Start'. Did you mean: 'atStart'?
2026-08-03 15:07:48,847 [ERROR] stm: Uncaught exception
Traceback (most recent call last):
  File "D:\AI\stm_microscope\ui\main_window.py", line 351, in _on_frame_log_main
    self.log_panel.append(f"{cmd_name}  (无 payload)", direction)
    ~~~~~~~~~~~~~~~~~~~~~^^^^^^^^^^^^^^^^^^^^^^^^^^^^^^^^^^^^^^^^
  File "D:\AI\stm_microscope\ui\widgets.py", line 1337, in append
    cursor.movePosition(cursor.Start)
                        ^^^^^^^^^^^^
AttributeError: 'PySide6.QtGui.QTextCursor' object has no attribute 'Start'. Did you mean: 'atStart'?
2026-08-03 15:07:48,850 [ERROR] stm: Uncaught exception
Traceback (most recent call last):
  File "D:\AI\stm_microscope\ui\main_window.py", line 334, in _on_log_main
    self.log_panel.append(msg, category)
    ~~~~~~~~~~~~~~~~~~~~~^^^^^^^^^^^^^^^
  File "D:\AI\stm_microscope\ui\widgets.py", line 1337, in append
    cursor.movePosition(cursor.Start)
                        ^^^^^^^^^^^^
AttributeError: 'PySide6.QtGui.QTextCursor' object has no attribute 'Start'. Did you mean: 'atStart'?
2026-08-03 15:07:48,852 [ERROR] stm: Uncaught exception
Traceback (most recent call last):
  File "D:\AI\stm_microscope\ui\main_window.py", line 351, in _on_frame_log_main
    self.log_panel.append(f"{cmd_name}  (无 payload)", direction)
    ~~~~~~~~~~~~~~~~~~~~~^^^^^^^^^^^^^^^^^^^^^^^^^^^^^^^^^^^^^^^^
  File "D:\AI\stm_microscope\ui\widgets.py", line 1337, in append
    cursor.movePosition(cursor.Start)
                        ^^^^^^^^^^^^
AttributeError: 'PySide6.QtGui.QTextCursor' object has no attribute 'Start'. Did you mean: 'atStart'?
2026-08-03 15:07:48,855 [ERROR] stm: Uncaught exception
Traceback (most recent call last):
  File "D:\AI\stm_microscope\ui\main_window.py", line 334, in _on_log_main
    self.log_panel.append(msg, category)
    ~~~~~~~~~~~~~~~~~~~~~^^^^^^^^^^^^^^^
  File "D:\AI\stm_microscope\ui\widgets.py", line 1337, in append
    cursor.movePosition(cursor.Start)
                        ^^^^^^^^^^^^
AttributeError: 'PySide6.QtGui.QTextCursor' object has no attribute 'Start'. Did you mean: 'atStart'?
2026-08-03 15:07:48,858 [ERROR] stm: Uncaught exception
Traceback (most recent call last):
  File "D:\AI\stm_microscope\ui\main_window.py", line 351, in _on_frame_log_main
    self.log_panel.append(f"{cmd_name}  (无 payload)", direction)
    ~~~~~~~~~~~~~~~~~~~~~^^^^^^^^^^^^^^^^^^^^^^^^^^^^^^^^^^^^^^^^
  File "D:\AI\stm_microscope\ui\widgets.py", line 1337, in append
    cursor.movePosition(cursor.Start)
                        ^^^^^^^^^^^^
AttributeError: 'PySide6.QtGui.QTextCursor' object has no attribute 'Start'. Did you mean: 'atStart'?
2026-08-03 15:07:48,860 [ERROR] stm: Uncaught exception
Traceback (most recent call last):
  File "D:\AI\stm_microscope\ui\main_window.py", line 334, in _on_log_main
    self.log_panel.append(msg, category)
    ~~~~~~~~~~~~~~~~~~~~~^^^^^^^^^^^^^^^
  File "D:\AI\stm_microscope\ui\widgets.py", line 1337, in append
    cursor.movePosition(cursor.Start)
                        ^^^^^^^^^^^^
AttributeError: 'PySide6.QtGui.QTextCursor' object has no attribute 'Start'. Did you mean: 'atStart'?
2026-08-03 15:07:48,863 [ERROR] stm: Uncaught exception
Traceback (most recent call last):
  File "D:\AI\stm_microscope\ui\main_window.py", line 351, in _on_frame_log_main
    self.log_panel.append(f"{cmd_name}  (无 payload)", direction)
    ~~~~~~~~~~~~~~~~~~~~~^^^^^^^^^^^^^^^^^^^^^^^^^^^^^^^^^^^^^^^^
  File "D:\AI\stm_microscope\ui\widgets.py", line 1337, in append
    cursor.movePosition(cursor.Start)
                        ^^^^^^^^^^^^
AttributeError: 'PySide6.QtGui.QTextCursor' object has no attribute 'Start'. Did you mean: 'atStart'?
2026-08-03 15:07:48,865 [ERROR] stm: Uncaught exception
Traceback (most recent call last):
  File "D:\AI\stm_microscope\ui\main_window.py", line 334, in _on_log_main
    self.log_panel.append(msg, category)
    ~~~~~~~~~~~~~~~~~~~~~^^^^^^^^^^^^^^^
  File "D:\AI\stm_microscope\ui\widgets.py", line 1337, in append
    cursor.movePosition(cursor.Start)
                        ^^^^^^^^^^^^
AttributeError: 'PySide6.QtGui.QTextCursor' object has no attribute 'Start'. Did you mean: 'atStart'?
2026-08-03 15:07:48,868 [ERROR] stm: Uncaught exception
Traceback (most recent call last):
  File "D:\AI\stm_microscope\ui\main_window.py", line 351, in _on_frame_log_main
    self.log_panel.append(f"{cmd_name}  (无 payload)", direction)
    ~~~~~~~~~~~~~~~~~~~~~^^^^^^^^^^^^^^^^^^^^^^^^^^^^^^^^^^^^^^^^
  File "D:\AI\stm_microscope\ui\widgets.py", line 1337, in append
    cursor.movePosition(cursor.Start)
                        ^^^^^^^^^^^^
AttributeError: 'PySide6.QtGui.QTextCursor' object has no attribute 'Start'. Did you mean: 'atStart'?
2026-08-03 15:07:48,870 [ERROR] stm: Uncaught exception
Traceback (most recent call last):
  File "D:\AI\stm_microscope\ui\main_window.py", line 334, in _on_log_main
    self.log_panel.append(msg, category)
    ~~~~~~~~~~~~~~~~~~~~~^^^^^^^^^^^^^^^
  File "D:\AI\stm_microscope\ui\widgets.py", line 1337, in append
    cursor.movePosition(cursor.Start)
                        ^^^^^^^^^^^^
AttributeError: 'PySide6.QtGui.QTextCursor' object has no attribute 'Start'. Did you mean: 'atStart'?
2026-08-03 15:07:48,873 [ERROR] stm: Uncaught exception
Traceback (most recent call last):
  File "D:\AI\stm_microscope\ui\main_window.py", line 351, in _on_frame_log_main
    self.log_panel.append(f"{cmd_name}  (无 payload)", direction)
    ~~~~~~~~~~~~~~~~~~~~~^^^^^^^^^^^^^^^^^^^^^^^^^^^^^^^^^^^^^^^^
  File "D:\AI\stm_microscope\ui\widgets.py", line 1337, in append
    cursor.movePosition(cursor.Start)
                        ^^^^^^^^^^^^
AttributeError: 'PySide6.QtGui.QTextCursor' object has no attribute 'Start'. Did you mean: 'atStart'?
2026-08-03 15:07:48,876 [ERROR] stm: Uncaught exception
Traceback (most recent call last):
  File "D:\AI\stm_microscope\ui\main_window.py", line 334, in _on_log_main
    self.log_panel.append(msg, category)
    ~~~~~~~~~~~~~~~~~~~~~^^^^^^^^^^^^^^^
  File "D:\AI\stm_microscope\ui\widgets.py", line 1337, in append
    cursor.movePosition(cursor.Start)
                        ^^^^^^^^^^^^
AttributeError: 'PySide6.QtGui.QTextCursor' object has no attribute 'Start'. Did you mean: 'atStart'?
2026-08-03 15:07:48,878 [ERROR] stm: Uncaught exception
Traceback (most recent call last):
  File "D:\AI\stm_microscope\ui\main_window.py", line 351, in _on_frame_log_main
    self.log_panel.append(f"{cmd_name}  (无 payload)", direction)
    ~~~~~~~~~~~~~~~~~~~~~^^^^^^^^^^^^^^^^^^^^^^^^^^^^^^^^^^^^^^^^
  File "D:\AI\stm_microscope\ui\widgets.py", line 1337, in append
    cursor.movePosition(cursor.Start)
                        ^^^^^^^^^^^^
AttributeError: 'PySide6.QtGui.QTextCursor' object has no attribute 'Start'. Did you mean: 'atStart'?
2026-08-03 15:07:48,880 [ERROR] stm: Uncaught exception
Traceback (most recent call last):
  File "D:\AI\stm_microscope\ui\main_window.py", line 334, in _on_log_main
    self.log_panel.append(msg, category)
    ~~~~~~~~~~~~~~~~~~~~~^^^^^^^^^^^^^^^
  File "D:\AI\stm_microscope\ui\widgets.py", line 1337, in append
    cursor.movePosition(cursor.Start)
                        ^^^^^^^^^^^^
AttributeError: 'PySide6.QtGui.QTextCursor' object has no attribute 'Start'. Did you mean: 'atStart'?
2026-08-03 15:07:48,883 [ERROR] stm: Uncaught exception
Traceback (most recent call last):
  File "D:\AI\stm_microscope\ui\main_window.py", line 351, in _on_frame_log_main
    self.log_panel.append(f"{cmd_name}  (无 payload)", direction)
    ~~~~~~~~~~~~~~~~~~~~~^^^^^^^^^^^^^^^^^^^^^^^^^^^^^^^^^^^^^^^^
  File "D:\AI\stm_microscope\ui\widgets.py", line 1337, in append
    cursor.movePosition(cursor.Start)
                        ^^^^^^^^^^^^
AttributeError: 'PySide6.QtGui.QTextCursor' object has no attribute 'Start'. Did you mean: 'atStart'?
2026-08-03 15:07:48,885 [ERROR] stm: Uncaught exception
Traceback (most recent call last):
  File "D:\AI\stm_microscope\ui\main_window.py", line 334, in _on_log_main
    self.log_panel.append(msg, category)
    ~~~~~~~~~~~~~~~~~~~~~^^^^^^^^^^^^^^^
  File "D:\AI\stm_microscope\ui\widgets.py", line 1337, in append
    cursor.movePosition(cursor.Start)
                        ^^^^^^^^^^^^
AttributeError: 'PySide6.QtGui.QTextCursor' object has no attribute 'Start'. Did you mean: 'atStart'?
2026-08-03 15:07:48,888 [ERROR] stm: Uncaught exception
Traceback (most recent call last):
  File "D:\AI\stm_microscope\ui\main_window.py", line 351, in _on_frame_log_main
    self.log_panel.append(f"{cmd_name}  (无 payload)", direction)
    ~~~~~~~~~~~~~~~~~~~~~^^^^^^^^^^^^^^^^^^^^^^^^^^^^^^^^^^^^^^^^
  File "D:\AI\stm_microscope\ui\widgets.py", line 1337, in append
    cursor.movePosition(cursor.Start)
                        ^^^^^^^^^^^^
AttributeError: 'PySide6.QtGui.QTextCursor' object has no attribute 'Start'. Did you mean: 'atStart'?
2026-08-03 15:07:48,890 [ERROR] stm: Uncaught exception
Traceback (most recent call last):
  File "D:\AI\stm_microscope\ui\main_window.py", line 334, in _on_log_main
    self.log_panel.append(msg, category)
    ~~~~~~~~~~~~~~~~~~~~~^^^^^^^^^^^^^^^
  File "D:\AI\stm_microscope\ui\widgets.py", line 1337, in append
    cursor.movePosition(cursor.Start)
                        ^^^^^^^^^^^^
AttributeError: 'PySide6.QtGui.QTextCursor' object has no attribute 'Start'. Did you mean: 'atStart'?
2026-08-03 15:07:48,893 [ERROR] stm: Uncaught exception
Traceback (most recent call last):
  File "D:\AI\stm_microscope\ui\main_window.py", line 351, in _on_frame_log_main
    self.log_panel.append(f"{cmd_name}  (无 payload)", direction)
    ~~~~~~~~~~~~~~~~~~~~~^^^^^^^^^^^^^^^^^^^^^^^^^^^^^^^^^^^^^^^^
  File "D:\AI\stm_microscope\ui\widgets.py", line 1337, in append
    cursor.movePosition(cursor.Start)
                        ^^^^^^^^^^^^
AttributeError: 'PySide6.QtGui.QTextCursor' object has no attribute 'Start'. Did you mean: 'atStart'?
2026-08-03 15:07:48,895 [ERROR] stm: Uncaught exception
Traceback (most recent call last):
  File "D:\AI\stm_microscope\ui\main_window.py", line 334, in _on_log_main
    self.log_panel.append(msg, category)
    ~~~~~~~~~~~~~~~~~~~~~^^^^^^^^^^^^^^^
  File "D:\AI\stm_microscope\ui\widgets.py", line 1337, in append
    cursor.movePosition(cursor.Start)
                        ^^^^^^^^^^^^
AttributeError: 'PySide6.QtGui.QTextCursor' object has no attribute 'Start'. Did you mean: 'atStart'?
2026-08-03 15:07:48,897 [ERROR] stm: Uncaught exception
Traceback (most recent call last):
  File "D:\AI\stm_microscope\ui\main_window.py", line 351, in _on_frame_log_main
    self.log_panel.append(f"{cmd_name}  (无 payload)", direction)
    ~~~~~~~~~~~~~~~~~~~~~^^^^^^^^^^^^^^^^^^^^^^^^^^^^^^^^^^^^^^^^
  File "D:\AI\stm_microscope\ui\widgets.py", line 1337, in append
    cursor.movePosition(cursor.Start)
                        ^^^^^^^^^^^^
AttributeError: 'PySide6.QtGui.QTextCursor' object has no attribute 'Start'. Did you mean: 'atStart'?
2026-08-03 15:07:48,899 [ERROR] stm: Uncaught exception
Traceback (most recent call last):
  File "D:\AI\stm_microscope\ui\main_window.py", line 334, in _on_log_main
    self.log_panel.append(msg, category)
    ~~~~~~~~~~~~~~~~~~~~~^^^^^^^^^^^^^^^
  File "D:\AI\stm_microscope\ui\widgets.py", line 1337, in append
    cursor.movePosition(cursor.Start)
                        ^^^^^^^^^^^^
AttributeError: 'PySide6.QtGui.QTextCursor' object has no attribute 'Start'. Did you mean: 'atStart'?
2026-08-03 15:07:48,902 [ERROR] stm: Uncaught exception
Traceback (most recent call last):
  File "D:\AI\stm_microscope\ui\main_window.py", line 351, in _on_frame_log_main
    self.log_panel.append(f"{cmd_name}  (无 payload)", direction)
    ~~~~~~~~~~~~~~~~~~~~~^^^^^^^^^^^^^^^^^^^^^^^^^^^^^^^^^^^^^^^^
  File "D:\AI\stm_microscope\ui\widgets.py", line 1337, in append
    cursor.movePosition(cursor.Start)
                        ^^^^^^^^^^^^
AttributeError: 'PySide6.QtGui.QTextCursor' object has no attribute 'Start'. Did you mean: 'atStart'?
2026-08-03 15:07:48,905 [ERROR] stm: Uncaught exception
Traceback (most recent call last):
  File "D:\AI\stm_microscope\ui\main_window.py", line 334, in _on_log_main
    self.log_panel.append(msg, category)
    ~~~~~~~~~~~~~~~~~~~~~^^^^^^^^^^^^^^^
  File "D:\AI\stm_microscope\ui\widgets.py", line 1337, in append
    cursor.movePosition(cursor.Start)
                        ^^^^^^^^^^^^
AttributeError: 'PySide6.QtGui.QTextCursor' object has no attribute 'Start'. Did you mean: 'atStart'?
2026-08-03 15:07:48,908 [ERROR] stm: Uncaught exception
Traceback (most recent call last):
  File "D:\AI\stm_microscope\ui\main_window.py", line 351, in _on_frame_log_main
    self.log_panel.append(f"{cmd_name}  (无 payload)", direction)
    ~~~~~~~~~~~~~~~~~~~~~^^^^^^^^^^^^^^^^^^^^^^^^^^^^^^^^^^^^^^^^
  File "D:\AI\stm_microscope\ui\widgets.py", line 1337, in append
    cursor.movePosition(cursor.Start)
                        ^^^^^^^^^^^^
AttributeError: 'PySide6.QtGui.QTextCursor' object has no attribute 'Start'. Did you mean: 'atStart'?
2026-08-03 15:07:48,910 [ERROR] stm: Uncaught exception
Traceback (most recent call last):
  File "D:\AI\stm_microscope\ui\main_window.py", line 334, in _on_log_main
    self.log_panel.append(msg, category)
    ~~~~~~~~~~~~~~~~~~~~~^^^^^^^^^^^^^^^
  File "D:\AI\stm_microscope\ui\widgets.py", line 1337, in append
    cursor.movePosition(cursor.Start)
                        ^^^^^^^^^^^^
AttributeError: 'PySide6.QtGui.QTextCursor' object has no attribute 'Start'. Did you mean: 'atStart'?
2026-08-03 15:07:48,913 [ERROR] stm: Uncaught exception
Traceback (most recent call last):
  File "D:\AI\stm_microscope\ui\main_window.py", line 351, in _on_frame_log_main
    self.log_panel.append(f"{cmd_name}  (无 payload)", direction)
    ~~~~~~~~~~~~~~~~~~~~~^^^^^^^^^^^^^^^^^^^^^^^^^^^^^^^^^^^^^^^^
  File "D:\AI\stm_microscope\ui\widgets.py", line 1337, in append
    cursor.movePosition(cursor.Start)
                        ^^^^^^^^^^^^
AttributeError: 'PySide6.QtGui.QTextCursor' object has no attribute 'Start'. Did you mean: 'atStart'?
2026-08-03 15:07:48,915 [ERROR] stm: Uncaught exception
Traceback (most recent call last):
  File "D:\AI\stm_microscope\ui\main_window.py", line 334, in _on_log_main
    self.log_panel.append(msg, category)
    ~~~~~~~~~~~~~~~~~~~~~^^^^^^^^^^^^^^^
  File "D:\AI\stm_microscope\ui\widgets.py", line 1337, in append
    cursor.movePosition(cursor.Start)
                        ^^^^^^^^^^^^
AttributeError: 'PySide6.QtGui.QTextCursor' object has no attribute 'Start'. Did you mean: 'atStart'?
2026-08-03 15:08:12,910 [INFO] transport: connected to COM4
2026-08-03 15:08:46,290 [INFO] transport: disconnect detected: serial error: ClearCommError failed (PermissionError(13, '设备不识别此命令。', None, 22))
2026-08-03 15:12:20,037 [INFO] transport: connected to COM4
2026-08-03 15:12:25,582 [INFO] transport: disconnect detected: serial error: ClearCommError failed (PermissionError(13, '设备不识别此命令。', None, 22))
2026-08-03 15:12:57,526 [INFO] transport: connected to COM4
2026-08-03 15:13:13,763 [INFO] transport: disconnect detected: serial error: ClearCommError failed (PermissionError(13, '设备不识别此命令。', None, 22))
2026-08-03 15:13:37,959 [INFO] transport: connected to COM4
2026-08-03 15:13:42,168 [INFO] controller: STEP_MOTOR: steps=10 speed=2000 payload=0a00d0070000 (6 bytes)
2026-08-03 15:13:50,262 [INFO] controller: STEP_MOTOR: steps=10 speed=2000 payload=0a00d0070000 (6 bytes)
2026-08-03 15:13:51,344 [INFO] controller: STEP_MOTOR: steps=10 speed=2000 payload=0a00d0070000 (6 bytes)
2026-08-03 15:13:54,740 [INFO] controller: STEP_MOTOR: steps=10 speed=2000 payload=0a00d0070000 (6 bytes)
2026-08-03 15:13:55,541 [INFO] controller: STEP_MOTOR: steps=10 speed=2000 payload=0a00d0070000 (6 bytes)
2026-08-03 15:13:58,604 [INFO] controller: STEP_MOTOR: steps=10 speed=2000 payload=0a00d0070000 (6 bytes)
2026-08-03 15:13:59,373 [INFO] controller: STEP_MOTOR: steps=10 speed=2000 payload=0a00d0070000 (6 bytes)
2026-08-03 15:14:00,377 [INFO] controller: STEP_MOTOR: steps=10 speed=2000 payload=0a00d0070000 (6 bytes)
2026-08-03 15:14:03,068 [INFO] controller: STEP_MOTOR: steps=10 speed=2000 payload=0a00d0070000 (6 bytes)
2026-08-03 15:14:05,483 [INFO] transport: disconnect detected: serial error: ClearCommError failed (PermissionError(13, '设备不识别此命令。', None, 22))
2026-08-03 15:15:07,271 [INFO] transport: connected to COM4
2026-08-03 15:24:08,069 [INFO] transport: disconnected
2026-08-03 15:24:08,835 [INFO] transport: connected to COM4
2026-08-03 15:24:09,183 [INFO] transport: disconnect detected: serial error: ClearCommError failed (PermissionError(13, '设备不识别此命令。', None, 22))
2026-08-03 15:24:22,527 [INFO] transport: connected to COM4
2026-08-03 15:24:57,823 [INFO] transport: disconnect detected: serial error: ClearCommError failed (PermissionError(13, '设备不识别此命令。', None, 22))
2026-08-03 15:25:36,952 [INFO] transport: open COM4 failed: could not open port 'COM4': FileNotFoundError(2, '系统找不到指定的文件。', None, 2)
2026-08-03 15:25:59,387 [INFO] transport: connected to COM4
2026-08-03 15:26:54,775 [INFO] transport: disconnect detected: serial error: ClearCommError failed (PermissionError(13, '设备不识别此命令。', None, 22))
2026-08-03 15:33:53,751 [INFO] transport: connected to COM4
2026-08-03 15:34:44,523 [INFO] transport: disconnect detected: serial error: ClearCommError failed (PermissionError(13, '设备不识别此命令。', None, 22))
2026-08-03 15:35:34,756 [INFO] transport: connected to COM4
2026-08-03 15:36:30,380 [INFO] transport: disconnect detected: serial error: ClearCommError failed (PermissionError(13, '设备不识别此命令。', None, 22))
2026-08-03 15:53:29,558 [INFO] transport: connected to COM4
2026-08-03 15:54:47,947 [INFO] transport: disconnected
2026-08-03 15:54:49,078 [INFO] transport: connected to COM4
2026-08-03 15:55:43,066 [INFO] transport: disconnected
2026-08-03 15:55:44,487 [INFO] transport: connected to COM4
2026-08-03 15:55:51,472 [INFO] controller: STEP_MOTOR: steps=10 speed=2000 payload=0a00d0070000 (6 bytes)
2026-08-03 15:56:02,868 [INFO] transport: disconnect detected: serial error: ClearCommError failed (PermissionError(13, '设备不识别此命令。', None, 22))
2026-08-03 16:01:49,154 [INFO] transport: open COM4 failed: could not open port 'COM4': FileNotFoundError(2, '系统找不到指定的文件。', None, 2)
2026-08-03 16:02:09,977 [INFO] transport: connected to COM4
2026-08-03 16:03:11,324 [INFO] transport: disconnect detected: serial error: ClearCommError failed (PermissionError(13, '设备不识别此命令。', None, 22))
2026-08-03 16:03:22,073 [INFO] transport: connected to COM4
2026-08-03 16:04:47,232 [INFO] transport: disconnect detected: serial error: ClearCommError failed (PermissionError(13, '设备不识别此命令。', None, 22))
2026-08-03 16:04:50,854 [INFO] transport: connected to COM4
2026-08-03 16:05:35,884 [INFO] transport: disconnect detected: serial error: ClearCommError failed (PermissionError(13, '设备不识别此命令。', None, 22))
2026-08-03 16:05:51,128 [INFO] transport: connected to COM4
2026-08-03 16:05:59,539 [INFO] controller: STEP_MOTOR: steps=1 speed=2000 payload=0100d0070000 (6 bytes)
2026-08-03 16:06:21,593 [INFO] transport: disconnect detected: serial error: ClearCommError failed (PermissionError(13, '设备不识别此命令。', None, 22))
2026-08-03 16:07:48,128 [INFO] transport: connected to COM4
2026-08-03 16:07:50,995 [INFO] controller: STEP_MOTOR: steps=1 speed=2000 payload=0100d0070000 (6 bytes)
2026-08-03 16:09:14,093 [INFO] transport: disconnected
2026-08-03 16:09:14,792 [INFO] transport: connected to COM4
2026-08-03 16:09:19,620 [INFO] controller: STEP_MOTOR: steps=1 speed=2000 payload=0100d0070000 (6 bytes)
2026-08-03 16:09:21,400 [INFO] controller: STEP_MOTOR: steps=1 speed=2000 payload=0100d0070000 (6 bytes)
2026-08-03 16:09:21,966 [INFO] controller: STEP_MOTOR: steps=1 speed=2000 payload=0100d0070000 (6 bytes)
2026-08-03 16:09:22,335 [INFO] controller: STEP_MOTOR: steps=1 speed=2000 payload=0100d0070000 (6 bytes)
2026-08-03 16:09:22,650 [INFO] controller: STEP_MOTOR: steps=1 speed=2000 payload=0100d0070000 (6 bytes)
2026-08-03 16:09:22,890 [INFO] controller: STEP_MOTOR: steps=1 speed=2000 payload=0100d0070000 (6 bytes)
2026-08-03 16:09:23,103 [INFO] controller: STEP_MOTOR: steps=1 speed=2000 payload=0100d0070000 (6 bytes)
2026-08-03 16:10:04,344 [INFO] transport: disconnect detected: serial error: ClearCommError failed (PermissionError(13, '设备不识别此命令。', None, 22))
2026-08-03 16:10:29,092 [INFO] transport: connected to COM4
2026-08-03 16:10:31,170 [INFO] controller: STEP_MOTOR: steps=2000 speed=2000 payload=d007d0070000 (6 bytes)
2026-08-03 16:10:44,791 [INFO] controller: STEP_MOTOR: steps=2000 speed=2000 payload=d007d0070000 (6 bytes)
2026-08-03 16:11:24,928 [INFO] transport: disconnect detected: serial error: ClearCommError failed (PermissionError(13, '设备不识别此命令。', None, 22))
